{"obj": {"type": "AssignString", "path": ["sys", "name"], "value": "PAMAE_avenue"}, "version": 1, "at": 1730799666.6621757}
{"obj": {"type": "AssignString", "path": ["sys", "description"], "value": ""}, "version": 2, "at": 1730799666.662739}
{"obj": {"type": "AssignString", "path": ["monitoring", "552629ed", "hostname"], "value": "quan"}, "version": 3, "at": 1730799666.6630235}
{"obj": {"type": "AssignString", "path": ["sys", "hostname"], "value": "quan"}, "version": 4, "at": 1730799666.6632416}
{"obj": {"type": "AssignString", "path": ["monitoring", "552629ed", "pid"], "value": "660575"}, "version": 5, "at": 1730799666.6634386}
{"obj": {"type": "AssignString", "path": ["monitoring", "552629ed", "tid"], "value": "140051254355776"}, "version": 6, "at": 1730799666.663634}
{"obj": {"type": "AssignBool", "path": ["sys", "failed"], "value": false}, "version": 7, "at": 1730799666.663816}
{"obj": {"type": "ClearStringLog", "path": ["monitoring", "552629ed", "stdout"]}, "version": 8, "at": 1730799666.6641197}
{"obj": {"type": "ClearStringLog", "path": ["monitoring", "552629ed", "stderr"]}, "version": 9, "at": 1730799666.6642942}
{"obj": {"type": "AssignString", "path": ["source_code", "entrypoint"], "value": "main.py"}, "version": 10, "at": 1730799666.6654267}
{"obj": {"type": "UploadFileSet", "path": ["source_code", "files"], "file_globs": ["/home/quan/VAD/main.py"], "reset": "False"}, "version": 11, "at": 1730799666.6656954}
{"obj": {"type": "ConfigFloatSeries", "path": ["monitoring", "552629ed", "cpu"], "min": 0.0, "max": 100.0, "unit": "%"}, "version": 12, "at": 1730799666.6868815}
{"obj": {"type": "ClearFloatLog", "path": ["monitoring", "552629ed", "cpu"]}, "version": 13, "at": 1730799666.687153}
{"obj": {"type": "ConfigFloatSeries", "path": ["monitoring", "552629ed", "memory"], "min": 0.0, "max": 30.888259887695312, "unit": "GB"}, "version": 14, "at": 1730799666.6874502}
{"obj": {"type": "ClearFloatLog", "path": ["monitoring", "552629ed", "memory"]}, "version": 15, "at": 1730799666.6875727}
{"obj": {"type": "ConfigFloatSeries", "path": ["monitoring", "552629ed", "gpu"], "min": 0.0, "max": 100.0, "unit": "%"}, "version": 16, "at": 1730799666.687803}
{"obj": {"type": "ClearFloatLog", "path": ["monitoring", "552629ed", "gpu"]}, "version": 17, "at": 1730799666.687917}
{"obj": {"type": "ConfigFloatSeries", "path": ["monitoring", "552629ed", "gpu_memory"], "min": 0.0, "max": 16.0, "unit": "GB"}, "version": 18, "at": 1730799666.6881337}
{"obj": {"type": "ClearFloatLog", "path": ["monitoring", "552629ed", "gpu_memory"]}, "version": 19, "at": 1730799666.6882353}
{"obj": {"type": "ConfigFloatSeries", "path": ["monitoring", "552629ed", "gpu_power"], "min": 0.0, "max": 230, "unit": "W"}, "version": 20, "at": 1730799666.688447}
{"obj": {"type": "ClearFloatLog", "path": ["monitoring", "552629ed", "gpu_power"]}, "version": 21, "at": 1730799666.6885383}
{"obj": {"type": "AssignString", "path": ["parameters", "output_dir"], "value": "/home/quan/VAD/output/test/PAMAE/PAMAE_OBJ/avenue/session_2024_11_04_22_58_55/session_2024_11_05_16_41_01"}, "version": 22, "at": 1730799666.6901052}
{"obj": {"type": "AssignString", "path": ["parameters", "phase"], "value": "test"}, "version": 23, "at": 1730799666.6908205}
{"obj": {"type": "AssignString", "path": ["parameters", "device"], "value": "cuda:0"}, "version": 24, "at": 1730799666.6912537}
{"obj": {"type": "AssignString", "path": ["parameters", "model"], "value": "PAMAE"}, "version": 25, "at": 1730799666.6917973}
{"obj": {"type": "AssignString", "path": ["parameters", "method"], "value": "PAMAE_OBJ"}, "version": 26, "at": 1730799666.6920102}
{"obj": {"type": "AssignString", "path": ["parameters", "dataset"], "value": "avenue"}, "version": 27, "at": 1730799666.6922078}
{"obj": {"type": "AssignInt", "path": ["parameters", "epochs"], "value": 50}, "version": 28, "at": 1730799666.6925294}
{"obj": {"type": "AssignInt", "path": ["parameters", "batch_size"], "value": 4}, "version": 29, "at": 1730799666.6928558}
{"obj": {"type": "AssignString", "path": ["parameters", "optimizer"], "value": "Adam"}, "version": 30, "at": 1730799666.6930575}
{"obj": {"type": "AssignString", "path": ["parameters", "lr"], "value": "2e-4"}, "version": 31, "at": 1730799666.693252}
{"obj": {"type": "UploadFile", "path": ["config"], "ext": "yaml", "file_path": "/home/quan/VAD/system/PAMAE/PAMAE_OBJ/avenue.yaml", "tmp_file_name": null, "clean_after_upload": false}, "version": 32, "at": 1730799666.6939538}
{"obj": {"type": "LogFloats", "path": ["monitoring", "552629ed", "memory"], "values": [{"value": 6.266532897949219, "step": null, "ts": 1730799666.688986}]}, "version": 33, "at": 1730799666.6947322}
{"obj": {"type": "LogFloats", "path": ["monitoring", "552629ed", "gpu_memory"], "values": [{"value": 0.46539306640625, "step": null, "ts": 1730799666.688986}]}, "version": 34, "at": 1730799666.6958086}
{"obj": {"type": "LogFloats", "path": ["monitoring", "552629ed", "gpu_power"], "values": [{"value": 6.333, "step": null, "ts": 1730799666.688986}]}, "version": 35, "at": 1730799666.6970403}
{"obj": {"type": "LogStrings", "path": ["monitoring", "552629ed", "stdout"], "values": [{"value": "dataset_path = ", "step": null, "ts": 1730799666.6988597}]}, "version": 36, "at": 1730799666.698984}
{"obj": {"type": "LogStrings", "path": ["monitoring", "552629ed", "stdout"], "values": [{"value": " ", "step": null, "ts": 1730799666.6993365}]}, "version": 37, "at": 1730799666.6993937}
{"obj": {"type": "LogStrings", "path": ["monitoring", "552629ed", "stdout"], "values": [{"value": "/home/quan/VAD/dataset/avenue/testing", "step": null, "ts": 1730799666.6996832}]}, "version": 38, "at": 1730799666.6997325}
{"obj": {"type": "LogStrings", "path": ["monitoring", "552629ed", "stdout"], "values": [{"value": "\n", "step": null, "ts": 1730799666.6999571}]}, "version": 39, "at": 1730799666.700002}
{"obj": {"type": "LogStrings", "path": ["monitoring", "552629ed", "stdout"], "values": [{"value": "The directory '/home/quan/VAD/dataset/avenue/testing' exists and is a directory.", "step": null, "ts": 1730799666.7002313}]}, "version": 40, "at": 1730799666.700274}
{"obj": {"type": "LogStrings", "path": ["monitoring", "552629ed", "stdout"], "values": [{"value": "\n", "step": null, "ts": 1730799666.700479}]}, "version": 41, "at": 1730799666.7005196}
{"obj": {"type": "LogStrings", "path": ["monitoring", "552629ed", "stdout"], "values": [{"value": "len(dirs) =", "step": null, "ts": 1730799666.7007089}]}, "version": 42, "at": 1730799666.7007482}
{"obj": {"type": "LogStrings", "path": ["monitoring", "552629ed", "stdout"], "values": [{"value": " ", "step": null, "ts": 1730799666.7009552}]}, "version": 43, "at": 1730799666.7009943}
{"obj": {"type": "LogStrings", "path": ["monitoring", "552629ed", "stdout"], "values": [{"value": "21", "step": null, "ts": 1730799666.701205}]}, "version": 44, "at": 1730799666.7012439}
{"obj": {"type": "LogStrings", "path": ["monitoring", "552629ed", "stdout"], "values": [{"value": "\n", "step": null, "ts": 1730799666.7014458}]}, "version": 45, "at": 1730799666.7014844}
{"obj": {"type": "LogStrings", "path": ["monitoring", "552629ed", "stdout"], "values": [{"value": "len(self.videos) = ", "step": null, "ts": 1730799666.8757184}]}, "version": 46, "at": 1730799666.8758082}
{"obj": {"type": "LogStrings", "path": ["monitoring", "552629ed", "stdout"], "values": [{"value": " ", "step": null, "ts": 1730799666.8973906}]}, "version": 47, "at": 1730799666.8974717}
{"obj": {"type": "LogStrings", "path": ["monitoring", "552629ed", "stdout"], "values": [{"value": "21", "step": null, "ts": 1730799666.8981917}]}, "version": 48, "at": 1730799666.898245}
{"obj": {"type": "LogStrings", "path": ["monitoring", "552629ed", "stdout"], "values": [{"value": "\n", "step": null, "ts": 1730799666.8985512}]}, "version": 49, "at": 1730799666.8985999}
{"obj": {"type": "LogStrings", "path": ["monitoring", "552629ed", "stdout"], "values": [{"value": "len(self.clips) = ", "step": null, "ts": 1730799666.8988965}]}, "version": 50, "at": 1730799666.8989432}
{"obj": {"type": "LogStrings", "path": ["monitoring", "552629ed", "stdout"], "values": [{"value": " ", "step": null, "ts": 1730799666.8991845}]}, "version": 51, "at": 1730799666.8992279}
{"obj": {"type": "LogStrings", "path": ["monitoring", "552629ed", "stdout"], "values": [{"value": "15240", "step": null, "ts": 1730799666.8994577}]}, "version": 52, "at": 1730799666.8994994}
{"obj": {"type": "LogStrings", "path": ["monitoring", "552629ed", "stdout"], "values": [{"value": "\n", "step": null, "ts": 1730799666.899743}]}, "version": 53, "at": 1730799666.899783}
{"obj": {"type": "LogStrings", "path": ["monitoring", "552629ed", "stdout"], "values": [{"value": "len(self.clips_by_video) = ", "step": null, "ts": 1730799666.90004}]}, "version": 54, "at": 1730799666.9000802}
{"obj": {"type": "LogStrings", "path": ["monitoring", "552629ed", "stdout"], "values": [{"value": " ", "step": null, "ts": 1730799666.900357}]}, "version": 55, "at": 1730799666.9003968}
{"obj": {"type": "LogStrings", "path": ["monitoring", "552629ed", "stdout"], "values": [{"value": "21", "step": null, "ts": 1730799666.9005733}]}, "version": 56, "at": 1730799666.9006112}
{"obj": {"type": "LogStrings", "path": ["monitoring", "552629ed", "stdout"], "values": [{"value": "\n", "step": null, "ts": 1730799666.9008405}]}, "version": 57, "at": 1730799666.9008791}
{"obj": {"type": "LogStrings", "path": ["monitoring", "552629ed", "stdout"], "values": [{"value": "self.data_clip['read_format'] = ", "step": null, "ts": 1730799666.901104}]}, "version": 58, "at": 1730799666.9011421}
{"obj": {"type": "LogStrings", "path": ["monitoring", "552629ed", "stdout"], "values": [{"value": " ", "step": null, "ts": 1730799666.901366}]}, "version": 59, "at": 1730799666.9014037}
{"obj": {"type": "LogStrings", "path": ["monitoring", "552629ed", "stdout"], "values": [{"value": "PIL", "step": null, "ts": 1730799666.9017143}]}, "version": 60, "at": 1730799666.9017546}
{"obj": {"type": "LogStrings", "path": ["monitoring", "552629ed", "stdout"], "values": [{"value": "\n", "step": null, "ts": 1730799666.901934}]}, "version": 61, "at": 1730799666.9019701}
{"obj": {"type": "LogStrings", "path": ["monitoring", "552629ed", "stdout"], "values": [{"value": "Number of samples in TEST dataset: 21", "step": null, "ts": 1730799666.9022126}]}, "version": 62, "at": 1730799666.9022496}
{"obj": {"type": "LogStrings", "path": ["monitoring", "552629ed", "stdout"], "values": [{"value": "\n", "step": null, "ts": 1730799666.9024694}]}, "version": 63, "at": 1730799666.9025073}
{"obj": {"type": "LogStrings", "path": ["monitoring", "552629ed", "stdout"], "values": [{"value": "__call__(): self.dataset_name = avenue", "step": null, "ts": 1730799666.9027336}]}, "version": 64, "at": 1730799666.9027712}
{"obj": {"type": "LogStrings", "path": ["monitoring", "552629ed", "stdout"], "values": [{"value": "\n", "step": null, "ts": 1730799666.9029777}]}, "version": 65, "at": 1730799666.9030387}
{"obj": {"type": "LogStrings", "path": ["monitoring", "552629ed", "stdout"], "values": [{"value": "=> Creating a new directory: /home/quan/VAD/output/test/PAMAE/PAMAE_OBJ/avenue/session_2024_11_04_22_58_55/session_2024_11_05_16_41_01/visualization", "step": null, "ts": 1730799666.9082708}]}, "version": 66, "at": 1730799666.9083157}
{"obj": {"type": "LogStrings", "path": ["monitoring", "552629ed", "stdout"], "values": [{"value": "\n", "step": null, "ts": 1730799666.9086323}]}, "version": 67, "at": 1730799666.908673}
{"obj": {"type": "LogStrings", "path": ["monitoring", "552629ed", "stdout"], "values": [{"value": "self.m_items.shape = torch.Size([10, 512])", "step": null, "ts": 1730799666.928781}]}, "version": 68, "at": 1730799666.9288557}
{"obj": {"type": "LogStrings", "path": ["monitoring", "552629ed", "stdout"], "values": [{"value": "\n", "step": null, "ts": 1730799666.929841}]}, "version": 69, "at": 1730799666.9299}
{"obj": {"type": "LogStrings", "path": ["monitoring", "552629ed", "stdout"], "values": [{"value": "Finish: SF_MultiLoss()", "step": null, "ts": 1730799667.1667233}]}, "version": 70, "at": 1730799667.16677}
{"obj": {"type": "LogStrings", "path": ["monitoring", "552629ed", "stdout"], "values": [{"value": "\n", "step": null, "ts": 1730799667.1670287}]}, "version": 71, "at": 1730799667.167048}
{"obj": {"type": "LogStrings", "path": ["monitoring", "552629ed", "stdout"], "values": [{"value": "Finish: SF_KF_MultiLoss()", "step": null, "ts": 1730799667.1672883}]}, "version": 72, "at": 1730799667.167304}
{"obj": {"type": "LogStrings", "path": ["monitoring", "552629ed", "stdout"], "values": [{"value": "\n", "step": null, "ts": 1730799667.167444}]}, "version": 73, "at": 1730799667.1675425}
{"obj": {"type": "LogStrings", "path": ["monitoring", "552629ed", "stdout"], "values": [{"value": "dataset_path =", "step": null, "ts": 1730799667.187252}]}, "version": 74, "at": 1730799667.1873004}
{"obj": {"type": "LogStrings", "path": ["monitoring", "552629ed", "stdout"], "values": [{"value": " ", "step": null, "ts": 1730799667.187634}]}, "version": 75, "at": 1730799667.1876662}
{"obj": {"type": "LogStrings", "path": ["monitoring", "552629ed", "stdout"], "values": [{"value": "/home/quan/VAD/dataset/avenue/training_KF_EN", "step": null, "ts": 1730799667.1877897}]}, "version": 76, "at": 1730799667.187813}
{"obj": {"type": "LogStrings", "path": ["monitoring", "552629ed", "stdout"], "values": [{"value": "\n", "step": null, "ts": 1730799667.1879601}]}, "version": 77, "at": 1730799667.1879828}
{"obj": {"type": "LogStrings", "path": ["monitoring", "552629ed", "stdout"], "values": [{"value": "/home/quan/VAD/dataset/avenue/training_KF_EN is NOT exists !!!", "step": null, "ts": 1730799667.1881242}]}, "version": 78, "at": 1730799667.1881459}
{"obj": {"type": "LogStrings", "path": ["monitoring", "552629ed", "stdout"], "values": [{"value": "\n", "step": null, "ts": 1730799667.1885808}]}, "version": 79, "at": 1730799667.1886044}
{"obj": {"type": "LogStrings", "path": ["monitoring", "552629ed", "stdout"], "values": [{"value": "dataset_path =", "step": null, "ts": 1730799667.1886985}]}, "version": 80, "at": 1730799667.1887195}
{"obj": {"type": "LogStrings", "path": ["monitoring", "552629ed", "stdout"], "values": [{"value": " ", "step": null, "ts": 1730799667.1888194}]}, "version": 81, "at": 1730799667.1888397}
{"obj": {"type": "LogStrings", "path": ["monitoring", "552629ed", "stdout"], "values": [{"value": "/home/quan/VAD/dataset/avenue/training_OBJ", "step": null, "ts": 1730799667.1894116}]}, "version": 82, "at": 1730799667.1894336}
{"obj": {"type": "LogStrings", "path": ["monitoring", "552629ed", "stdout"], "values": [{"value": "\n", "step": null, "ts": 1730799667.1897979}]}, "version": 83, "at": 1730799667.1898248}
{"obj": {"type": "LogStrings", "path": ["monitoring", "552629ed", "stdout"], "values": [{"value": "The directory '/home/quan/VAD/dataset/avenue/training_OBJ' exists and is a directory.", "step": null, "ts": 1730799667.1899328}]}, "version": 84, "at": 1730799667.1899529}
{"obj": {"type": "LogStrings", "path": ["monitoring", "552629ed", "stdout"], "values": [{"value": "\n", "step": null, "ts": 1730799667.191138}]}, "version": 85, "at": 1730799667.191163}
{"obj": {"type": "LogStrings", "path": ["monitoring", "552629ed", "stdout"], "values": [{"value": "len(dirs) =", "step": null, "ts": 1730799667.191272}]}, "version": 86, "at": 1730799667.1912935}
{"obj": {"type": "LogStrings", "path": ["monitoring", "552629ed", "stdout"], "values": [{"value": " ", "step": null, "ts": 1730799667.191832}]}, "version": 87, "at": 1730799667.1918542}
{"obj": {"type": "LogStrings", "path": ["monitoring", "552629ed", "stdout"], "values": [{"value": "24", "step": null, "ts": 1730799667.1920524}]}, "version": 88, "at": 1730799667.1920736}
{"obj": {"type": "LogStrings", "path": ["monitoring", "552629ed", "stdout"], "values": [{"value": "\n", "step": null, "ts": 1730799667.1925876}]}, "version": 89, "at": 1730799667.192609}
{"obj": {"type": "LogStrings", "path": ["monitoring", "552629ed", "stdout"], "values": [{"value": "len(self.videos) = ", "step": null, "ts": 1730799667.2021916}]}, "version": 90, "at": 1730799667.2022407}
{"obj": {"type": "LogStrings", "path": ["monitoring", "552629ed", "stdout"], "values": [{"value": " ", "step": null, "ts": 1730799667.2026138}]}, "version": 91, "at": 1730799667.2026505}
{"obj": {"type": "LogStrings", "path": ["monitoring", "552629ed", "stdout"], "values": [{"value": "24", "step": null, "ts": 1730799667.2030842}]}, "version": 92, "at": 1730799667.2031171}
{"obj": {"type": "LogStrings", "path": ["monitoring", "552629ed", "stdout"], "values": [{"value": "\n", "step": null, "ts": 1730799667.2032478}]}, "version": 93, "at": 1730799667.2032773}
{"obj": {"type": "LogStrings", "path": ["monitoring", "552629ed", "stdout"], "values": [{"value": "len(self.clips) = ", "step": null, "ts": 1730799667.203396}]}, "version": 94, "at": 1730799667.203424}
{"obj": {"type": "LogStrings", "path": ["monitoring", "552629ed", "stdout"], "values": [{"value": " ", "step": null, "ts": 1730799667.2035396}]}, "version": 95, "at": 1730799667.203566}
{"obj": {"type": "LogStrings", "path": ["monitoring", "552629ed", "stdout"], "values": [{"value": "724", "step": null, "ts": 1730799667.2036767}]}, "version": 96, "at": 1730799667.2037022}
{"obj": {"type": "LogStrings", "path": ["monitoring", "552629ed", "stdout"], "values": [{"value": "\n", "step": null, "ts": 1730799667.2038136}]}, "version": 97, "at": 1730799667.203839}
{"obj": {"type": "LogStrings", "path": ["monitoring", "552629ed", "stdout"], "values": [{"value": "len(self.clips_by_video) = ", "step": null, "ts": 1730799667.2039676}]}, "version": 98, "at": 1730799667.204001}
{"obj": {"type": "LogStrings", "path": ["monitoring", "552629ed", "stdout"], "values": [{"value": " ", "step": null, "ts": 1730799667.2041485}]}, "version": 99, "at": 1730799667.204182}
{"obj": {"type": "LogStrings", "path": ["monitoring", "552629ed", "stdout"], "values": [{"value": "24", "step": null, "ts": 1730799667.2043688}]}, "version": 100, "at": 1730799667.2044032}
{"obj": {"type": "LogStrings", "path": ["monitoring", "552629ed", "stdout"], "values": [{"value": "\n", "step": null, "ts": 1730799667.204555}]}, "version": 101, "at": 1730799667.2045887}
{"obj": {"type": "LogStrings", "path": ["monitoring", "552629ed", "stdout"], "values": [{"value": "self.data_clip['read_format'] = ", "step": null, "ts": 1730799667.2047346}]}, "version": 102, "at": 1730799667.2047672}
{"obj": {"type": "LogStrings", "path": ["monitoring", "552629ed", "stdout"], "values": [{"value": " ", "step": null, "ts": 1730799667.2049108}]}, "version": 103, "at": 1730799667.204944}
{"obj": {"type": "LogStrings", "path": ["monitoring", "552629ed", "stdout"], "values": [{"value": "PIL", "step": null, "ts": 1730799667.205087}]}, "version": 104, "at": 1730799667.20512}
{"obj": {"type": "LogStrings", "path": ["monitoring", "552629ed", "stdout"], "values": [{"value": "\n", "step": null, "ts": 1730799667.2052615}]}, "version": 105, "at": 1730799667.2052937}
{"obj": {"type": "LogStrings", "path": ["monitoring", "552629ed", "stdout"], "values": [{"value": "Number of samples in TRAIN dataset OBJECT: 724", "step": null, "ts": 1730799667.2054336}]}, "version": 106, "at": 1730799667.205466}
{"obj": {"type": "LogStrings", "path": ["monitoring", "552629ed", "stdout"], "values": [{"value": "\n", "step": null, "ts": 1730799667.2056093}]}, "version": 107, "at": 1730799667.2056422}
{"obj": {"type": "LogStrings", "path": ["monitoring", "552629ed", "stdout"], "values": [{"value": "call: load_checkpoint() in PAMAEModel", "step": null, "ts": 1730799667.2057843}]}, "version": 108, "at": 1730799667.2058177}
{"obj": {"type": "LogStrings", "path": ["monitoring", "552629ed", "stdout"], "values": [{"value": "\n", "step": null, "ts": 1730799667.2059598}]}, "version": 109, "at": 1730799667.205993}
{"obj": {"type": "LogStrings", "path": ["monitoring", "552629ed", "stdout"], "values": [{"value": "The file 'output/train/PAMAE/PAMAE_OBJ/avenue/session_2024_11_04_22_58_55/checkpoint/epoch_50.pth' exists.", "step": null, "ts": 1730799667.2061365}]}, "version": 110, "at": 1730799667.2061706}
{"obj": {"type": "LogStrings", "path": ["monitoring", "552629ed", "stdout"], "values": [{"value": "\n", "step": null, "ts": 1730799667.2063181}]}, "version": 111, "at": 1730799667.206351}
{"obj": {"type": "LogStrings", "path": ["monitoring", "552629ed", "stdout"], "values": [{"value": "=======>>> scheduler_state_dict EXIST in checkpoint!!!", "step": null, "ts": 1730799668.5328407}]}, "version": 112, "at": 1730799668.5329385}
{"obj": {"type": "LogStrings", "path": ["monitoring", "552629ed", "stdout"], "values": [{"value": "\n", "step": null, "ts": 1730799668.5334113}]}, "version": 113, "at": 1730799668.5334723}
{"obj": {"type": "LogStrings", "path": ["monitoring", "552629ed", "stdout"], "values": [{"value": "=======>>> load_scheduler", "step": null, "ts": 1730799668.5337431}]}, "version": 114, "at": 1730799668.533791}
{"obj": {"type": "LogStrings", "path": ["monitoring", "552629ed", "stdout"], "values": [{"value": "\n", "step": null, "ts": 1730799668.5340037}]}, "version": 115, "at": 1730799668.5340466}
{"obj": {"type": "LogStrings", "path": ["monitoring", "552629ed", "stdout"], "values": [{"value": "self.m_items.shape = torch.Size([10, 512])", "step": null, "ts": 1730799668.534248}]}, "version": 116, "at": 1730799668.5342891}
{"obj": {"type": "LogStrings", "path": ["monitoring", "552629ed", "stdout"], "values": [{"value": "\n", "step": null, "ts": 1730799668.5344846}]}, "version": 117, "at": 1730799668.5345252}
{"obj": {"type": "LogStrings", "path": ["monitoring", "552629ed", "stdout"], "values": [{"value": "[1/21]", "step": null, "ts": 1730799676.5371203}]}, "version": 118, "at": 1730799676.5372267}
{"obj": {"type": "LogStrings", "path": ["monitoring", "552629ed", "stdout"], "values": [{"value": "\n", "step": null, "ts": 1730799676.5378022}]}, "version": 119, "at": 1730799676.5378299}
{"obj": {"type": "LogStrings", "path": ["monitoring", "552629ed", "stderr"], "values": [{"value": "\r  0%|                                                                                                                                                              | 0/1435 [00:00<?, ?it/s]", "step": null, "ts": 1730799676.539461}]}, "version": 120, "at": 1730799676.5394962}
{"obj": {"type": "LogFloats", "path": ["monitoring", "552629ed", "cpu"], "values": [{"value": 36.4, "step": null, "ts": 1730799676.698917}]}, "version": 121, "at": 1730799676.7019498}
{"obj": {"type": "LogFloats", "path": ["monitoring", "552629ed", "memory"], "values": [{"value": 9.400798797607422, "step": null, "ts": 1730799676.698917}]}, "version": 122, "at": 1730799676.7023687}
{"obj": {"type": "LogFloats", "path": ["monitoring", "552629ed", "gpu"], "values": [{"value": 22.0, "step": null, "ts": 1730799676.698917}]}, "version": 123, "at": 1730799676.7026486}
{"obj": {"type": "LogFloats", "path": ["monitoring", "552629ed", "gpu_memory"], "values": [{"value": 1.63995361328125, "step": null, "ts": 1730799676.698917}]}, "version": 124, "at": 1730799676.7028954}
{"obj": {"type": "LogFloats", "path": ["monitoring", "552629ed", "gpu_power"], "values": [{"value": 42.127, "step": null, "ts": 1730799676.698917}]}, "version": 125, "at": 1730799676.7032166}
{"obj": {"type": "LogStrings", "path": ["monitoring", "552629ed", "stderr"], "values": [{"value": "\r  0%|                                                                                                                                                      | 1/1435 [00:01<37:19,  1.56s/it]", "step": null, "ts": 1730799678.1018884}]}, "version": 126, "at": 1730799678.1020353}
{"obj": {"type": "LogStrings", "path": ["monitoring", "552629ed", "stderr"], "values": [{"value": "\r  0%|\u258c                                                                                                                                                     | 5/1435 [00:01<06:18,  3.78it/s]", "step": null, "ts": 1730799678.2509873}]}, "version": 127, "at": 1730799678.2511742}
{"obj": {"type": "LogStrings", "path": ["monitoring", "552629ed", "stderr"], "values": [{"value": "\r  1%|\u2588\u258f                                                                                                                                                   | 12/1435 [00:01<02:15, 10.52it/s]", "step": null, "ts": 1730799678.35892}]}, "version": 128, "at": 1730799678.3590596}
{"obj": {"type": "LogStrings", "path": ["monitoring", "552629ed", "stderr"], "values": [{"value": "\r  1%|\u2588\u2589                                                                                                                                                   | 19/1435 [00:01<01:18, 17.96it/s]", "step": null, "ts": 1730799678.4652643}]}, "version": 129, "at": 1730799678.465382}
{"obj": {"type": "LogStrings", "path": ["monitoring", "552629ed", "stderr"], "values": [{"value": "\r  2%|\u2588\u2588\u258b                                                                                                                                                  | 26/1435 [00:02<00:54, 25.69it/s]", "step": null, "ts": 1730799678.571183}]}, "version": 130, "at": 1730799678.5712981}
{"obj": {"type": "LogStrings", "path": ["monitoring", "552629ed", "stderr"], "values": [{"value": "\r  2%|\u2588\u2588\u2588\u258d                                                                                                                                                 | 33/1435 [00:02<00:42, 33.18it/s]", "step": null, "ts": 1730799678.6779768}]}, "version": 131, "at": 1730799678.678116}
{"obj": {"type": "LogStrings", "path": ["monitoring", "552629ed", "stderr"], "values": [{"value": "\r  3%|\u2588\u2588\u2588\u2588\u258f                                                                                                                                                | 40/1435 [00:02<00:34, 40.10it/s]", "step": null, "ts": 1730799678.783938}]}, "version": 132, "at": 1730799678.7840304}
{"obj": {"type": "LogStrings", "path": ["monitoring", "552629ed", "stderr"], "values": [{"value": "\r  3%|\u2588\u2588\u2588\u2588\u2589                                                                                                                                                | 47/1435 [00:02<00:30, 45.92it/s]", "step": null, "ts": 1730799678.8916051}]}, "version": 133, "at": 1730799678.8917317}
{"obj": {"type": "LogStrings", "path": ["monitoring", "552629ed", "stderr"], "values": [{"value": "\r  4%|\u2588\u2588\u2588\u2588\u2588\u258c                                                                                                                                               | 54/1435 [00:02<00:27, 50.49it/s]", "step": null, "ts": 1730799679.0010843}]}, "version": 134, "at": 1730799679.0011742}
{"obj": {"type": "LogStrings", "path": ["monitoring", "552629ed", "stderr"], "values": [{"value": "\r  4%|\u2588\u2588\u2588\u2588\u2588\u2588\u258e                                                                                                                                              | 61/1435 [00:02<00:25, 54.32it/s]", "step": null, "ts": 1730799679.1085992}]}, "version": 135, "at": 1730799679.10866}
{"obj": {"type": "LogStrings", "path": ["monitoring", "552629ed", "stderr"], "values": [{"value": "\r  5%|\u2588\u2588\u2588\u2588\u2588\u2588\u2588                                                                                                                                              | 68/1435 [00:02<00:23, 57.78it/s]", "step": null, "ts": 1730799679.2125866}]}, "version": 136, "at": 1730799679.2128506}
{"obj": {"type": "LogStrings", "path": ["monitoring", "552629ed", "stderr"], "values": [{"value": "\r  5%|\u2588\u2588\u2588\u2588\u2588\u2588\u2588\u258a                                                                                                                                             | 75/1435 [00:02<00:22, 60.03it/s]", "step": null, "ts": 1730799679.3189166}]}, "version": 137, "at": 1730799679.3189878}
{"obj": {"type": "LogStrings", "path": ["monitoring", "552629ed", "stderr"], "values": [{"value": "\r  6%|\u2588\u2588\u2588\u2588\u2588\u2588\u2588\u2588\u258c                                                                                                                                            | 82/1435 [00:02<00:21, 61.76it/s]", "step": null, "ts": 1730799679.4248054}]}, "version": 138, "at": 1730799679.4248722}
{"obj": {"type": "LogStrings", "path": ["monitoring", "552629ed", "stderr"], "values": [{"value": "\r  6%|\u2588\u2588\u2588\u2588\u2588\u2588\u2588\u2588\u2588\u258e                                                                                                                                           | 90/1435 [00:02<00:20, 65.41it/s]", "step": null, "ts": 1730799679.5326023}]}, "version": 139, "at": 1730799679.5326626}
{"obj": {"type": "LogStrings", "path": ["monitoring", "552629ed", "stderr"], "values": [{"value": "\r  7%|\u2588\u2588\u2588\u2588\u2588\u2588\u2588\u2588\u2588\u2588                                                                                                                                           | 97/1435 [00:03<00:20, 66.63it/s]", "step": null, "ts": 1730799679.6329784}]}, "version": 140, "at": 1730799679.6330957}
{"obj": {"type": "LogStrings", "path": ["monitoring", "552629ed", "stderr"], "values": [{"value": "\r  7%|\u2588\u2588\u2588\u2588\u2588\u2588\u2588\u2588\u2588\u2588\u258a                                                                                                                                         | 105/1435 [00:03<00:19, 68.39it/s]", "step": null, "ts": 1730799679.743449}]}, "version": 141, "at": 1730799679.7435107}
{"obj": {"type": "LogStrings", "path": ["monitoring", "552629ed", "stderr"], "values": [{"value": "\r  8%|\u2588\u2588\u2588\u2588\u2588\u2588\u2588\u2588\u2588\u2588\u2588\u258b                                                                                                                                        | 113/1435 [00:03<00:18, 70.55it/s]", "step": null, "ts": 1730799679.8491807}]}, "version": 142, "at": 1730799679.849254}
{"obj": {"type": "LogStrings", "path": ["monitoring", "552629ed", "stderr"], "values": [{"value": "\r  8%|\u2588\u2588\u2588\u2588\u2588\u2588\u2588\u2588\u2588\u2588\u2588\u2588\u258d                                                                                                                                       | 121/1435 [00:03<00:18, 72.03it/s]", "step": null, "ts": 1730799679.955027}]}, "version": 143, "at": 1730799679.9550912}
{"obj": {"type": "LogStrings", "path": ["monitoring", "552629ed", "stderr"], "values": [{"value": "\r  9%|\u2588\u2588\u2588\u2588\u2588\u2588\u2588\u2588\u2588\u2588\u2588\u2588\u2588\u258e                                                                                                                                      | 129/1435 [00:03<00:18, 70.90it/s]", "step": null, "ts": 1730799680.071842}]}, "version": 144, "at": 1730799680.0719104}
{"obj": {"type": "LogStrings", "path": ["monitoring", "552629ed", "stderr"], "values": [{"value": "\r 10%|\u2588\u2588\u2588\u2588\u2588\u2588\u2588\u2588\u2588\u2588\u2588\u2588\u2588\u2588\u258f                                                                                                                                     | 137/1435 [00:03<00:18, 69.73it/s]", "step": null, "ts": 1730799680.1908858}]}, "version": 145, "at": 1730799680.190955}
{"obj": {"type": "LogStrings", "path": ["monitoring", "552629ed", "stderr"], "values": [{"value": "\r 10%|\u2588\u2588\u2588\u2588\u2588\u2588\u2588\u2588\u2588\u2588\u2588\u2588\u2588\u2588\u2589                                                                                                                                     | 145/1435 [00:03<00:22, 56.62it/s]", "step": null, "ts": 1730799680.3930614}]}, "version": 146, "at": 1730799680.3931577}
{"obj": {"type": "LogStrings", "path": ["monitoring", "552629ed", "stderr"], "values": [{"value": "\r 11%|\u2588\u2588\u2588\u2588\u2588\u2588\u2588\u2588\u2588\u2588\u2588\u2588\u2588\u2588\u2588\u258b                                                                                                                                    | 152/1435 [00:03<00:21, 59.33it/s]", "step": null, "ts": 1730799680.4961724}]}, "version": 147, "at": 1730799680.496258}
{"obj": {"type": "LogStrings", "path": ["monitoring", "552629ed", "stderr"], "values": [{"value": "\r 11%|\u2588\u2588\u2588\u2588\u2588\u2588\u2588\u2588\u2588\u2588\u2588\u2588\u2588\u2588\u2588\u2588\u258d                                                                                                                                   | 159/1435 [00:04<00:20, 61.70it/s]", "step": null, "ts": 1730799680.5980544}]}, "version": 148, "at": 1730799680.5981863}
{"obj": {"type": "LogStrings", "path": ["monitoring", "552629ed", "stderr"], "values": [{"value": "\r 12%|\u2588\u2588\u2588\u2588\u2588\u2588\u2588\u2588\u2588\u2588\u2588\u2588\u2588\u2588\u2588\u2588\u2588                                                                                                                                   | 166/1435 [00:04<00:20, 63.29it/s]", "step": null, "ts": 1730799680.7016084}]}, "version": 149, "at": 1730799680.701705}
{"obj": {"type": "LogStrings", "path": ["monitoring", "552629ed", "stderr"], "values": [{"value": "\r 12%|\u2588\u2588\u2588\u2588\u2588\u2588\u2588\u2588\u2588\u2588\u2588\u2588\u2588\u2588\u2588\u2588\u2588\u258a                                                                                                                                  | 173/1435 [00:04<00:19, 64.93it/s]", "step": null, "ts": 1730799680.8027442}]}, "version": 150, "at": 1730799680.8028314}
{"obj": {"type": "LogStrings", "path": ["monitoring", "552629ed", "stderr"], "values": [{"value": "\r 13%|\u2588\u2588\u2588\u2588\u2588\u2588\u2588\u2588\u2588\u2588\u2588\u2588\u2588\u2588\u2588\u2588\u2588\u2588\u258c                                                                                                                                 | 180/1435 [00:04<00:19, 65.10it/s]", "step": null, "ts": 1730799680.9095628}]}, "version": 151, "at": 1730799680.9096508}
{"obj": {"type": "LogStrings", "path": ["monitoring", "552629ed", "stderr"], "values": [{"value": "\r 13%|\u2588\u2588\u2588\u2588\u2588\u2588\u2588\u2588\u2588\u2588\u2588\u2588\u2588\u2588\u2588\u2588\u2588\u2588\u2588\u258e                                                                                                                                | 187/1435 [00:04<00:19, 65.48it/s]", "step": null, "ts": 1730799681.0149462}]}, "version": 152, "at": 1730799681.0150568}
{"obj": {"type": "LogStrings", "path": ["monitoring", "552629ed", "stderr"], "values": [{"value": "\r 14%|\u2588\u2588\u2588\u2588\u2588\u2588\u2588\u2588\u2588\u2588\u2588\u2588\u2588\u2588\u2588\u2588\u2588\u2588\u2588\u2588                                                                                                                                | 194/1435 [00:04<00:18, 65.83it/s]", "step": null, "ts": 1730799681.1199498}]}, "version": 153, "at": 1730799681.1200411}
{"obj": {"type": "LogStrings", "path": ["monitoring", "552629ed", "stderr"], "values": [{"value": "\r 14%|\u2588\u2588\u2588\u2588\u2588\u2588\u2588\u2588\u2588\u2588\u2588\u2588\u2588\u2588\u2588\u2588\u2588\u2588\u2588\u2588\u258b                                                                                                                               | 201/1435 [00:04<00:18, 66.13it/s]", "step": null, "ts": 1730799681.2246344}]}, "version": 154, "at": 1730799681.224723}
{"obj": {"type": "LogStrings", "path": ["monitoring", "552629ed", "stderr"], "values": [{"value": "\r 14%|\u2588\u2588\u2588\u2588\u2588\u2588\u2588\u2588\u2588\u2588\u2588\u2588\u2588\u2588\u2588\u2588\u2588\u2588\u2588\u2588\u2588\u258d                                                                                                                              | 208/1435 [00:04<00:18, 66.37it/s]", "step": null, "ts": 1730799681.3292398}]}, "version": 155, "at": 1730799681.3293295}
{"obj": {"type": "LogStrings", "path": ["monitoring", "552629ed", "stderr"], "values": [{"value": "\r 15%|\u2588\u2588\u2588\u2588\u2588\u2588\u2588\u2588\u2588\u2588\u2588\u2588\u2588\u2588\u2588\u2588\u2588\u2588\u2588\u2588\u2588\u2588\u258f                                                                                                                             | 215/1435 [00:04<00:18, 66.49it/s]", "step": null, "ts": 1730799681.4340644}]}, "version": 156, "at": 1730799681.434164}
{"obj": {"type": "LogStrings", "path": ["monitoring", "552629ed", "stderr"], "values": [{"value": "\r 15%|\u2588\u2588\u2588\u2588\u2588\u2588\u2588\u2588\u2588\u2588\u2588\u2588\u2588\u2588\u2588\u2588\u2588\u2588\u2588\u2588\u2588\u2588\u2589                                                                                                                             | 222/1435 [00:04<00:18, 66.82it/s]", "step": null, "ts": 1730799681.537549}]}, "version": 157, "at": 1730799681.5376363}
{"obj": {"type": "LogStrings", "path": ["monitoring", "552629ed", "stderr"], "values": [{"value": "\r 16%|\u2588\u2588\u2588\u2588\u2588\u2588\u2588\u2588\u2588\u2588\u2588\u2588\u2588\u2588\u2588\u2588\u2588\u2588\u2588\u2588\u2588\u2588\u2588\u258c                                                                                                                            | 229/1435 [00:05<00:18, 66.40it/s]", "step": null, "ts": 1730799681.644609}]}, "version": 158, "at": 1730799681.644695}
{"obj": {"type": "LogStrings", "path": ["monitoring", "552629ed", "stderr"], "values": [{"value": "\r 16%|\u2588\u2588\u2588\u2588\u2588\u2588\u2588\u2588\u2588\u2588\u2588\u2588\u2588\u2588\u2588\u2588\u2588\u2588\u2588\u2588\u2588\u2588\u2588\u2588\u258e                                                                                                                           | 236/1435 [00:05<00:18, 66.45it/s]", "step": null, "ts": 1730799681.7497616}]}, "version": 159, "at": 1730799681.7498515}
{"obj": {"type": "LogStrings", "path": ["monitoring", "552629ed", "stderr"], "values": [{"value": "\r 17%|\u2588\u2588\u2588\u2588\u2588\u2588\u2588\u2588\u2588\u2588\u2588\u2588\u2588\u2588\u2588\u2588\u2588\u2588\u2588\u2588\u2588\u2588\u2588\u2588\u2588                                                                                                                           | 243/1435 [00:05<00:18, 66.16it/s]", "step": null, "ts": 1730799681.8568954}]}, "version": 160, "at": 1730799681.857137}
{"obj": {"type": "LogStrings", "path": ["monitoring", "552629ed", "stderr"], "values": [{"value": "\r 17%|\u2588\u2588\u2588\u2588\u2588\u2588\u2588\u2588\u2588\u2588\u2588\u2588\u2588\u2588\u2588\u2588\u2588\u2588\u2588\u2588\u2588\u2588\u2588\u2588\u2588\u258a                                                                                                                          | 250/1435 [00:05<00:17, 66.01it/s]", "step": null, "ts": 1730799681.963266}]}, "version": 161, "at": 1730799681.9633534}
{"obj": {"type": "LogStrings", "path": ["monitoring", "552629ed", "stderr"], "values": [{"value": "\r 18%|\u2588\u2588\u2588\u2588\u2588\u2588\u2588\u2588\u2588\u2588\u2588\u2588\u2588\u2588\u2588\u2588\u2588\u2588\u2588\u2588\u2588\u2588\u2588\u2588\u2588\u2588\u258c                                                                                                                         | 257/1435 [00:05<00:17, 66.03it/s]", "step": null, "ts": 1730799682.0693812}]}, "version": 162, "at": 1730799682.0695055}
{"obj": {"type": "LogStrings", "path": ["monitoring", "552629ed", "stderr"], "values": [{"value": "\r 18%|\u2588\u2588\u2588\u2588\u2588\u2588\u2588\u2588\u2588\u2588\u2588\u2588\u2588\u2588\u2588\u2588\u2588\u2588\u2588\u2588\u2588\u2588\u2588\u2588\u2588\u2588\u2588\u258f                                                                                                                        | 264/1435 [00:05<00:17, 65.85it/s]", "step": null, "ts": 1730799682.1760633}]}, "version": 163, "at": 1730799682.176139}
{"obj": {"type": "LogStrings", "path": ["monitoring", "552629ed", "stderr"], "values": [{"value": "\r 19%|\u2588\u2588\u2588\u2588\u2588\u2588\u2588\u2588\u2588\u2588\u2588\u2588\u2588\u2588\u2588\u2588\u2588\u2588\u2588\u2588\u2588\u2588\u2588\u2588\u2588\u2588\u2588\u2589                                                                                                                        | 271/1435 [00:05<00:17, 66.36it/s]", "step": null, "ts": 1730799682.279769}]}, "version": 164, "at": 1730799682.279861}
{"obj": {"type": "LogStrings", "path": ["monitoring", "552629ed", "stderr"], "values": [{"value": "\r 19%|\u2588\u2588\u2588\u2588\u2588\u2588\u2588\u2588\u2588\u2588\u2588\u2588\u2588\u2588\u2588\u2588\u2588\u2588\u2588\u2588\u2588\u2588\u2588\u2588\u2588\u2588\u2588\u2588\u258b                                                                                                                       | 278/1435 [00:05<00:17, 66.35it/s]", "step": null, "ts": 1730799682.3852313}]}, "version": 165, "at": 1730799682.385309}
{"obj": {"type": "LogStrings", "path": ["monitoring", "552629ed", "stderr"], "values": [{"value": "\r 20%|\u2588\u2588\u2588\u2588\u2588\u2588\u2588\u2588\u2588\u2588\u2588\u2588\u2588\u2588\u2588\u2588\u2588\u2588\u2588\u2588\u2588\u2588\u2588\u2588\u2588\u2588\u2588\u2588\u2588\u258d                                                                                                                      | 285/1435 [00:05<00:17, 66.55it/s]", "step": null, "ts": 1730799682.4897454}]}, "version": 166, "at": 1730799682.4898202}
{"obj": {"type": "LogStrings", "path": ["monitoring", "552629ed", "stderr"], "values": [{"value": "\r 20%|\u2588\u2588\u2588\u2588\u2588\u2588\u2588\u2588\u2588\u2588\u2588\u2588\u2588\u2588\u2588\u2588\u2588\u2588\u2588\u2588\u2588\u2588\u2588\u2588\u2588\u2588\u2588\u2588\u2588\u2588                                                                                                                      | 292/1435 [00:06<00:17, 66.49it/s]", "step": null, "ts": 1730799682.5952256}]}, "version": 167, "at": 1730799682.5952947}
{"obj": {"type": "LogStrings", "path": ["monitoring", "552629ed", "stderr"], "values": [{"value": "\r 21%|\u2588\u2588\u2588\u2588\u2588\u2588\u2588\u2588\u2588\u2588\u2588\u2588\u2588\u2588\u2588\u2588\u2588\u2588\u2588\u2588\u2588\u2588\u2588\u2588\u2588\u2588\u2588\u2588\u2588\u2588\u258a                                                                                                                     | 299/1435 [00:06<00:17, 65.80it/s]", "step": null, "ts": 1730799682.7042081}]}, "version": 168, "at": 1730799682.7042906}
{"obj": {"type": "LogStrings", "path": ["monitoring", "552629ed", "stderr"], "values": [{"value": "\r 21%|\u2588\u2588\u2588\u2588\u2588\u2588\u2588\u2588\u2588\u2588\u2588\u2588\u2588\u2588\u2588\u2588\u2588\u2588\u2588\u2588\u2588\u2588\u2588\u2588\u2588\u2588\u2588\u2588\u2588\u2588\u2588\u258c                                                                                                                    | 306/1435 [00:06<00:17, 65.91it/s]", "step": null, "ts": 1730799682.8099358}]}, "version": 169, "at": 1730799682.810018}
{"obj": {"type": "LogStrings", "path": ["monitoring", "552629ed", "stderr"], "values": [{"value": "\r 22%|\u2588\u2588\u2588\u2588\u2588\u2588\u2588\u2588\u2588\u2588\u2588\u2588\u2588\u2588\u2588\u2588\u2588\u2588\u2588\u2588\u2588\u2588\u2588\u2588\u2588\u2588\u2588\u2588\u2588\u2588\u2588\u2588\u258e                                                                                                                   | 313/1435 [00:06<00:17, 65.99it/s]", "step": null, "ts": 1730799682.9157324}]}, "version": 170, "at": 1730799682.9158223}
{"obj": {"type": "LogStrings", "path": ["monitoring", "552629ed", "stderr"], "values": [{"value": "\r 22%|\u2588\u2588\u2588\u2588\u2588\u2588\u2588\u2588\u2588\u2588\u2588\u2588\u2588\u2588\u2588\u2588\u2588\u2588\u2588\u2588\u2588\u2588\u2588\u2588\u2588\u2588\u2588\u2588\u2588\u2588\u2588\u2588\u2588                                                                                                                   | 320/1435 [00:06<00:16, 65.98it/s]", "step": null, "ts": 1730799683.021834}]}, "version": 171, "at": 1730799683.0219169}
{"obj": {"type": "LogStrings", "path": ["monitoring", "552629ed", "stderr"], "values": [{"value": "\r 23%|\u2588\u2588\u2588\u2588\u2588\u2588\u2588\u2588\u2588\u2588\u2588\u2588\u2588\u2588\u2588\u2588\u2588\u2588\u2588\u2588\u2588\u2588\u2588\u2588\u2588\u2588\u2588\u2588\u2588\u2588\u2588\u2588\u2588\u258b                                                                                                                  | 327/1435 [00:06<00:16, 66.11it/s]", "step": null, "ts": 1730799683.127229}]}, "version": 172, "at": 1730799683.1273203}
{"obj": {"type": "LogStrings", "path": ["monitoring", "552629ed", "stderr"], "values": [{"value": "\r 23%|\u2588\u2588\u2588\u2588\u2588\u2588\u2588\u2588\u2588\u2588\u2588\u2588\u2588\u2588\u2588\u2588\u2588\u2588\u2588\u2588\u2588\u2588\u2588\u2588\u2588\u2588\u2588\u2588\u2588\u2588\u2588\u2588\u2588\u2588\u258d                                                                                                                 | 334/1435 [00:06<00:16, 66.31it/s]", "step": null, "ts": 1730799683.2320907}]}, "version": 173, "at": 1730799683.2321672}
{"obj": {"type": "LogStrings", "path": ["monitoring", "552629ed", "stderr"], "values": [{"value": "\r 24%|\u2588\u2588\u2588\u2588\u2588\u2588\u2588\u2588\u2588\u2588\u2588\u2588\u2588\u2588\u2588\u2588\u2588\u2588\u2588\u2588\u2588\u2588\u2588\u2588\u2588\u2588\u2588\u2588\u2588\u2588\u2588\u2588\u2588\u2588\u2588\u258f                                                                                                                | 341/1435 [00:06<00:16, 64.90it/s]", "step": null, "ts": 1730799683.3453684}]}, "version": 174, "at": 1730799683.3454685}
{"obj": {"type": "LogStrings", "path": ["monitoring", "552629ed", "stderr"], "values": [{"value": "\r 24%|\u2588\u2588\u2588\u2588\u2588\u2588\u2588\u2588\u2588\u2588\u2588\u2588\u2588\u2588\u2588\u2588\u2588\u2588\u2588\u2588\u2588\u2588\u2588\u2588\u2588\u2588\u2588\u2588\u2588\u2588\u2588\u2588\u2588\u2588\u2588\u2589                                                                                                                | 348/1435 [00:07<00:20, 52.19it/s]", "step": null, "ts": 1730799683.5406396}]}, "version": 175, "at": 1730799683.540717}
{"obj": {"type": "LogStrings", "path": ["monitoring", "552629ed", "stderr"], "values": [{"value": "\r 25%|\u2588\u2588\u2588\u2588\u2588\u2588\u2588\u2588\u2588\u2588\u2588\u2588\u2588\u2588\u2588\u2588\u2588\u2588\u2588\u2588\u2588\u2588\u2588\u2588\u2588\u2588\u2588\u2588\u2588\u2588\u2588\u2588\u2588\u2588\u2588\u2588\u258c                                                                                                               | 355/1435 [00:07<00:19, 55.72it/s]", "step": null, "ts": 1730799683.6464527}]}, "version": 176, "at": 1730799683.6465394}
{"obj": {"type": "LogStrings", "path": ["monitoring", "552629ed", "stderr"], "values": [{"value": "\r 25%|\u2588\u2588\u2588\u2588\u2588\u2588\u2588\u2588\u2588\u2588\u2588\u2588\u2588\u2588\u2588\u2588\u2588\u2588\u2588\u2588\u2588\u2588\u2588\u2588\u2588\u2588\u2588\u2588\u2588\u2588\u2588\u2588\u2588\u2588\u2588\u2588\u2588\u258e                                                                                                              | 362/1435 [00:07<00:18, 58.60it/s]", "step": null, "ts": 1730799683.7515323}]}, "version": 177, "at": 1730799683.7516181}
{"obj": {"type": "LogStrings", "path": ["monitoring", "552629ed", "stderr"], "values": [{"value": "\r 26%|\u2588\u2588\u2588\u2588\u2588\u2588\u2588\u2588\u2588\u2588\u2588\u2588\u2588\u2588\u2588\u2588\u2588\u2588\u2588\u2588\u2588\u2588\u2588\u2588\u2588\u2588\u2588\u2588\u2588\u2588\u2588\u2588\u2588\u2588\u2588\u2588\u2588\u2588                                                                                                              | 369/1435 [00:07<00:18, 58.98it/s]", "step": null, "ts": 1730799683.8684506}]}, "version": 178, "at": 1730799683.8685422}
{"obj": {"type": "LogStrings", "path": ["monitoring", "552629ed", "stderr"], "values": [{"value": "\r 26%|\u2588\u2588\u2588\u2588\u2588\u2588\u2588\u2588\u2588\u2588\u2588\u2588\u2588\u2588\u2588\u2588\u2588\u2588\u2588\u2588\u2588\u2588\u2588\u2588\u2588\u2588\u2588\u2588\u2588\u2588\u2588\u2588\u2588\u2588\u2588\u2588\u2588\u2588\u258a                                                                                                             | 376/1435 [00:07<00:17, 60.66it/s]", "step": null, "ts": 1730799683.9761043}]}, "version": 179, "at": 1730799683.976182}
{"obj": {"type": "LogStrings", "path": ["monitoring", "552629ed", "stderr"], "values": [{"value": "\r 27%|\u2588\u2588\u2588\u2588\u2588\u2588\u2588\u2588\u2588\u2588\u2588\u2588\u2588\u2588\u2588\u2588\u2588\u2588\u2588\u2588\u2588\u2588\u2588\u2588\u2588\u2588\u2588\u2588\u2588\u2588\u2588\u2588\u2588\u2588\u2588\u2588\u2588\u2588\u2588\u258c                                                                                                            | 383/1435 [00:07<00:16, 62.14it/s]", "step": null, "ts": 1730799684.0823832}]}, "version": 180, "at": 1730799684.082458}
{"obj": {"type": "LogStrings", "path": ["monitoring", "552629ed", "stderr"], "values": [{"value": "\r 27%|\u2588\u2588\u2588\u2588\u2588\u2588\u2588\u2588\u2588\u2588\u2588\u2588\u2588\u2588\u2588\u2588\u2588\u2588\u2588\u2588\u2588\u2588\u2588\u2588\u2588\u2588\u2588\u2588\u2588\u2588\u2588\u2588\u2588\u2588\u2588\u2588\u2588\u2588\u2588\u2588\u258f                                                                                                           | 390/1435 [00:07<00:16, 63.75it/s]", "step": null, "ts": 1730799684.1855752}]}, "version": 181, "at": 1730799684.1856523}
{"obj": {"type": "LogStrings", "path": ["monitoring", "552629ed", "stderr"], "values": [{"value": "\r 28%|\u2588\u2588\u2588\u2588\u2588\u2588\u2588\u2588\u2588\u2588\u2588\u2588\u2588\u2588\u2588\u2588\u2588\u2588\u2588\u2588\u2588\u2588\u2588\u2588\u2588\u2588\u2588\u2588\u2588\u2588\u2588\u2588\u2588\u2588\u2588\u2588\u2588\u2588\u2588\u2588\u2589                                                                                                           | 397/1435 [00:07<00:16, 63.81it/s]", "step": null, "ts": 1730799684.295089}]}, "version": 182, "at": 1730799684.295178}
{"obj": {"type": "LogStrings", "path": ["monitoring", "552629ed", "stderr"], "values": [{"value": "\r 28%|\u2588\u2588\u2588\u2588\u2588\u2588\u2588\u2588\u2588\u2588\u2588\u2588\u2588\u2588\u2588\u2588\u2588\u2588\u2588\u2588\u2588\u2588\u2588\u2588\u2588\u2588\u2588\u2588\u2588\u2588\u2588\u2588\u2588\u2588\u2588\u2588\u2588\u2588\u2588\u2588\u2588\u258b                                                                                                          | 404/1435 [00:07<00:20, 50.52it/s]", "step": null, "ts": 1730799684.5011294}]}, "version": 183, "at": 1730799684.5012636}
{"obj": {"type": "LogStrings", "path": ["monitoring", "552629ed", "stderr"], "values": [{"value": "\r 29%|\u2588\u2588\u2588\u2588\u2588\u2588\u2588\u2588\u2588\u2588\u2588\u2588\u2588\u2588\u2588\u2588\u2588\u2588\u2588\u2588\u2588\u2588\u2588\u2588\u2588\u2588\u2588\u2588\u2588\u2588\u2588\u2588\u2588\u2588\u2588\u2588\u2588\u2588\u2588\u2588\u2588\u2588\u258d                                                                                                         | 411/1435 [00:08<00:18, 54.86it/s]", "step": null, "ts": 1730799684.602975}]}, "version": 184, "at": 1730799684.6030838}
{"obj": {"type": "LogStrings", "path": ["monitoring", "552629ed", "stderr"], "values": [{"value": "\r 29%|\u2588\u2588\u2588\u2588\u2588\u2588\u2588\u2588\u2588\u2588\u2588\u2588\u2588\u2588\u2588\u2588\u2588\u2588\u2588\u2588\u2588\u2588\u2588\u2588\u2588\u2588\u2588\u2588\u2588\u2588\u2588\u2588\u2588\u2588\u2588\u2588\u2588\u2588\u2588\u2588\u2588\u2588\u2588                                                                                                         | 418/1435 [00:08<00:17, 58.65it/s]", "step": null, "ts": 1730799684.7031062}]}, "version": 185, "at": 1730799684.7032464}
{"obj": {"type": "LogStrings", "path": ["monitoring", "552629ed", "stderr"], "values": [{"value": "\r 30%|\u2588\u2588\u2588\u2588\u2588\u2588\u2588\u2588\u2588\u2588\u2588\u2588\u2588\u2588\u2588\u2588\u2588\u2588\u2588\u2588\u2588\u2588\u2588\u2588\u2588\u2588\u2588\u2588\u2588\u2588\u2588\u2588\u2588\u2588\u2588\u2588\u2588\u2588\u2588\u2588\u2588\u2588\u2588\u2589                                                                                                        | 426/1435 [00:08<00:16, 62.13it/s]", "step": null, "ts": 1730799684.8162408}]}, "version": 186, "at": 1730799684.8163075}
{"obj": {"type": "LogStrings", "path": ["monitoring", "552629ed", "stderr"], "values": [{"value": "\r 30%|\u2588\u2588\u2588\u2588\u2588\u2588\u2588\u2588\u2588\u2588\u2588\u2588\u2588\u2588\u2588\u2588\u2588\u2588\u2588\u2588\u2588\u2588\u2588\u2588\u2588\u2588\u2588\u2588\u2588\u2588\u2588\u2588\u2588\u2588\u2588\u2588\u2588\u2588\u2588\u2588\u2588\u2588\u2588\u2588\u258b                                                                                                       | 433/1435 [00:08<00:16, 62.32it/s]", "step": null, "ts": 1730799684.9277096}]}, "version": 187, "at": 1730799684.9278314}
{"obj": {"type": "LogStrings", "path": ["monitoring", "552629ed", "stderr"], "values": [{"value": "\r 31%|\u2588\u2588\u2588\u2588\u2588\u2588\u2588\u2588\u2588\u2588\u2588\u2588\u2588\u2588\u2588\u2588\u2588\u2588\u2588\u2588\u2588\u2588\u2588\u2588\u2588\u2588\u2588\u2588\u2588\u2588\u2588\u2588\u2588\u2588\u2588\u2588\u2588\u2588\u2588\u2588\u2588\u2588\u2588\u2588\u2588\u258d                                                                                                      | 440/1435 [00:08<00:15, 63.24it/s]", "step": null, "ts": 1730799685.0345888}]}, "version": 188, "at": 1730799685.0346677}
{"obj": {"type": "LogStrings", "path": ["monitoring", "552629ed", "stderr"], "values": [{"value": "\r 31%|\u2588\u2588\u2588\u2588\u2588\u2588\u2588\u2588\u2588\u2588\u2588\u2588\u2588\u2588\u2588\u2588\u2588\u2588\u2588\u2588\u2588\u2588\u2588\u2588\u2588\u2588\u2588\u2588\u2588\u2588\u2588\u2588\u2588\u2588\u2588\u2588\u2588\u2588\u2588\u2588\u2588\u2588\u2588\u2588\u2588\u2588                                                                                                      | 447/1435 [00:08<00:15, 62.67it/s]", "step": null, "ts": 1730799685.1488187}]}, "version": 189, "at": 1730799685.148922}
{"obj": {"type": "LogStrings", "path": ["monitoring", "552629ed", "stderr"], "values": [{"value": "\r 32%|\u2588\u2588\u2588\u2588\u2588\u2588\u2588\u2588\u2588\u2588\u2588\u2588\u2588\u2588\u2588\u2588\u2588\u2588\u2588\u2588\u2588\u2588\u2588\u2588\u2588\u2588\u2588\u2588\u2588\u2588\u2588\u2588\u2588\u2588\u2588\u2588\u2588\u2588\u2588\u2588\u2588\u2588\u2588\u2588\u2588\u2588\u258a                                                                                                     | 454/1435 [00:08<00:15, 62.24it/s]", "step": null, "ts": 1730799685.262966}]}, "version": 190, "at": 1730799685.2630901}
{"obj": {"type": "LogStrings", "path": ["monitoring", "552629ed", "stderr"], "values": [{"value": "\r 32%|\u2588\u2588\u2588\u2588\u2588\u2588\u2588\u2588\u2588\u2588\u2588\u2588\u2588\u2588\u2588\u2588\u2588\u2588\u2588\u2588\u2588\u2588\u2588\u2588\u2588\u2588\u2588\u2588\u2588\u2588\u2588\u2588\u2588\u2588\u2588\u2588\u2588\u2588\u2588\u2588\u2588\u2588\u2588\u2588\u2588\u2588\u2588\u258c                                                                                                    | 461/1435 [00:08<00:15, 63.49it/s]", "step": null, "ts": 1730799685.368012}]}, "version": 191, "at": 1730799685.3681142}
{"obj": {"type": "LogStrings", "path": ["monitoring", "552629ed", "stderr"], "values": [{"value": "\r 33%|\u2588\u2588\u2588\u2588\u2588\u2588\u2588\u2588\u2588\u2588\u2588\u2588\u2588\u2588\u2588\u2588\u2588\u2588\u2588\u2588\u2588\u2588\u2588\u2588\u2588\u2588\u2588\u2588\u2588\u2588\u2588\u2588\u2588\u2588\u2588\u2588\u2588\u2588\u2588\u2588\u2588\u2588\u2588\u2588\u2588\u2588\u2588\u2588\u258e                                                                                                   | 468/1435 [00:08<00:16, 57.03it/s]", "step": null, "ts": 1730799685.520082}]}, "version": 192, "at": 1730799685.5201638}
{"obj": {"type": "LogStrings", "path": ["monitoring", "552629ed", "stderr"], "values": [{"value": "\r 33%|\u2588\u2588\u2588\u2588\u2588\u2588\u2588\u2588\u2588\u2588\u2588\u2588\u2588\u2588\u2588\u2588\u2588\u2588\u2588\u2588\u2588\u2588\u2588\u2588\u2588\u2588\u2588\u2588\u2588\u2588\u2588\u2588\u2588\u2588\u2588\u2588\u2588\u2588\u2588\u2588\u2588\u2588\u2588\u2588\u2588\u2588\u2588\u2588\u2589                                                                                                   | 475/1435 [00:09<00:16, 59.25it/s]", "step": null, "ts": 1730799685.6274576}]}, "version": 193, "at": 1730799685.6275604}
{"obj": {"type": "LogStrings", "path": ["monitoring", "552629ed", "stderr"], "values": [{"value": "\r 34%|\u2588\u2588\u2588\u2588\u2588\u2588\u2588\u2588\u2588\u2588\u2588\u2588\u2588\u2588\u2588\u2588\u2588\u2588\u2588\u2588\u2588\u2588\u2588\u2588\u2588\u2588\u2588\u2588\u2588\u2588\u2588\u2588\u2588\u2588\u2588\u2588\u2588\u2588\u2588\u2588\u2588\u2588\u2588\u2588\u2588\u2588\u2588\u2588\u2588\u258b                                                                                                  | 482/1435 [00:09<00:15, 61.18it/s]", "step": null, "ts": 1730799685.7330666}]}, "version": 194, "at": 1730799685.7331336}
{"obj": {"type": "LogStrings", "path": ["monitoring", "552629ed", "stderr"], "values": [{"value": "\r 34%|\u2588\u2588\u2588\u2588\u2588\u2588\u2588\u2588\u2588\u2588\u2588\u2588\u2588\u2588\u2588\u2588\u2588\u2588\u2588\u2588\u2588\u2588\u2588\u2588\u2588\u2588\u2588\u2588\u2588\u2588\u2588\u2588\u2588\u2588\u2588\u2588\u2588\u2588\u2588\u2588\u2588\u2588\u2588\u2588\u2588\u2588\u2588\u2588\u2588\u2588\u258d                                                                                                 | 489/1435 [00:09<00:14, 63.51it/s]", "step": null, "ts": 1730799685.8334813}]}, "version": 195, "at": 1730799685.8335445}
{"obj": {"type": "LogStrings", "path": ["monitoring", "552629ed", "stderr"], "values": [{"value": "\r 35%|\u2588\u2588\u2588\u2588\u2588\u2588\u2588\u2588\u2588\u2588\u2588\u2588\u2588\u2588\u2588\u2588\u2588\u2588\u2588\u2588\u2588\u2588\u2588\u2588\u2588\u2588\u2588\u2588\u2588\u2588\u2588\u2588\u2588\u2588\u2588\u2588\u2588\u2588\u2588\u2588\u2588\u2588\u2588\u2588\u2588\u2588\u2588\u2588\u2588\u2588\u2588\u258e                                                                                                | 497/1435 [00:09<00:14, 66.94it/s]", "step": null, "ts": 1730799685.9398057}]}, "version": 196, "at": 1730799685.939885}
{"obj": {"type": "LogStrings", "path": ["monitoring", "552629ed", "stderr"], "values": [{"value": "\r 35%|\u2588\u2588\u2588\u2588\u2588\u2588\u2588\u2588\u2588\u2588\u2588\u2588\u2588\u2588\u2588\u2588\u2588\u2588\u2588\u2588\u2588\u2588\u2588\u2588\u2588\u2588\u2588\u2588\u2588\u2588\u2588\u2588\u2588\u2588\u2588\u2588\u2588\u2588\u2588\u2588\u2588\u2588\u2588\u2588\u2588\u2588\u2588\u2588\u2588\u2588\u2588\u2588                                                                                                | 505/1435 [00:09<00:13, 69.25it/s]", "step": null, "ts": 1730799686.0467837}]}, "version": 197, "at": 1730799686.046867}
{"obj": {"type": "LogStrings", "path": ["monitoring", "552629ed", "stderr"], "values": [{"value": "\r 36%|\u2588\u2588\u2588\u2588\u2588\u2588\u2588\u2588\u2588\u2588\u2588\u2588\u2588\u2588\u2588\u2588\u2588\u2588\u2588\u2588\u2588\u2588\u2588\u2588\u2588\u2588\u2588\u2588\u2588\u2588\u2588\u2588\u2588\u2588\u2588\u2588\u2588\u2588\u2588\u2588\u2588\u2588\u2588\u2588\u2588\u2588\u2588\u2588\u2588\u2588\u2588\u2588\u2589                                                                                               | 513/1435 [00:09<00:12, 70.98it/s]", "step": null, "ts": 1730799686.1534016}]}, "version": 198, "at": 1730799686.1535046}
{"obj": {"type": "LogStrings", "path": ["monitoring", "552629ed", "stderr"], "values": [{"value": "\r 36%|\u2588\u2588\u2588\u2588\u2588\u2588\u2588\u2588\u2588\u2588\u2588\u2588\u2588\u2588\u2588\u2588\u2588\u2588\u2588\u2588\u2588\u2588\u2588\u2588\u2588\u2588\u2588\u2588\u2588\u2588\u2588\u2588\u2588\u2588\u2588\u2588\u2588\u2588\u2588\u2588\u2588\u2588\u2588\u2588\u2588\u2588\u2588\u2588\u2588\u2588\u2588\u2588\u2588\u258b                                                                                              | 521/1435 [00:09<00:12, 72.04it/s]", "step": null, "ts": 1730799686.2606835}]}, "version": 199, "at": 1730799686.2607634}
{"obj": {"type": "LogStrings", "path": ["monitoring", "552629ed", "stderr"], "values": [{"value": "\r 37%|\u2588\u2588\u2588\u2588\u2588\u2588\u2588\u2588\u2588\u2588\u2588\u2588\u2588\u2588\u2588\u2588\u2588\u2588\u2588\u2588\u2588\u2588\u2588\u2588\u2588\u2588\u2588\u2588\u2588\u2588\u2588\u2588\u2588\u2588\u2588\u2588\u2588\u2588\u2588\u2588\u2588\u2588\u2588\u2588\u2588\u2588\u2588\u2588\u2588\u2588\u2588\u2588\u2588\u2588\u258c                                                                                             | 529/1435 [00:09<00:12, 72.87it/s]", "step": null, "ts": 1730799686.3676457}]}, "version": 200, "at": 1730799686.3677242}
{"obj": {"type": "LogStrings", "path": ["monitoring", "552629ed", "stderr"], "values": [{"value": "\r 37%|\u2588\u2588\u2588\u2588\u2588\u2588\u2588\u2588\u2588\u2588\u2588\u2588\u2588\u2588\u2588\u2588\u2588\u2588\u2588\u2588\u2588\u2588\u2588\u2588\u2588\u2588\u2588\u2588\u2588\u2588\u2588\u2588\u2588\u2588\u2588\u2588\u2588\u2588\u2588\u2588\u2588\u2588\u2588\u2588\u2588\u2588\u2588\u2588\u2588\u2588\u2588\u2588\u2588\u2588\u2588\u258d                                                                                            | 537/1435 [00:10<00:14, 59.92it/s]", "step": null, "ts": 1730799686.5553992}]}, "version": 201, "at": 1730799686.5554812}
{"obj": {"type": "LogStrings", "path": ["monitoring", "552629ed", "stderr"], "values": [{"value": "\r 38%|\u2588\u2588\u2588\u2588\u2588\u2588\u2588\u2588\u2588\u2588\u2588\u2588\u2588\u2588\u2588\u2588\u2588\u2588\u2588\u2588\u2588\u2588\u2588\u2588\u2588\u2588\u2588\u2588\u2588\u2588\u2588\u2588\u2588\u2588\u2588\u2588\u2588\u2588\u2588\u2588\u2588\u2588\u2588\u2588\u2588\u2588\u2588\u2588\u2588\u2588\u2588\u2588\u2588\u2588\u2588\u2588\u258f                                                                                           | 545/1435 [00:10<00:13, 63.87it/s]", "step": null, "ts": 1730799686.6616225}]}, "version": 202, "at": 1730799686.6616998}
{"obj": {"type": "LogFloats", "path": ["monitoring", "552629ed", "cpu"], "values": [{"value": 28.1, "step": null, "ts": 1730799686.7034702}]}, "version": 203, "at": 1730799686.7158792}
{"obj": {"type": "LogFloats", "path": ["monitoring", "552629ed", "memory"], "values": [{"value": 9.408058166503906, "step": null, "ts": 1730799686.7034702}]}, "version": 204, "at": 1730799686.716384}
{"obj": {"type": "LogFloats", "path": ["monitoring", "552629ed", "gpu"], "values": [{"value": 96.0, "step": null, "ts": 1730799686.7034702}]}, "version": 205, "at": 1730799686.7165308}
{"obj": {"type": "LogFloats", "path": ["monitoring", "552629ed", "gpu_memory"], "values": [{"value": 1.07940673828125, "step": null, "ts": 1730799686.7034702}]}, "version": 206, "at": 1730799686.716643}
{"obj": {"type": "LogFloats", "path": ["monitoring", "552629ed", "gpu_power"], "values": [{"value": 193.233, "step": null, "ts": 1730799686.7034702}]}, "version": 207, "at": 1730799686.716772}
{"obj": {"type": "LogStrings", "path": ["monitoring", "552629ed", "stderr"], "values": [{"value": "\r 39%|\u2588\u2588\u2588\u2588\u2588\u2588\u2588\u2588\u2588\u2588\u2588\u2588\u2588\u2588\u2588\u2588\u2588\u2588\u2588\u2588\u2588\u2588\u2588\u2588\u2588\u2588\u2588\u2588\u2588\u2588\u2588\u2588\u2588\u2588\u2588\u2588\u2588\u2588\u2588\u2588\u2588\u2588\u2588\u2588\u2588\u2588\u2588\u2588\u2588\u2588\u2588\u2588\u2588\u2588\u2588\u2588\u2588                                                                                           | 553/1435 [00:10<00:13, 66.75it/s]", "step": null, "ts": 1730799686.7689912}]}, "version": 208, "at": 1730799686.7690754}
{"obj": {"type": "LogStrings", "path": ["monitoring", "552629ed", "stderr"], "values": [{"value": "\r 39%|\u2588\u2588\u2588\u2588\u2588\u2588\u2588\u2588\u2588\u2588\u2588\u2588\u2588\u2588\u2588\u2588\u2588\u2588\u2588\u2588\u2588\u2588\u2588\u2588\u2588\u2588\u2588\u2588\u2588\u2588\u2588\u2588\u2588\u2588\u2588\u2588\u2588\u2588\u2588\u2588\u2588\u2588\u2588\u2588\u2588\u2588\u2588\u2588\u2588\u2588\u2588\u2588\u2588\u2588\u2588\u2588\u2588\u258a                                                                                          | 560/1435 [00:10<00:13, 66.81it/s]", "step": null, "ts": 1730799686.8735595}]}, "version": 209, "at": 1730799686.8736484}
{"obj": {"type": "LogStrings", "path": ["monitoring", "552629ed", "stderr"], "values": [{"value": "\r 40%|\u2588\u2588\u2588\u2588\u2588\u2588\u2588\u2588\u2588\u2588\u2588\u2588\u2588\u2588\u2588\u2588\u2588\u2588\u2588\u2588\u2588\u2588\u2588\u2588\u2588\u2588\u2588\u2588\u2588\u2588\u2588\u2588\u2588\u2588\u2588\u2588\u2588\u2588\u2588\u2588\u2588\u2588\u2588\u2588\u2588\u2588\u2588\u2588\u2588\u2588\u2588\u2588\u2588\u2588\u2588\u2588\u2588\u2588\u258d                                                                                         | 567/1435 [00:10<00:12, 67.44it/s]", "step": null, "ts": 1730799686.9748545}]}, "version": 210, "at": 1730799686.9749227}
{"obj": {"type": "LogStrings", "path": ["monitoring", "552629ed", "stderr"], "values": [{"value": "\r 40%|\u2588\u2588\u2588\u2588\u2588\u2588\u2588\u2588\u2588\u2588\u2588\u2588\u2588\u2588\u2588\u2588\u2588\u2588\u2588\u2588\u2588\u2588\u2588\u2588\u2588\u2588\u2588\u2588\u2588\u2588\u2588\u2588\u2588\u2588\u2588\u2588\u2588\u2588\u2588\u2588\u2588\u2588\u2588\u2588\u2588\u2588\u2588\u2588\u2588\u2588\u2588\u2588\u2588\u2588\u2588\u2588\u2588\u2588\u2588\u258e                                                                                        | 575/1435 [00:10<00:12, 69.59it/s]", "step": null, "ts": 1730799687.0817935}]}, "version": 211, "at": 1730799687.081871}
{"obj": {"type": "LogStrings", "path": ["monitoring", "552629ed", "stderr"], "values": [{"value": "\r 41%|\u2588\u2588\u2588\u2588\u2588\u2588\u2588\u2588\u2588\u2588\u2588\u2588\u2588\u2588\u2588\u2588\u2588\u2588\u2588\u2588\u2588\u2588\u2588\u2588\u2588\u2588\u2588\u2588\u2588\u2588\u2588\u2588\u2588\u2588\u2588\u2588\u2588\u2588\u2588\u2588\u2588\u2588\u2588\u2588\u2588\u2588\u2588\u2588\u2588\u2588\u2588\u2588\u2588\u2588\u2588\u2588\u2588\u2588\u2588\u2588\u258f                                                                                       | 583/1435 [00:10<00:12, 70.84it/s]", "step": null, "ts": 1730799687.1902466}]}, "version": 212, "at": 1730799687.1903312}
{"obj": {"type": "LogStrings", "path": ["monitoring", "552629ed", "stderr"], "values": [{"value": "\r 41%|\u2588\u2588\u2588\u2588\u2588\u2588\u2588\u2588\u2588\u2588\u2588\u2588\u2588\u2588\u2588\u2588\u2588\u2588\u2588\u2588\u2588\u2588\u2588\u2588\u2588\u2588\u2588\u2588\u2588\u2588\u2588\u2588\u2588\u2588\u2588\u2588\u2588\u2588\u2588\u2588\u2588\u2588\u2588\u2588\u2588\u2588\u2588\u2588\u2588\u2588\u2588\u2588\u2588\u2588\u2588\u2588\u2588\u2588\u2588\u2588\u2589                                                                                       | 591/1435 [00:10<00:12, 70.08it/s]", "step": null, "ts": 1730799687.3072333}]}, "version": 213, "at": 1730799687.3073165}
{"obj": {"type": "LogStrings", "path": ["monitoring", "552629ed", "stderr"], "values": [{"value": "\r 42%|\u2588\u2588\u2588\u2588\u2588\u2588\u2588\u2588\u2588\u2588\u2588\u2588\u2588\u2588\u2588\u2588\u2588\u2588\u2588\u2588\u2588\u2588\u2588\u2588\u2588\u2588\u2588\u2588\u2588\u2588\u2588\u2588\u2588\u2588\u2588\u2588\u2588\u2588\u2588\u2588\u2588\u2588\u2588\u2588\u2588\u2588\u2588\u2588\u2588\u2588\u2588\u2588\u2588\u2588\u2588\u2588\u2588\u2588\u2588\u2588\u2588\u258a                                                                                      | 599/1435 [00:10<00:11, 70.85it/s]", "step": null, "ts": 1730799687.4172215}]}, "version": 214, "at": 1730799687.417298}
{"obj": {"type": "LogStrings", "path": ["monitoring", "552629ed", "stderr"], "values": [{"value": "\r 42%|\u2588\u2588\u2588\u2588\u2588\u2588\u2588\u2588\u2588\u2588\u2588\u2588\u2588\u2588\u2588\u2588\u2588\u2588\u2588\u2588\u2588\u2588\u2588\u2588\u2588\u2588\u2588\u2588\u2588\u2588\u2588\u2588\u2588\u2588\u2588\u2588\u2588\u2588\u2588\u2588\u2588\u2588\u2588\u2588\u2588\u2588\u2588\u2588\u2588\u2588\u2588\u2588\u2588\u2588\u2588\u2588\u2588\u2588\u2588\u2588\u2588\u2588\u258c                                                                                     | 607/1435 [00:10<00:11, 72.19it/s]", "step": null, "ts": 1730799687.5232275}]}, "version": 215, "at": 1730799687.5233004}
{"obj": {"type": "LogStrings", "path": ["monitoring", "552629ed", "stderr"], "values": [{"value": "\r 43%|\u2588\u2588\u2588\u2588\u2588\u2588\u2588\u2588\u2588\u2588\u2588\u2588\u2588\u2588\u2588\u2588\u2588\u2588\u2588\u2588\u2588\u2588\u2588\u2588\u2588\u2588\u2588\u2588\u2588\u2588\u2588\u2588\u2588\u2588\u2588\u2588\u2588\u2588\u2588\u2588\u2588\u2588\u2588\u2588\u2588\u2588\u2588\u2588\u2588\u2588\u2588\u2588\u2588\u2588\u2588\u2588\u2588\u2588\u2588\u2588\u2588\u2588\u2588\u258d                                                                                    | 615/1435 [00:11<00:11, 73.06it/s]", "step": null, "ts": 1730799687.6297376}]}, "version": 216, "at": 1730799687.6298497}
{"obj": {"type": "LogStrings", "path": ["monitoring", "552629ed", "stderr"], "values": [{"value": "\r 43%|\u2588\u2588\u2588\u2588\u2588\u2588\u2588\u2588\u2588\u2588\u2588\u2588\u2588\u2588\u2588\u2588\u2588\u2588\u2588\u2588\u2588\u2588\u2588\u2588\u2588\u2588\u2588\u2588\u2588\u2588\u2588\u2588\u2588\u2588\u2588\u2588\u2588\u2588\u2588\u2588\u2588\u2588\u2588\u2588\u2588\u2588\u2588\u2588\u2588\u2588\u2588\u2588\u2588\u2588\u2588\u2588\u2588\u2588\u2588\u2588\u2588\u2588\u2588\u2588\u258e                                                                                   | 623/1435 [00:11<00:11, 73.22it/s]", "step": null, "ts": 1730799687.7384338}]}, "version": 217, "at": 1730799687.7385027}
{"obj": {"type": "LogStrings", "path": ["monitoring", "552629ed", "stderr"], "values": [{"value": "\r 44%|\u2588\u2588\u2588\u2588\u2588\u2588\u2588\u2588\u2588\u2588\u2588\u2588\u2588\u2588\u2588\u2588\u2588\u2588\u2588\u2588\u2588\u2588\u2588\u2588\u2588\u2588\u2588\u2588\u2588\u2588\u2588\u2588\u2588\u2588\u2588\u2588\u2588\u2588\u2588\u2588\u2588\u2588\u2588\u2588\u2588\u2588\u2588\u2588\u2588\u2588\u2588\u2588\u2588\u2588\u2588\u2588\u2588\u2588\u2588\u2588\u2588\u2588\u2588\u2588\u2588                                                                                   | 631/1435 [00:11<00:10, 73.66it/s]", "step": null, "ts": 1730799687.8454854}]}, "version": 218, "at": 1730799687.845549}
{"obj": {"type": "LogStrings", "path": ["monitoring", "552629ed", "stderr"], "values": [{"value": "\r 45%|\u2588\u2588\u2588\u2588\u2588\u2588\u2588\u2588\u2588\u2588\u2588\u2588\u2588\u2588\u2588\u2588\u2588\u2588\u2588\u2588\u2588\u2588\u2588\u2588\u2588\u2588\u2588\u2588\u2588\u2588\u2588\u2588\u2588\u2588\u2588\u2588\u2588\u2588\u2588\u2588\u2588\u2588\u2588\u2588\u2588\u2588\u2588\u2588\u2588\u2588\u2588\u2588\u2588\u2588\u2588\u2588\u2588\u2588\u2588\u2588\u2588\u2588\u2588\u2588\u2588\u2589                                                                                  | 639/1435 [00:11<00:10, 72.83it/s]", "step": null, "ts": 1730799687.9582078}]}, "version": 219, "at": 1730799687.9582837}
{"obj": {"type": "LogStrings", "path": ["monitoring", "552629ed", "stderr"], "values": [{"value": "\r 45%|\u2588\u2588\u2588\u2588\u2588\u2588\u2588\u2588\u2588\u2588\u2588\u2588\u2588\u2588\u2588\u2588\u2588\u2588\u2588\u2588\u2588\u2588\u2588\u2588\u2588\u2588\u2588\u2588\u2588\u2588\u2588\u2588\u2588\u2588\u2588\u2588\u2588\u2588\u2588\u2588\u2588\u2588\u2588\u2588\u2588\u2588\u2588\u2588\u2588\u2588\u2588\u2588\u2588\u2588\u2588\u2588\u2588\u2588\u2588\u2588\u2588\u2588\u2588\u2588\u2588\u2588\u258b                                                                                 | 647/1435 [00:11<00:10, 73.32it/s]", "step": null, "ts": 1730799688.0656564}]}, "version": 220, "at": 1730799688.0657434}
{"obj": {"type": "LogStrings", "path": ["monitoring", "552629ed", "stderr"], "values": [{"value": "\r 46%|\u2588\u2588\u2588\u2588\u2588\u2588\u2588\u2588\u2588\u2588\u2588\u2588\u2588\u2588\u2588\u2588\u2588\u2588\u2588\u2588\u2588\u2588\u2588\u2588\u2588\u2588\u2588\u2588\u2588\u2588\u2588\u2588\u2588\u2588\u2588\u2588\u2588\u2588\u2588\u2588\u2588\u2588\u2588\u2588\u2588\u2588\u2588\u2588\u2588\u2588\u2588\u2588\u2588\u2588\u2588\u2588\u2588\u2588\u2588\u2588\u2588\u2588\u2588\u2588\u2588\u2588\u2588\u258c                                                                                | 655/1435 [00:11<00:10, 73.69it/s]", "step": null, "ts": 1730799688.1728976}]}, "version": 221, "at": 1730799688.1729774}
{"obj": {"type": "LogStrings", "path": ["monitoring", "552629ed", "stderr"], "values": [{"value": "\r 46%|\u2588\u2588\u2588\u2588\u2588\u2588\u2588\u2588\u2588\u2588\u2588\u2588\u2588\u2588\u2588\u2588\u2588\u2588\u2588\u2588\u2588\u2588\u2588\u2588\u2588\u2588\u2588\u2588\u2588\u2588\u2588\u2588\u2588\u2588\u2588\u2588\u2588\u2588\u2588\u2588\u2588\u2588\u2588\u2588\u2588\u2588\u2588\u2588\u2588\u2588\u2588\u2588\u2588\u2588\u2588\u2588\u2588\u2588\u2588\u2588\u2588\u2588\u2588\u2588\u2588\u2588\u2588\u2588\u258d                                                                               | 663/1435 [00:11<00:10, 73.69it/s]", "step": null, "ts": 1730799688.2814677}]}, "version": 222, "at": 1730799688.2815387}
{"obj": {"type": "LogStrings", "path": ["monitoring", "552629ed", "stderr"], "values": [{"value": "\r 47%|\u2588\u2588\u2588\u2588\u2588\u2588\u2588\u2588\u2588\u2588\u2588\u2588\u2588\u2588\u2588\u2588\u2588\u2588\u2588\u2588\u2588\u2588\u2588\u2588\u2588\u2588\u2588\u2588\u2588\u2588\u2588\u2588\u2588\u2588\u2588\u2588\u2588\u2588\u2588\u2588\u2588\u2588\u2588\u2588\u2588\u2588\u2588\u2588\u2588\u2588\u2588\u2588\u2588\u2588\u2588\u2588\u2588\u2588\u2588\u2588\u2588\u2588\u2588\u2588\u2588\u2588\u2588\u2588\u2588\u258f                                                                              | 671/1435 [00:11<00:10, 72.96it/s]", "step": null, "ts": 1730799688.393704}]}, "version": 223, "at": 1730799688.3937862}
{"obj": {"type": "LogStrings", "path": ["monitoring", "552629ed", "stderr"], "values": [{"value": "\r 47%|\u2588\u2588\u2588\u2588\u2588\u2588\u2588\u2588\u2588\u2588\u2588\u2588\u2588\u2588\u2588\u2588\u2588\u2588\u2588\u2588\u2588\u2588\u2588\u2588\u2588\u2588\u2588\u2588\u2588\u2588\u2588\u2588\u2588\u2588\u2588\u2588\u2588\u2588\u2588\u2588\u2588\u2588\u2588\u2588\u2588\u2588\u2588\u2588\u2588\u2588\u2588\u2588\u2588\u2588\u2588\u2588\u2588\u2588\u2588\u2588\u2588\u2588\u2588\u2588\u2588\u2588\u2588\u2588\u2588\u2588                                                                              | 679/1435 [00:11<00:10, 71.80it/s]", "step": null, "ts": 1730799688.509301}]}, "version": 224, "at": 1730799688.5093846}
{"obj": {"type": "LogStrings", "path": ["monitoring", "552629ed", "stderr"], "values": [{"value": "\r 48%|\u2588\u2588\u2588\u2588\u2588\u2588\u2588\u2588\u2588\u2588\u2588\u2588\u2588\u2588\u2588\u2588\u2588\u2588\u2588\u2588\u2588\u2588\u2588\u2588\u2588\u2588\u2588\u2588\u2588\u2588\u2588\u2588\u2588\u2588\u2588\u2588\u2588\u2588\u2588\u2588\u2588\u2588\u2588\u2588\u2588\u2588\u2588\u2588\u2588\u2588\u2588\u2588\u2588\u2588\u2588\u2588\u2588\u2588\u2588\u2588\u2588\u2588\u2588\u2588\u2588\u2588\u2588\u2588\u2588\u2588\u258a                                                                             | 687/1435 [00:12<00:10, 69.75it/s]", "step": null, "ts": 1730799688.6315973}]}, "version": 225, "at": 1730799688.6316977}
{"obj": {"type": "LogStrings", "path": ["monitoring", "552629ed", "stderr"], "values": [{"value": "\r 48%|\u2588\u2588\u2588\u2588\u2588\u2588\u2588\u2588\u2588\u2588\u2588\u2588\u2588\u2588\u2588\u2588\u2588\u2588\u2588\u2588\u2588\u2588\u2588\u2588\u2588\u2588\u2588\u2588\u2588\u2588\u2588\u2588\u2588\u2588\u2588\u2588\u2588\u2588\u2588\u2588\u2588\u2588\u2588\u2588\u2588\u2588\u2588\u2588\u2588\u2588\u2588\u2588\u2588\u2588\u2588\u2588\u2588\u2588\u2588\u2588\u2588\u2588\u2588\u2588\u2588\u2588\u2588\u2588\u2588\u2588\u2588\u258c                                                                            | 694/1435 [00:12<00:10, 68.54it/s]", "step": null, "ts": 1730799688.7384455}]}, "version": 226, "at": 1730799688.738533}
{"obj": {"type": "LogStrings", "path": ["monitoring", "552629ed", "stderr"], "values": [{"value": "\r 49%|\u2588\u2588\u2588\u2588\u2588\u2588\u2588\u2588\u2588\u2588\u2588\u2588\u2588\u2588\u2588\u2588\u2588\u2588\u2588\u2588\u2588\u2588\u2588\u2588\u2588\u2588\u2588\u2588\u2588\u2588\u2588\u2588\u2588\u2588\u2588\u2588\u2588\u2588\u2588\u2588\u2588\u2588\u2588\u2588\u2588\u2588\u2588\u2588\u2588\u2588\u2588\u2588\u2588\u2588\u2588\u2588\u2588\u2588\u2588\u2588\u2588\u2588\u2588\u2588\u2588\u2588\u2588\u2588\u2588\u2588\u2588\u2588\u258e                                                                           | 701/1435 [00:12<00:10, 67.60it/s]", "step": null, "ts": 1730799688.8456235}]}, "version": 227, "at": 1730799688.84571}
{"obj": {"type": "LogStrings", "path": ["monitoring", "552629ed", "stderr"], "values": [{"value": "\r 49%|\u2588\u2588\u2588\u2588\u2588\u2588\u2588\u2588\u2588\u2588\u2588\u2588\u2588\u2588\u2588\u2588\u2588\u2588\u2588\u2588\u2588\u2588\u2588\u2588\u2588\u2588\u2588\u2588\u2588\u2588\u2588\u2588\u2588\u2588\u2588\u2588\u2588\u2588\u2588\u2588\u2588\u2588\u2588\u2588\u2588\u2588\u2588\u2588\u2588\u2588\u2588\u2588\u2588\u2588\u2588\u2588\u2588\u2588\u2588\u2588\u2588\u2588\u2588\u2588\u2588\u2588\u2588\u2588\u2588\u2588\u2588\u2588\u2588                                                                           | 708/1435 [00:12<00:10, 66.87it/s]", "step": null, "ts": 1730799688.953133}]}, "version": 228, "at": 1730799688.9532144}
{"obj": {"type": "LogStrings", "path": ["monitoring", "552629ed", "stderr"], "values": [{"value": "\r 50%|\u2588\u2588\u2588\u2588\u2588\u2588\u2588\u2588\u2588\u2588\u2588\u2588\u2588\u2588\u2588\u2588\u2588\u2588\u2588\u2588\u2588\u2588\u2588\u2588\u2588\u2588\u2588\u2588\u2588\u2588\u2588\u2588\u2588\u2588\u2588\u2588\u2588\u2588\u2588\u2588\u2588\u2588\u2588\u2588\u2588\u2588\u2588\u2588\u2588\u2588\u2588\u2588\u2588\u2588\u2588\u2588\u2588\u2588\u2588\u2588\u2588\u2588\u2588\u2588\u2588\u2588\u2588\u2588\u2588\u2588\u2588\u2588\u2588\u258b                                                                          | 715/1435 [00:12<00:10, 66.44it/s]", "step": null, "ts": 1730799689.0601666}]}, "version": 229, "at": 1730799689.060236}
{"obj": {"type": "LogStrings", "path": ["monitoring", "552629ed", "stderr"], "values": [{"value": "\r 50%|\u2588\u2588\u2588\u2588\u2588\u2588\u2588\u2588\u2588\u2588\u2588\u2588\u2588\u2588\u2588\u2588\u2588\u2588\u2588\u2588\u2588\u2588\u2588\u2588\u2588\u2588\u2588\u2588\u2588\u2588\u2588\u2588\u2588\u2588\u2588\u2588\u2588\u2588\u2588\u2588\u2588\u2588\u2588\u2588\u2588\u2588\u2588\u2588\u2588\u2588\u2588\u2588\u2588\u2588\u2588\u2588\u2588\u2588\u2588\u2588\u2588\u2588\u2588\u2588\u2588\u2588\u2588\u2588\u2588\u2588\u2588\u2588\u2588\u2588\u258d                                                                         | 722/1435 [00:12<00:10, 66.58it/s]", "step": null, "ts": 1730799689.1647468}]}, "version": 230, "at": 1730799689.164828}
{"obj": {"type": "LogStrings", "path": ["monitoring", "552629ed", "stderr"], "values": [{"value": "\r 51%|\u2588\u2588\u2588\u2588\u2588\u2588\u2588\u2588\u2588\u2588\u2588\u2588\u2588\u2588\u2588\u2588\u2588\u2588\u2588\u2588\u2588\u2588\u2588\u2588\u2588\u2588\u2588\u2588\u2588\u2588\u2588\u2588\u2588\u2588\u2588\u2588\u2588\u2588\u2588\u2588\u2588\u2588\u2588\u2588\u2588\u2588\u2588\u2588\u2588\u2588\u2588\u2588\u2588\u2588\u2588\u2588\u2588\u2588\u2588\u2588\u2588\u2588\u2588\u2588\u2588\u2588\u2588\u2588\u2588\u2588\u2588\u2588\u2588\u2588\u2588\u258f                                                                        | 729/1435 [00:12<00:10, 66.26it/s]", "step": null, "ts": 1730799689.271612}]}, "version": 231, "at": 1730799689.2716844}
{"obj": {"type": "LogStrings", "path": ["monitoring", "552629ed", "stderr"], "values": [{"value": "\r 51%|\u2588\u2588\u2588\u2588\u2588\u2588\u2588\u2588\u2588\u2588\u2588\u2588\u2588\u2588\u2588\u2588\u2588\u2588\u2588\u2588\u2588\u2588\u2588\u2588\u2588\u2588\u2588\u2588\u2588\u2588\u2588\u2588\u2588\u2588\u2588\u2588\u2588\u2588\u2588\u2588\u2588\u2588\u2588\u2588\u2588\u2588\u2588\u2588\u2588\u2588\u2588\u2588\u2588\u2588\u2588\u2588\u2588\u2588\u2588\u2588\u2588\u2588\u2588\u2588\u2588\u2588\u2588\u2588\u2588\u2588\u2588\u2588\u2588\u2588\u2588\u2589                                                                        | 736/1435 [00:12<00:10, 66.26it/s]", "step": null, "ts": 1730799689.377276}]}, "version": 232, "at": 1730799689.3773558}
{"obj": {"type": "LogStrings", "path": ["monitoring", "552629ed", "stderr"], "values": [{"value": "\r 52%|\u2588\u2588\u2588\u2588\u2588\u2588\u2588\u2588\u2588\u2588\u2588\u2588\u2588\u2588\u2588\u2588\u2588\u2588\u2588\u2588\u2588\u2588\u2588\u2588\u2588\u2588\u2588\u2588\u2588\u2588\u2588\u2588\u2588\u2588\u2588\u2588\u2588\u2588\u2588\u2588\u2588\u2588\u2588\u2588\u2588\u2588\u2588\u2588\u2588\u2588\u2588\u2588\u2588\u2588\u2588\u2588\u2588\u2588\u2588\u2588\u2588\u2588\u2588\u2588\u2588\u2588\u2588\u2588\u2588\u2588\u2588\u2588\u2588\u2588\u2588\u2588\u258b                                                                       | 743/1435 [00:12<00:10, 66.18it/s]", "step": null, "ts": 1730799689.4834044}]}, "version": 233, "at": 1730799689.483475}
{"obj": {"type": "LogStrings", "path": ["monitoring", "552629ed", "stderr"], "values": [{"value": "\r 52%|\u2588\u2588\u2588\u2588\u2588\u2588\u2588\u2588\u2588\u2588\u2588\u2588\u2588\u2588\u2588\u2588\u2588\u2588\u2588\u2588\u2588\u2588\u2588\u2588\u2588\u2588\u2588\u2588\u2588\u2588\u2588\u2588\u2588\u2588\u2588\u2588\u2588\u2588\u2588\u2588\u2588\u2588\u2588\u2588\u2588\u2588\u2588\u2588\u2588\u2588\u2588\u2588\u2588\u2588\u2588\u2588\u2588\u2588\u2588\u2588\u2588\u2588\u2588\u2588\u2588\u2588\u2588\u2588\u2588\u2588\u2588\u2588\u2588\u2588\u2588\u2588\u2588\u258e                                                                      | 750/1435 [00:13<00:11, 58.48it/s]", "step": null, "ts": 1730799689.6358325}]}, "version": 234, "at": 1730799689.6359003}
{"obj": {"type": "LogStrings", "path": ["monitoring", "552629ed", "stderr"], "values": [{"value": "\r 53%|\u2588\u2588\u2588\u2588\u2588\u2588\u2588\u2588\u2588\u2588\u2588\u2588\u2588\u2588\u2588\u2588\u2588\u2588\u2588\u2588\u2588\u2588\u2588\u2588\u2588\u2588\u2588\u2588\u2588\u2588\u2588\u2588\u2588\u2588\u2588\u2588\u2588\u2588\u2588\u2588\u2588\u2588\u2588\u2588\u2588\u2588\u2588\u2588\u2588\u2588\u2588\u2588\u2588\u2588\u2588\u2588\u2588\u2588\u2588\u2588\u2588\u2588\u2588\u2588\u2588\u2588\u2588\u2588\u2588\u2588\u2588\u2588\u2588\u2588\u2588\u2588\u2588\u2588                                                                      | 757/1435 [00:13<00:11, 60.72it/s]", "step": null, "ts": 1730799689.7407496}]}, "version": 235, "at": 1730799689.7408185}
{"obj": {"type": "LogStrings", "path": ["monitoring", "552629ed", "stderr"], "values": [{"value": "\r 53%|\u2588\u2588\u2588\u2588\u2588\u2588\u2588\u2588\u2588\u2588\u2588\u2588\u2588\u2588\u2588\u2588\u2588\u2588\u2588\u2588\u2588\u2588\u2588\u2588\u2588\u2588\u2588\u2588\u2588\u2588\u2588\u2588\u2588\u2588\u2588\u2588\u2588\u2588\u2588\u2588\u2588\u2588\u2588\u2588\u2588\u2588\u2588\u2588\u2588\u2588\u2588\u2588\u2588\u2588\u2588\u2588\u2588\u2588\u2588\u2588\u2588\u2588\u2588\u2588\u2588\u2588\u2588\u2588\u2588\u2588\u2588\u2588\u2588\u2588\u2588\u2588\u2588\u2588\u258a                                                                     | 764/1435 [00:13<00:10, 62.06it/s]", "step": null, "ts": 1730799689.8478954}]}, "version": 236, "at": 1730799689.8480186}
{"obj": {"type": "LogStrings", "path": ["monitoring", "552629ed", "stderr"], "values": [{"value": "\r 54%|\u2588\u2588\u2588\u2588\u2588\u2588\u2588\u2588\u2588\u2588\u2588\u2588\u2588\u2588\u2588\u2588\u2588\u2588\u2588\u2588\u2588\u2588\u2588\u2588\u2588\u2588\u2588\u2588\u2588\u2588\u2588\u2588\u2588\u2588\u2588\u2588\u2588\u2588\u2588\u2588\u2588\u2588\u2588\u2588\u2588\u2588\u2588\u2588\u2588\u2588\u2588\u2588\u2588\u2588\u2588\u2588\u2588\u2588\u2588\u2588\u2588\u2588\u2588\u2588\u2588\u2588\u2588\u2588\u2588\u2588\u2588\u2588\u2588\u2588\u2588\u2588\u2588\u2588\u2588\u258c                                                                    | 771/1435 [00:13<00:10, 61.04it/s]", "step": null, "ts": 1730799689.9669678}]}, "version": 237, "at": 1730799689.9671218}
{"obj": {"type": "LogStrings", "path": ["monitoring", "552629ed", "stderr"], "values": [{"value": "\r 54%|\u2588\u2588\u2588\u2588\u2588\u2588\u2588\u2588\u2588\u2588\u2588\u2588\u2588\u2588\u2588\u2588\u2588\u2588\u2588\u2588\u2588\u2588\u2588\u2588\u2588\u2588\u2588\u2588\u2588\u2588\u2588\u2588\u2588\u2588\u2588\u2588\u2588\u2588\u2588\u2588\u2588\u2588\u2588\u2588\u2588\u2588\u2588\u2588\u2588\u2588\u2588\u2588\u2588\u2588\u2588\u2588\u2588\u2588\u2588\u2588\u2588\u2588\u2588\u2588\u2588\u2588\u2588\u2588\u2588\u2588\u2588\u2588\u2588\u2588\u2588\u2588\u2588\u2588\u2588\u2588\u258f                                                                   | 778/1435 [00:13<00:10, 61.59it/s]", "step": null, "ts": 1730799690.0780892}]}, "version": 238, "at": 1730799690.0781772}
{"obj": {"type": "LogStrings", "path": ["monitoring", "552629ed", "stderr"], "values": [{"value": "\r 55%|\u2588\u2588\u2588\u2588\u2588\u2588\u2588\u2588\u2588\u2588\u2588\u2588\u2588\u2588\u2588\u2588\u2588\u2588\u2588\u2588\u2588\u2588\u2588\u2588\u2588\u2588\u2588\u2588\u2588\u2588\u2588\u2588\u2588\u2588\u2588\u2588\u2588\u2588\u2588\u2588\u2588\u2588\u2588\u2588\u2588\u2588\u2588\u2588\u2588\u2588\u2588\u2588\u2588\u2588\u2588\u2588\u2588\u2588\u2588\u2588\u2588\u2588\u2588\u2588\u2588\u2588\u2588\u2588\u2588\u2588\u2588\u2588\u2588\u2588\u2588\u2588\u2588\u2588\u2588\u2588\u2589                                                                   | 785/1435 [00:13<00:10, 63.04it/s]", "step": null, "ts": 1730799690.1829834}]}, "version": 239, "at": 1730799690.1830807}
{"obj": {"type": "LogStrings", "path": ["monitoring", "552629ed", "stderr"], "values": [{"value": "\r 55%|\u2588\u2588\u2588\u2588\u2588\u2588\u2588\u2588\u2588\u2588\u2588\u2588\u2588\u2588\u2588\u2588\u2588\u2588\u2588\u2588\u2588\u2588\u2588\u2588\u2588\u2588\u2588\u2588\u2588\u2588\u2588\u2588\u2588\u2588\u2588\u2588\u2588\u2588\u2588\u2588\u2588\u2588\u2588\u2588\u2588\u2588\u2588\u2588\u2588\u2588\u2588\u2588\u2588\u2588\u2588\u2588\u2588\u2588\u2588\u2588\u2588\u2588\u2588\u2588\u2588\u2588\u2588\u2588\u2588\u2588\u2588\u2588\u2588\u2588\u2588\u2588\u2588\u2588\u2588\u2588\u2588\u258b                                                                  | 792/1435 [00:13<00:09, 64.43it/s]", "step": null, "ts": 1730799690.2860425}]}, "version": 240, "at": 1730799690.2861235}
{"obj": {"type": "LogStrings", "path": ["monitoring", "552629ed", "stderr"], "values": [{"value": "\r 56%|\u2588\u2588\u2588\u2588\u2588\u2588\u2588\u2588\u2588\u2588\u2588\u2588\u2588\u2588\u2588\u2588\u2588\u2588\u2588\u2588\u2588\u2588\u2588\u2588\u2588\u2588\u2588\u2588\u2588\u2588\u2588\u2588\u2588\u2588\u2588\u2588\u2588\u2588\u2588\u2588\u2588\u2588\u2588\u2588\u2588\u2588\u2588\u2588\u2588\u2588\u2588\u2588\u2588\u2588\u2588\u2588\u2588\u2588\u2588\u2588\u2588\u2588\u2588\u2588\u2588\u2588\u2588\u2588\u2588\u2588\u2588\u2588\u2588\u2588\u2588\u2588\u2588\u2588\u2588\u2588\u2588\u2588\u258d                                                                 | 799/1435 [00:13<00:09, 65.11it/s]", "step": null, "ts": 1730799690.390895}]}, "version": 241, "at": 1730799690.3909843}
{"obj": {"type": "LogStrings", "path": ["monitoring", "552629ed", "stderr"], "values": [{"value": "\r 56%|\u2588\u2588\u2588\u2588\u2588\u2588\u2588\u2588\u2588\u2588\u2588\u2588\u2588\u2588\u2588\u2588\u2588\u2588\u2588\u2588\u2588\u2588\u2588\u2588\u2588\u2588\u2588\u2588\u2588\u2588\u2588\u2588\u2588\u2588\u2588\u2588\u2588\u2588\u2588\u2588\u2588\u2588\u2588\u2588\u2588\u2588\u2588\u2588\u2588\u2588\u2588\u2588\u2588\u2588\u2588\u2588\u2588\u2588\u2588\u2588\u2588\u2588\u2588\u2588\u2588\u2588\u2588\u2588\u2588\u2588\u2588\u2588\u2588\u2588\u2588\u2588\u2588\u2588\u2588\u2588\u2588\u2588\u2588\u258f                                                                | 806/1435 [00:13<00:09, 65.18it/s]", "step": null, "ts": 1730799690.4979901}]}, "version": 242, "at": 1730799690.4980707}
{"obj": {"type": "LogStrings", "path": ["monitoring", "552629ed", "stderr"], "values": [{"value": "\r 57%|\u2588\u2588\u2588\u2588\u2588\u2588\u2588\u2588\u2588\u2588\u2588\u2588\u2588\u2588\u2588\u2588\u2588\u2588\u2588\u2588\u2588\u2588\u2588\u2588\u2588\u2588\u2588\u2588\u2588\u2588\u2588\u2588\u2588\u2588\u2588\u2588\u2588\u2588\u2588\u2588\u2588\u2588\u2588\u2588\u2588\u2588\u2588\u2588\u2588\u2588\u2588\u2588\u2588\u2588\u2588\u2588\u2588\u2588\u2588\u2588\u2588\u2588\u2588\u2588\u2588\u2588\u2588\u2588\u2588\u2588\u2588\u2588\u2588\u2588\u2588\u2588\u2588\u2588\u2588\u2588\u2588\u2588\u2588\u258a                                                                | 813/1435 [00:14<00:10, 58.09it/s]", "step": null, "ts": 1730799690.6491845}]}, "version": 243, "at": 1730799690.6492507}
{"obj": {"type": "LogStrings", "path": ["monitoring", "552629ed", "stderr"], "values": [{"value": "\r 57%|\u2588\u2588\u2588\u2588\u2588\u2588\u2588\u2588\u2588\u2588\u2588\u2588\u2588\u2588\u2588\u2588\u2588\u2588\u2588\u2588\u2588\u2588\u2588\u2588\u2588\u2588\u2588\u2588\u2588\u2588\u2588\u2588\u2588\u2588\u2588\u2588\u2588\u2588\u2588\u2588\u2588\u2588\u2588\u2588\u2588\u2588\u2588\u2588\u2588\u2588\u2588\u2588\u2588\u2588\u2588\u2588\u2588\u2588\u2588\u2588\u2588\u2588\u2588\u2588\u2588\u2588\u2588\u2588\u2588\u2588\u2588\u2588\u2588\u2588\u2588\u2588\u2588\u2588\u2588\u2588\u2588\u2588\u2588\u2588\u258c                                                               | 820/1435 [00:14<00:10, 60.33it/s]", "step": null, "ts": 1730799690.7547426}]}, "version": 244, "at": 1730799690.754835}
{"obj": {"type": "LogStrings", "path": ["monitoring", "552629ed", "stderr"], "values": [{"value": "\r 58%|\u2588\u2588\u2588\u2588\u2588\u2588\u2588\u2588\u2588\u2588\u2588\u2588\u2588\u2588\u2588\u2588\u2588\u2588\u2588\u2588\u2588\u2588\u2588\u2588\u2588\u2588\u2588\u2588\u2588\u2588\u2588\u2588\u2588\u2588\u2588\u2588\u2588\u2588\u2588\u2588\u2588\u2588\u2588\u2588\u2588\u2588\u2588\u2588\u2588\u2588\u2588\u2588\u2588\u2588\u2588\u2588\u2588\u2588\u2588\u2588\u2588\u2588\u2588\u2588\u2588\u2588\u2588\u2588\u2588\u2588\u2588\u2588\u2588\u2588\u2588\u2588\u2588\u2588\u2588\u2588\u2588\u2588\u2588\u2588\u2588\u258e                                                              | 827/1435 [00:14<00:09, 62.21it/s]", "step": null, "ts": 1730799690.8590546}]}, "version": 245, "at": 1730799690.8591342}
{"obj": {"type": "LogStrings", "path": ["monitoring", "552629ed", "stderr"], "values": [{"value": "\r 58%|\u2588\u2588\u2588\u2588\u2588\u2588\u2588\u2588\u2588\u2588\u2588\u2588\u2588\u2588\u2588\u2588\u2588\u2588\u2588\u2588\u2588\u2588\u2588\u2588\u2588\u2588\u2588\u2588\u2588\u2588\u2588\u2588\u2588\u2588\u2588\u2588\u2588\u2588\u2588\u2588\u2588\u2588\u2588\u2588\u2588\u2588\u2588\u2588\u2588\u2588\u2588\u2588\u2588\u2588\u2588\u2588\u2588\u2588\u2588\u2588\u2588\u2588\u2588\u2588\u2588\u2588\u2588\u2588\u2588\u2588\u2588\u2588\u2588\u2588\u2588\u2588\u2588\u2588\u2588\u2588\u2588\u2588\u2588\u2588\u2588\u2588                                                              | 834/1435 [00:14<00:09, 63.60it/s]", "step": null, "ts": 1730799690.9633868}]}, "version": 246, "at": 1730799690.9634686}
{"obj": {"type": "LogStrings", "path": ["monitoring", "552629ed", "stderr"], "values": [{"value": "\r 59%|\u2588\u2588\u2588\u2588\u2588\u2588\u2588\u2588\u2588\u2588\u2588\u2588\u2588\u2588\u2588\u2588\u2588\u2588\u2588\u2588\u2588\u2588\u2588\u2588\u2588\u2588\u2588\u2588\u2588\u2588\u2588\u2588\u2588\u2588\u2588\u2588\u2588\u2588\u2588\u2588\u2588\u2588\u2588\u2588\u2588\u2588\u2588\u2588\u2588\u2588\u2588\u2588\u2588\u2588\u2588\u2588\u2588\u2588\u2588\u2588\u2588\u2588\u2588\u2588\u2588\u2588\u2588\u2588\u2588\u2588\u2588\u2588\u2588\u2588\u2588\u2588\u2588\u2588\u2588\u2588\u2588\u2588\u2588\u2588\u2588\u2588\u258b                                                             | 841/1435 [00:14<00:09, 64.64it/s]", "step": null, "ts": 1730799691.0675497}]}, "version": 247, "at": 1730799691.0676494}
{"obj": {"type": "LogStrings", "path": ["monitoring", "552629ed", "stderr"], "values": [{"value": "\r 59%|\u2588\u2588\u2588\u2588\u2588\u2588\u2588\u2588\u2588\u2588\u2588\u2588\u2588\u2588\u2588\u2588\u2588\u2588\u2588\u2588\u2588\u2588\u2588\u2588\u2588\u2588\u2588\u2588\u2588\u2588\u2588\u2588\u2588\u2588\u2588\u2588\u2588\u2588\u2588\u2588\u2588\u2588\u2588\u2588\u2588\u2588\u2588\u2588\u2588\u2588\u2588\u2588\u2588\u2588\u2588\u2588\u2588\u2588\u2588\u2588\u2588\u2588\u2588\u2588\u2588\u2588\u2588\u2588\u2588\u2588\u2588\u2588\u2588\u2588\u2588\u2588\u2588\u2588\u2588\u2588\u2588\u2588\u2588\u2588\u2588\u2588\u2588\u258d                                                            | 848/1435 [00:14<00:09, 64.97it/s]", "step": null, "ts": 1730799691.1744297}]}, "version": 248, "at": 1730799691.174894}
{"obj": {"type": "LogStrings", "path": ["monitoring", "552629ed", "stderr"], "values": [{"value": "\r 60%|\u2588\u2588\u2588\u2588\u2588\u2588\u2588\u2588\u2588\u2588\u2588\u2588\u2588\u2588\u2588\u2588\u2588\u2588\u2588\u2588\u2588\u2588\u2588\u2588\u2588\u2588\u2588\u2588\u2588\u2588\u2588\u2588\u2588\u2588\u2588\u2588\u2588\u2588\u2588\u2588\u2588\u2588\u2588\u2588\u2588\u2588\u2588\u2588\u2588\u2588\u2588\u2588\u2588\u2588\u2588\u2588\u2588\u2588\u2588\u2588\u2588\u2588\u2588\u2588\u2588\u2588\u2588\u2588\u2588\u2588\u2588\u2588\u2588\u2588\u2588\u2588\u2588\u2588\u2588\u2588\u2588\u2588\u2588\u2588\u2588\u2588\u2588\u2588\u258f                                                           | 855/1435 [00:14<00:08, 65.12it/s]", "step": null, "ts": 1730799691.2809176}]}, "version": 249, "at": 1730799691.2810013}
{"obj": {"type": "LogStrings", "path": ["monitoring", "552629ed", "stderr"], "values": [{"value": "\r 60%|\u2588\u2588\u2588\u2588\u2588\u2588\u2588\u2588\u2588\u2588\u2588\u2588\u2588\u2588\u2588\u2588\u2588\u2588\u2588\u2588\u2588\u2588\u2588\u2588\u2588\u2588\u2588\u2588\u2588\u2588\u2588\u2588\u2588\u2588\u2588\u2588\u2588\u2588\u2588\u2588\u2588\u2588\u2588\u2588\u2588\u2588\u2588\u2588\u2588\u2588\u2588\u2588\u2588\u2588\u2588\u2588\u2588\u2588\u2588\u2588\u2588\u2588\u2588\u2588\u2588\u2588\u2588\u2588\u2588\u2588\u2588\u2588\u2588\u2588\u2588\u2588\u2588\u2588\u2588\u2588\u2588\u2588\u2588\u2588\u2588\u2588\u2588\u2588\u2589                                                           | 862/1435 [00:14<00:08, 65.80it/s]", "step": null, "ts": 1730799691.3846893}]}, "version": 250, "at": 1730799691.3847687}
{"obj": {"type": "LogStrings", "path": ["monitoring", "552629ed", "stderr"], "values": [{"value": "\r 61%|\u2588\u2588\u2588\u2588\u2588\u2588\u2588\u2588\u2588\u2588\u2588\u2588\u2588\u2588\u2588\u2588\u2588\u2588\u2588\u2588\u2588\u2588\u2588\u2588\u2588\u2588\u2588\u2588\u2588\u2588\u2588\u2588\u2588\u2588\u2588\u2588\u2588\u2588\u2588\u2588\u2588\u2588\u2588\u2588\u2588\u2588\u2588\u2588\u2588\u2588\u2588\u2588\u2588\u2588\u2588\u2588\u2588\u2588\u2588\u2588\u2588\u2588\u2588\u2588\u2588\u2588\u2588\u2588\u2588\u2588\u2588\u2588\u2588\u2588\u2588\u2588\u2588\u2588\u2588\u2588\u2588\u2588\u2588\u2588\u2588\u2588\u2588\u2588\u2588\u258b                                                          | 870/1435 [00:14<00:08, 67.88it/s]", "step": null, "ts": 1730799691.4949458}]}, "version": 251, "at": 1730799691.4950325}
{"obj": {"type": "LogStrings", "path": ["monitoring", "552629ed", "stderr"], "values": [{"value": "\r 61%|\u2588\u2588\u2588\u2588\u2588\u2588\u2588\u2588\u2588\u2588\u2588\u2588\u2588\u2588\u2588\u2588\u2588\u2588\u2588\u2588\u2588\u2588\u2588\u2588\u2588\u2588\u2588\u2588\u2588\u2588\u2588\u2588\u2588\u2588\u2588\u2588\u2588\u2588\u2588\u2588\u2588\u2588\u2588\u2588\u2588\u2588\u2588\u2588\u2588\u2588\u2588\u2588\u2588\u2588\u2588\u2588\u2588\u2588\u2588\u2588\u2588\u2588\u2588\u2588\u2588\u2588\u2588\u2588\u2588\u2588\u2588\u2588\u2588\u2588\u2588\u2588\u2588\u2588\u2588\u2588\u2588\u2588\u2588\u2588\u2588\u2588\u2588\u2588\u2588\u2588\u258c                                                         | 878/1435 [00:15<00:07, 70.05it/s]", "step": null, "ts": 1730799691.601344}]}, "version": 252, "at": 1730799691.601421}
{"obj": {"type": "LogStrings", "path": ["monitoring", "552629ed", "stderr"], "values": [{"value": "\r 62%|\u2588\u2588\u2588\u2588\u2588\u2588\u2588\u2588\u2588\u2588\u2588\u2588\u2588\u2588\u2588\u2588\u2588\u2588\u2588\u2588\u2588\u2588\u2588\u2588\u2588\u2588\u2588\u2588\u2588\u2588\u2588\u2588\u2588\u2588\u2588\u2588\u2588\u2588\u2588\u2588\u2588\u2588\u2588\u2588\u2588\u2588\u2588\u2588\u2588\u2588\u2588\u2588\u2588\u2588\u2588\u2588\u2588\u2588\u2588\u2588\u2588\u2588\u2588\u2588\u2588\u2588\u2588\u2588\u2588\u2588\u2588\u2588\u2588\u2588\u2588\u2588\u2588\u2588\u2588\u2588\u2588\u2588\u2588\u2588\u2588\u2588\u2588\u2588\u2588\u2588\u2588\u258d                                                        | 886/1435 [00:15<00:07, 72.23it/s]", "step": null, "ts": 1730799691.704608}]}, "version": 253, "at": 1730799691.70469}
{"obj": {"type": "LogStrings", "path": ["monitoring", "552629ed", "stderr"], "values": [{"value": "\r 62%|\u2588\u2588\u2588\u2588\u2588\u2588\u2588\u2588\u2588\u2588\u2588\u2588\u2588\u2588\u2588\u2588\u2588\u2588\u2588\u2588\u2588\u2588\u2588\u2588\u2588\u2588\u2588\u2588\u2588\u2588\u2588\u2588\u2588\u2588\u2588\u2588\u2588\u2588\u2588\u2588\u2588\u2588\u2588\u2588\u2588\u2588\u2588\u2588\u2588\u2588\u2588\u2588\u2588\u2588\u2588\u2588\u2588\u2588\u2588\u2588\u2588\u2588\u2588\u2588\u2588\u2588\u2588\u2588\u2588\u2588\u2588\u2588\u2588\u2588\u2588\u2588\u2588\u2588\u2588\u2588\u2588\u2588\u2588\u2588\u2588\u2588\u2588\u2588\u2588\u2588\u2588\u2588\u258f                                                       | 894/1435 [00:15<00:07, 72.08it/s]", "step": null, "ts": 1730799691.8160746}]}, "version": 254, "at": 1730799691.8161452}
{"obj": {"type": "LogStrings", "path": ["monitoring", "552629ed", "stderr"], "values": [{"value": "\r 63%|\u2588\u2588\u2588\u2588\u2588\u2588\u2588\u2588\u2588\u2588\u2588\u2588\u2588\u2588\u2588\u2588\u2588\u2588\u2588\u2588\u2588\u2588\u2588\u2588\u2588\u2588\u2588\u2588\u2588\u2588\u2588\u2588\u2588\u2588\u2588\u2588\u2588\u2588\u2588\u2588\u2588\u2588\u2588\u2588\u2588\u2588\u2588\u2588\u2588\u2588\u2588\u2588\u2588\u2588\u2588\u2588\u2588\u2588\u2588\u2588\u2588\u2588\u2588\u2588\u2588\u2588\u2588\u2588\u2588\u2588\u2588\u2588\u2588\u2588\u2588\u2588\u2588\u2588\u2588\u2588\u2588\u2588\u2588\u2588\u2588\u2588\u2588\u2588\u2588\u2588\u2588\u2588\u2588                                                       | 902/1435 [00:15<00:07, 72.99it/s]", "step": null, "ts": 1730799691.9225838}]}, "version": 255, "at": 1730799691.9226713}
{"obj": {"type": "LogStrings", "path": ["monitoring", "552629ed", "stderr"], "values": [{"value": "\r 63%|\u2588\u2588\u2588\u2588\u2588\u2588\u2588\u2588\u2588\u2588\u2588\u2588\u2588\u2588\u2588\u2588\u2588\u2588\u2588\u2588\u2588\u2588\u2588\u2588\u2588\u2588\u2588\u2588\u2588\u2588\u2588\u2588\u2588\u2588\u2588\u2588\u2588\u2588\u2588\u2588\u2588\u2588\u2588\u2588\u2588\u2588\u2588\u2588\u2588\u2588\u2588\u2588\u2588\u2588\u2588\u2588\u2588\u2588\u2588\u2588\u2588\u2588\u2588\u2588\u2588\u2588\u2588\u2588\u2588\u2588\u2588\u2588\u2588\u2588\u2588\u2588\u2588\u2588\u2588\u2588\u2588\u2588\u2588\u2588\u2588\u2588\u2588\u2588\u2588\u2588\u2588\u2588\u2588\u258a                                                      | 910/1435 [00:15<00:07, 72.18it/s]", "step": null, "ts": 1730799692.0362182}]}, "version": 256, "at": 1730799692.0363042}
{"obj": {"type": "LogStrings", "path": ["monitoring", "552629ed", "stderr"], "values": [{"value": "\r 64%|\u2588\u2588\u2588\u2588\u2588\u2588\u2588\u2588\u2588\u2588\u2588\u2588\u2588\u2588\u2588\u2588\u2588\u2588\u2588\u2588\u2588\u2588\u2588\u2588\u2588\u2588\u2588\u2588\u2588\u2588\u2588\u2588\u2588\u2588\u2588\u2588\u2588\u2588\u2588\u2588\u2588\u2588\u2588\u2588\u2588\u2588\u2588\u2588\u2588\u2588\u2588\u2588\u2588\u2588\u2588\u2588\u2588\u2588\u2588\u2588\u2588\u2588\u2588\u2588\u2588\u2588\u2588\u2588\u2588\u2588\u2588\u2588\u2588\u2588\u2588\u2588\u2588\u2588\u2588\u2588\u2588\u2588\u2588\u2588\u2588\u2588\u2588\u2588\u2588\u2588\u2588\u2588\u2588\u2588\u258b                                                     | 918/1435 [00:15<00:07, 70.13it/s]", "step": null, "ts": 1730799692.1577663}]}, "version": 257, "at": 1730799692.1578538}
{"obj": {"type": "LogStrings", "path": ["monitoring", "552629ed", "stderr"], "values": [{"value": "\r 65%|\u2588\u2588\u2588\u2588\u2588\u2588\u2588\u2588\u2588\u2588\u2588\u2588\u2588\u2588\u2588\u2588\u2588\u2588\u2588\u2588\u2588\u2588\u2588\u2588\u2588\u2588\u2588\u2588\u2588\u2588\u2588\u2588\u2588\u2588\u2588\u2588\u2588\u2588\u2588\u2588\u2588\u2588\u2588\u2588\u2588\u2588\u2588\u2588\u2588\u2588\u2588\u2588\u2588\u2588\u2588\u2588\u2588\u2588\u2588\u2588\u2588\u2588\u2588\u2588\u2588\u2588\u2588\u2588\u2588\u2588\u2588\u2588\u2588\u2588\u2588\u2588\u2588\u2588\u2588\u2588\u2588\u2588\u2588\u2588\u2588\u2588\u2588\u2588\u2588\u2588\u2588\u2588\u2588\u2588\u2588\u258c                                                    | 926/1435 [00:15<00:07, 69.35it/s]", "step": null, "ts": 1730799692.2760255}]}, "version": 258, "at": 1730799692.2761173}
{"obj": {"type": "LogStrings", "path": ["monitoring", "552629ed", "stderr"], "values": [{"value": "\r 65%|\u2588\u2588\u2588\u2588\u2588\u2588\u2588\u2588\u2588\u2588\u2588\u2588\u2588\u2588\u2588\u2588\u2588\u2588\u2588\u2588\u2588\u2588\u2588\u2588\u2588\u2588\u2588\u2588\u2588\u2588\u2588\u2588\u2588\u2588\u2588\u2588\u2588\u2588\u2588\u2588\u2588\u2588\u2588\u2588\u2588\u2588\u2588\u2588\u2588\u2588\u2588\u2588\u2588\u2588\u2588\u2588\u2588\u2588\u2588\u2588\u2588\u2588\u2588\u2588\u2588\u2588\u2588\u2588\u2588\u2588\u2588\u2588\u2588\u2588\u2588\u2588\u2588\u2588\u2588\u2588\u2588\u2588\u2588\u2588\u2588\u2588\u2588\u2588\u2588\u2588\u2588\u2588\u2588\u2588\u2588\u2588\u258e                                                   | 934/1435 [00:15<00:07, 71.00it/s]", "step": null, "ts": 1730799692.3825982}]}, "version": 259, "at": 1730799692.3827121}
{"obj": {"type": "LogStrings", "path": ["monitoring", "552629ed", "stderr"], "values": [{"value": "\r 66%|\u2588\u2588\u2588\u2588\u2588\u2588\u2588\u2588\u2588\u2588\u2588\u2588\u2588\u2588\u2588\u2588\u2588\u2588\u2588\u2588\u2588\u2588\u2588\u2588\u2588\u2588\u2588\u2588\u2588\u2588\u2588\u2588\u2588\u2588\u2588\u2588\u2588\u2588\u2588\u2588\u2588\u2588\u2588\u2588\u2588\u2588\u2588\u2588\u2588\u2588\u2588\u2588\u2588\u2588\u2588\u2588\u2588\u2588\u2588\u2588\u2588\u2588\u2588\u2588\u2588\u2588\u2588\u2588\u2588\u2588\u2588\u2588\u2588\u2588\u2588\u2588\u2588\u2588\u2588\u2588\u2588\u2588\u2588\u2588\u2588\u2588\u2588\u2588\u2588\u2588\u2588\u2588\u2588\u2588\u2588\u2588\u2588\u258f                                                  | 942/1435 [00:15<00:06, 72.14it/s]", "step": null, "ts": 1730799692.489333}]}, "version": 260, "at": 1730799692.4894202}
{"obj": {"type": "LogStrings", "path": ["monitoring", "552629ed", "stderr"], "values": [{"value": "\r 66%|\u2588\u2588\u2588\u2588\u2588\u2588\u2588\u2588\u2588\u2588\u2588\u2588\u2588\u2588\u2588\u2588\u2588\u2588\u2588\u2588\u2588\u2588\u2588\u2588\u2588\u2588\u2588\u2588\u2588\u2588\u2588\u2588\u2588\u2588\u2588\u2588\u2588\u2588\u2588\u2588\u2588\u2588\u2588\u2588\u2588\u2588\u2588\u2588\u2588\u2588\u2588\u2588\u2588\u2588\u2588\u2588\u2588\u2588\u2588\u2588\u2588\u2588\u2588\u2588\u2588\u2588\u2588\u2588\u2588\u2588\u2588\u2588\u2588\u2588\u2588\u2588\u2588\u2588\u2588\u2588\u2588\u2588\u2588\u2588\u2588\u2588\u2588\u2588\u2588\u2588\u2588\u2588\u2588\u2588\u2588\u2588\u2588\u2589                                                  | 950/1435 [00:16<00:06, 72.85it/s]", "step": null, "ts": 1730799692.5965173}]}, "version": 261, "at": 1730799692.596583}
{"obj": {"type": "LogStrings", "path": ["monitoring", "552629ed", "stderr"], "values": [{"value": "\r 67%|\u2588\u2588\u2588\u2588\u2588\u2588\u2588\u2588\u2588\u2588\u2588\u2588\u2588\u2588\u2588\u2588\u2588\u2588\u2588\u2588\u2588\u2588\u2588\u2588\u2588\u2588\u2588\u2588\u2588\u2588\u2588\u2588\u2588\u2588\u2588\u2588\u2588\u2588\u2588\u2588\u2588\u2588\u2588\u2588\u2588\u2588\u2588\u2588\u2588\u2588\u2588\u2588\u2588\u2588\u2588\u2588\u2588\u2588\u2588\u2588\u2588\u2588\u2588\u2588\u2588\u2588\u2588\u2588\u2588\u2588\u2588\u2588\u2588\u2588\u2588\u2588\u2588\u2588\u2588\u2588\u2588\u2588\u2588\u2588\u2588\u2588\u2588\u2588\u2588\u2588\u2588\u2588\u2588\u2588\u2588\u2588\u2588\u2588\u258a                                                 | 958/1435 [00:16<00:08, 59.60it/s]", "step": null, "ts": 1730799692.7877119}]}, "version": 262, "at": 1730799692.7878017}
{"obj": {"type": "LogStrings", "path": ["monitoring", "552629ed", "stderr"], "values": [{"value": "\r 67%|\u2588\u2588\u2588\u2588\u2588\u2588\u2588\u2588\u2588\u2588\u2588\u2588\u2588\u2588\u2588\u2588\u2588\u2588\u2588\u2588\u2588\u2588\u2588\u2588\u2588\u2588\u2588\u2588\u2588\u2588\u2588\u2588\u2588\u2588\u2588\u2588\u2588\u2588\u2588\u2588\u2588\u2588\u2588\u2588\u2588\u2588\u2588\u2588\u2588\u2588\u2588\u2588\u2588\u2588\u2588\u2588\u2588\u2588\u2588\u2588\u2588\u2588\u2588\u2588\u2588\u2588\u2588\u2588\u2588\u2588\u2588\u2588\u2588\u2588\u2588\u2588\u2588\u2588\u2588\u2588\u2588\u2588\u2588\u2588\u2588\u2588\u2588\u2588\u2588\u2588\u2588\u2588\u2588\u2588\u2588\u2588\u2588\u2588\u2588\u258b                                                | 966/1435 [00:16<00:07, 63.29it/s]", "step": null, "ts": 1730799692.895817}]}, "version": 263, "at": 1730799692.895909}
{"obj": {"type": "LogStrings", "path": ["monitoring", "552629ed", "stderr"], "values": [{"value": "\r 68%|\u2588\u2588\u2588\u2588\u2588\u2588\u2588\u2588\u2588\u2588\u2588\u2588\u2588\u2588\u2588\u2588\u2588\u2588\u2588\u2588\u2588\u2588\u2588\u2588\u2588\u2588\u2588\u2588\u2588\u2588\u2588\u2588\u2588\u2588\u2588\u2588\u2588\u2588\u2588\u2588\u2588\u2588\u2588\u2588\u2588\u2588\u2588\u2588\u2588\u2588\u2588\u2588\u2588\u2588\u2588\u2588\u2588\u2588\u2588\u2588\u2588\u2588\u2588\u2588\u2588\u2588\u2588\u2588\u2588\u2588\u2588\u2588\u2588\u2588\u2588\u2588\u2588\u2588\u2588\u2588\u2588\u2588\u2588\u2588\u2588\u2588\u2588\u2588\u2588\u2588\u2588\u2588\u2588\u2588\u2588\u2588\u2588\u2588\u2588\u2588\u258d                                               | 974/1435 [00:16<00:06, 66.42it/s]", "step": null, "ts": 1730799693.0025446}]}, "version": 264, "at": 1730799693.0026073}
{"obj": {"type": "LogStrings", "path": ["monitoring", "552629ed", "stderr"], "values": [{"value": "\r 68%|\u2588\u2588\u2588\u2588\u2588\u2588\u2588\u2588\u2588\u2588\u2588\u2588\u2588\u2588\u2588\u2588\u2588\u2588\u2588\u2588\u2588\u2588\u2588\u2588\u2588\u2588\u2588\u2588\u2588\u2588\u2588\u2588\u2588\u2588\u2588\u2588\u2588\u2588\u2588\u2588\u2588\u2588\u2588\u2588\u2588\u2588\u2588\u2588\u2588\u2588\u2588\u2588\u2588\u2588\u2588\u2588\u2588\u2588\u2588\u2588\u2588\u2588\u2588\u2588\u2588\u2588\u2588\u2588\u2588\u2588\u2588\u2588\u2588\u2588\u2588\u2588\u2588\u2588\u2588\u2588\u2588\u2588\u2588\u2588\u2588\u2588\u2588\u2588\u2588\u2588\u2588\u2588\u2588\u2588\u2588\u2588\u2588\u2588\u2588\u2588\u2588\u258e                                              | 982/1435 [00:16<00:06, 68.61it/s]", "step": null, "ts": 1730799693.110035}]}, "version": 265, "at": 1730799693.1101277}
{"obj": {"type": "LogStrings", "path": ["monitoring", "552629ed", "stderr"], "values": [{"value": "\r 69%|\u2588\u2588\u2588\u2588\u2588\u2588\u2588\u2588\u2588\u2588\u2588\u2588\u2588\u2588\u2588\u2588\u2588\u2588\u2588\u2588\u2588\u2588\u2588\u2588\u2588\u2588\u2588\u2588\u2588\u2588\u2588\u2588\u2588\u2588\u2588\u2588\u2588\u2588\u2588\u2588\u2588\u2588\u2588\u2588\u2588\u2588\u2588\u2588\u2588\u2588\u2588\u2588\u2588\u2588\u2588\u2588\u2588\u2588\u2588\u2588\u2588\u2588\u2588\u2588\u2588\u2588\u2588\u2588\u2588\u2588\u2588\u2588\u2588\u2588\u2588\u2588\u2588\u2588\u2588\u2588\u2588\u2588\u2588\u2588\u2588\u2588\u2588\u2588\u2588\u2588\u2588\u2588\u2588\u2588\u2588\u2588\u2588\u2588\u2588\u2588\u2588\u2588                                              | 990/1435 [00:16<00:06, 70.33it/s]", "step": null, "ts": 1730799693.2171724}]}, "version": 266, "at": 1730799693.2172604}
{"obj": {"type": "LogStrings", "path": ["monitoring", "552629ed", "stderr"], "values": [{"value": "\r 70%|\u2588\u2588\u2588\u2588\u2588\u2588\u2588\u2588\u2588\u2588\u2588\u2588\u2588\u2588\u2588\u2588\u2588\u2588\u2588\u2588\u2588\u2588\u2588\u2588\u2588\u2588\u2588\u2588\u2588\u2588\u2588\u2588\u2588\u2588\u2588\u2588\u2588\u2588\u2588\u2588\u2588\u2588\u2588\u2588\u2588\u2588\u2588\u2588\u2588\u2588\u2588\u2588\u2588\u2588\u2588\u2588\u2588\u2588\u2588\u2588\u2588\u2588\u2588\u2588\u2588\u2588\u2588\u2588\u2588\u2588\u2588\u2588\u2588\u2588\u2588\u2588\u2588\u2588\u2588\u2588\u2588\u2588\u2588\u2588\u2588\u2588\u2588\u2588\u2588\u2588\u2588\u2588\u2588\u2588\u2588\u2588\u2588\u2588\u2588\u2588\u2588\u2588\u2589                                             | 998/1435 [00:16<00:06, 70.53it/s]", "step": null, "ts": 1730799693.330004}]}, "version": 267, "at": 1730799693.3301313}
{"obj": {"type": "LogStrings", "path": ["monitoring", "552629ed", "stderr"], "values": [{"value": "\r 70%|\u2588\u2588\u2588\u2588\u2588\u2588\u2588\u2588\u2588\u2588\u2588\u2588\u2588\u2588\u2588\u2588\u2588\u2588\u2588\u2588\u2588\u2588\u2588\u2588\u2588\u2588\u2588\u2588\u2588\u2588\u2588\u2588\u2588\u2588\u2588\u2588\u2588\u2588\u2588\u2588\u2588\u2588\u2588\u2588\u2588\u2588\u2588\u2588\u2588\u2588\u2588\u2588\u2588\u2588\u2588\u2588\u2588\u2588\u2588\u2588\u2588\u2588\u2588\u2588\u2588\u2588\u2588\u2588\u2588\u2588\u2588\u2588\u2588\u2588\u2588\u2588\u2588\u2588\u2588\u2588\u2588\u2588\u2588\u2588\u2588\u2588\u2588\u2588\u2588\u2588\u2588\u2588\u2588\u2588\u2588\u2588\u2588\u2588\u2588\u2588\u2588\u2588\u2588                                            | 1006/1435 [00:16<00:05, 71.91it/s]", "step": null, "ts": 1730799693.4362252}]}, "version": 268, "at": 1730799693.4363115}
{"obj": {"type": "LogStrings", "path": ["monitoring", "552629ed", "stderr"], "values": [{"value": "\r 71%|\u2588\u2588\u2588\u2588\u2588\u2588\u2588\u2588\u2588\u2588\u2588\u2588\u2588\u2588\u2588\u2588\u2588\u2588\u2588\u2588\u2588\u2588\u2588\u2588\u2588\u2588\u2588\u2588\u2588\u2588\u2588\u2588\u2588\u2588\u2588\u2588\u2588\u2588\u2588\u2588\u2588\u2588\u2588\u2588\u2588\u2588\u2588\u2588\u2588\u2588\u2588\u2588\u2588\u2588\u2588\u2588\u2588\u2588\u2588\u2588\u2588\u2588\u2588\u2588\u2588\u2588\u2588\u2588\u2588\u2588\u2588\u2588\u2588\u2588\u2588\u2588\u2588\u2588\u2588\u2588\u2588\u2588\u2588\u2588\u2588\u2588\u2588\u2588\u2588\u2588\u2588\u2588\u2588\u2588\u2588\u2588\u2588\u2588\u2588\u2588\u2588\u2588\u2588\u258a                                           | 1014/1435 [00:17<00:05, 72.54it/s]", "step": null, "ts": 1730799693.5440161}]}, "version": 269, "at": 1730799693.544103}
{"obj": {"type": "LogStrings", "path": ["monitoring", "552629ed", "stderr"], "values": [{"value": "\r 71%|\u2588\u2588\u2588\u2588\u2588\u2588\u2588\u2588\u2588\u2588\u2588\u2588\u2588\u2588\u2588\u2588\u2588\u2588\u2588\u2588\u2588\u2588\u2588\u2588\u2588\u2588\u2588\u2588\u2588\u2588\u2588\u2588\u2588\u2588\u2588\u2588\u2588\u2588\u2588\u2588\u2588\u2588\u2588\u2588\u2588\u2588\u2588\u2588\u2588\u2588\u2588\u2588\u2588\u2588\u2588\u2588\u2588\u2588\u2588\u2588\u2588\u2588\u2588\u2588\u2588\u2588\u2588\u2588\u2588\u2588\u2588\u2588\u2588\u2588\u2588\u2588\u2588\u2588\u2588\u2588\u2588\u2588\u2588\u2588\u2588\u2588\u2588\u2588\u2588\u2588\u2588\u2588\u2588\u2588\u2588\u2588\u2588\u2588\u2588\u2588\u2588\u2588\u2588\u2588\u258b                                          | 1022/1435 [00:17<00:05, 73.06it/s]", "step": null, "ts": 1730799693.6517632}]}, "version": 270, "at": 1730799693.651867}
{"obj": {"type": "LogStrings", "path": ["monitoring", "552629ed", "stderr"], "values": [{"value": "\r 72%|\u2588\u2588\u2588\u2588\u2588\u2588\u2588\u2588\u2588\u2588\u2588\u2588\u2588\u2588\u2588\u2588\u2588\u2588\u2588\u2588\u2588\u2588\u2588\u2588\u2588\u2588\u2588\u2588\u2588\u2588\u2588\u2588\u2588\u2588\u2588\u2588\u2588\u2588\u2588\u2588\u2588\u2588\u2588\u2588\u2588\u2588\u2588\u2588\u2588\u2588\u2588\u2588\u2588\u2588\u2588\u2588\u2588\u2588\u2588\u2588\u2588\u2588\u2588\u2588\u2588\u2588\u2588\u2588\u2588\u2588\u2588\u2588\u2588\u2588\u2588\u2588\u2588\u2588\u2588\u2588\u2588\u2588\u2588\u2588\u2588\u2588\u2588\u2588\u2588\u2588\u2588\u2588\u2588\u2588\u2588\u2588\u2588\u2588\u2588\u2588\u2588\u2588\u2588\u2588\u2588\u258c                                         | 1030/1435 [00:17<00:06, 65.26it/s]", "step": null, "ts": 1730799693.8048615}]}, "version": 271, "at": 1730799693.8049634}
{"obj": {"type": "LogStrings", "path": ["monitoring", "552629ed", "stderr"], "values": [{"value": "\r 72%|\u2588\u2588\u2588\u2588\u2588\u2588\u2588\u2588\u2588\u2588\u2588\u2588\u2588\u2588\u2588\u2588\u2588\u2588\u2588\u2588\u2588\u2588\u2588\u2588\u2588\u2588\u2588\u2588\u2588\u2588\u2588\u2588\u2588\u2588\u2588\u2588\u2588\u2588\u2588\u2588\u2588\u2588\u2588\u2588\u2588\u2588\u2588\u2588\u2588\u2588\u2588\u2588\u2588\u2588\u2588\u2588\u2588\u2588\u2588\u2588\u2588\u2588\u2588\u2588\u2588\u2588\u2588\u2588\u2588\u2588\u2588\u2588\u2588\u2588\u2588\u2588\u2588\u2588\u2588\u2588\u2588\u2588\u2588\u2588\u2588\u2588\u2588\u2588\u2588\u2588\u2588\u2588\u2588\u2588\u2588\u2588\u2588\u2588\u2588\u2588\u2588\u2588\u2588\u2588\u2588\u2588\u258e                                        | 1038/1435 [00:17<00:05, 67.48it/s]", "step": null, "ts": 1730799693.9140677}]}, "version": 272, "at": 1730799693.914191}
{"obj": {"type": "LogStrings", "path": ["monitoring", "552629ed", "stderr"], "values": [{"value": "\r 73%|\u2588\u2588\u2588\u2588\u2588\u2588\u2588\u2588\u2588\u2588\u2588\u2588\u2588\u2588\u2588\u2588\u2588\u2588\u2588\u2588\u2588\u2588\u2588\u2588\u2588\u2588\u2588\u2588\u2588\u2588\u2588\u2588\u2588\u2588\u2588\u2588\u2588\u2588\u2588\u2588\u2588\u2588\u2588\u2588\u2588\u2588\u2588\u2588\u2588\u2588\u2588\u2588\u2588\u2588\u2588\u2588\u2588\u2588\u2588\u2588\u2588\u2588\u2588\u2588\u2588\u2588\u2588\u2588\u2588\u2588\u2588\u2588\u2588\u2588\u2588\u2588\u2588\u2588\u2588\u2588\u2588\u2588\u2588\u2588\u2588\u2588\u2588\u2588\u2588\u2588\u2588\u2588\u2588\u2588\u2588\u2588\u2588\u2588\u2588\u2588\u2588\u2588\u2588\u2588\u2588\u2588\u2588\u258f                                       | 1046/1435 [00:17<00:05, 69.47it/s]", "step": null, "ts": 1730799694.021194}]}, "version": 273, "at": 1730799694.0212724}
{"obj": {"type": "LogStrings", "path": ["monitoring", "552629ed", "stderr"], "values": [{"value": "\r 73%|\u2588\u2588\u2588\u2588\u2588\u2588\u2588\u2588\u2588\u2588\u2588\u2588\u2588\u2588\u2588\u2588\u2588\u2588\u2588\u2588\u2588\u2588\u2588\u2588\u2588\u2588\u2588\u2588\u2588\u2588\u2588\u2588\u2588\u2588\u2588\u2588\u2588\u2588\u2588\u2588\u2588\u2588\u2588\u2588\u2588\u2588\u2588\u2588\u2588\u2588\u2588\u2588\u2588\u2588\u2588\u2588\u2588\u2588\u2588\u2588\u2588\u2588\u2588\u2588\u2588\u2588\u2588\u2588\u2588\u2588\u2588\u2588\u2588\u2588\u2588\u2588\u2588\u2588\u2588\u2588\u2588\u2588\u2588\u2588\u2588\u2588\u2588\u2588\u2588\u2588\u2588\u2588\u2588\u2588\u2588\u2588\u2588\u2588\u2588\u2588\u2588\u2588\u2588\u2588\u2588\u2588\u2588\u2589                                       | 1054/1435 [00:17<00:05, 70.72it/s]", "step": null, "ts": 1730799694.1295412}]}, "version": 274, "at": 1730799694.129619}
{"obj": {"type": "LogStrings", "path": ["monitoring", "552629ed", "stderr"], "values": [{"value": "\r 74%|\u2588\u2588\u2588\u2588\u2588\u2588\u2588\u2588\u2588\u2588\u2588\u2588\u2588\u2588\u2588\u2588\u2588\u2588\u2588\u2588\u2588\u2588\u2588\u2588\u2588\u2588\u2588\u2588\u2588\u2588\u2588\u2588\u2588\u2588\u2588\u2588\u2588\u2588\u2588\u2588\u2588\u2588\u2588\u2588\u2588\u2588\u2588\u2588\u2588\u2588\u2588\u2588\u2588\u2588\u2588\u2588\u2588\u2588\u2588\u2588\u2588\u2588\u2588\u2588\u2588\u2588\u2588\u2588\u2588\u2588\u2588\u2588\u2588\u2588\u2588\u2588\u2588\u2588\u2588\u2588\u2588\u2588\u2588\u2588\u2588\u2588\u2588\u2588\u2588\u2588\u2588\u2588\u2588\u2588\u2588\u2588\u2588\u2588\u2588\u2588\u2588\u2588\u2588\u2588\u2588\u2588\u2588\u2588\u258a                                      | 1062/1435 [00:17<00:05, 72.11it/s]", "step": null, "ts": 1730799694.2355297}]}, "version": 275, "at": 1730799694.2356236}
{"obj": {"type": "LogStrings", "path": ["monitoring", "552629ed", "stderr"], "values": [{"value": "\r 75%|\u2588\u2588\u2588\u2588\u2588\u2588\u2588\u2588\u2588\u2588\u2588\u2588\u2588\u2588\u2588\u2588\u2588\u2588\u2588\u2588\u2588\u2588\u2588\u2588\u2588\u2588\u2588\u2588\u2588\u2588\u2588\u2588\u2588\u2588\u2588\u2588\u2588\u2588\u2588\u2588\u2588\u2588\u2588\u2588\u2588\u2588\u2588\u2588\u2588\u2588\u2588\u2588\u2588\u2588\u2588\u2588\u2588\u2588\u2588\u2588\u2588\u2588\u2588\u2588\u2588\u2588\u2588\u2588\u2588\u2588\u2588\u2588\u2588\u2588\u2588\u2588\u2588\u2588\u2588\u2588\u2588\u2588\u2588\u2588\u2588\u2588\u2588\u2588\u2588\u2588\u2588\u2588\u2588\u2588\u2588\u2588\u2588\u2588\u2588\u2588\u2588\u2588\u2588\u2588\u2588\u2588\u2588\u2588\u2588\u258c                                     | 1070/1435 [00:17<00:05, 72.80it/s]", "step": null, "ts": 1730799694.3428478}]}, "version": 276, "at": 1730799694.3429625}
{"obj": {"type": "LogStrings", "path": ["monitoring", "552629ed", "stderr"], "values": [{"value": "\r 75%|\u2588\u2588\u2588\u2588\u2588\u2588\u2588\u2588\u2588\u2588\u2588\u2588\u2588\u2588\u2588\u2588\u2588\u2588\u2588\u2588\u2588\u2588\u2588\u2588\u2588\u2588\u2588\u2588\u2588\u2588\u2588\u2588\u2588\u2588\u2588\u2588\u2588\u2588\u2588\u2588\u2588\u2588\u2588\u2588\u2588\u2588\u2588\u2588\u2588\u2588\u2588\u2588\u2588\u2588\u2588\u2588\u2588\u2588\u2588\u2588\u2588\u2588\u2588\u2588\u2588\u2588\u2588\u2588\u2588\u2588\u2588\u2588\u2588\u2588\u2588\u2588\u2588\u2588\u2588\u2588\u2588\u2588\u2588\u2588\u2588\u2588\u2588\u2588\u2588\u2588\u2588\u2588\u2588\u2588\u2588\u2588\u2588\u2588\u2588\u2588\u2588\u2588\u2588\u2588\u2588\u2588\u2588\u2588\u2588\u2588\u258d                                    | 1078/1435 [00:17<00:04, 73.43it/s]", "step": null, "ts": 1730799694.4497027}]}, "version": 277, "at": 1730799694.4497902}
{"obj": {"type": "LogStrings", "path": ["monitoring", "552629ed", "stderr"], "values": [{"value": "\r 76%|\u2588\u2588\u2588\u2588\u2588\u2588\u2588\u2588\u2588\u2588\u2588\u2588\u2588\u2588\u2588\u2588\u2588\u2588\u2588\u2588\u2588\u2588\u2588\u2588\u2588\u2588\u2588\u2588\u2588\u2588\u2588\u2588\u2588\u2588\u2588\u2588\u2588\u2588\u2588\u2588\u2588\u2588\u2588\u2588\u2588\u2588\u2588\u2588\u2588\u2588\u2588\u2588\u2588\u2588\u2588\u2588\u2588\u2588\u2588\u2588\u2588\u2588\u2588\u2588\u2588\u2588\u2588\u2588\u2588\u2588\u2588\u2588\u2588\u2588\u2588\u2588\u2588\u2588\u2588\u2588\u2588\u2588\u2588\u2588\u2588\u2588\u2588\u2588\u2588\u2588\u2588\u2588\u2588\u2588\u2588\u2588\u2588\u2588\u2588\u2588\u2588\u2588\u2588\u2588\u2588\u2588\u2588\u2588\u2588\u2588\u2588\u258f                                   | 1086/1435 [00:18<00:04, 73.93it/s]", "step": null, "ts": 1730799694.5561907}]}, "version": 278, "at": 1730799694.5562923}
{"obj": {"type": "LogStrings", "path": ["monitoring", "552629ed", "stderr"], "values": [{"value": "\r 76%|\u2588\u2588\u2588\u2588\u2588\u2588\u2588\u2588\u2588\u2588\u2588\u2588\u2588\u2588\u2588\u2588\u2588\u2588\u2588\u2588\u2588\u2588\u2588\u2588\u2588\u2588\u2588\u2588\u2588\u2588\u2588\u2588\u2588\u2588\u2588\u2588\u2588\u2588\u2588\u2588\u2588\u2588\u2588\u2588\u2588\u2588\u2588\u2588\u2588\u2588\u2588\u2588\u2588\u2588\u2588\u2588\u2588\u2588\u2588\u2588\u2588\u2588\u2588\u2588\u2588\u2588\u2588\u2588\u2588\u2588\u2588\u2588\u2588\u2588\u2588\u2588\u2588\u2588\u2588\u2588\u2588\u2588\u2588\u2588\u2588\u2588\u2588\u2588\u2588\u2588\u2588\u2588\u2588\u2588\u2588\u2588\u2588\u2588\u2588\u2588\u2588\u2588\u2588\u2588\u2588\u2588\u2588\u2588\u2588\u2588\u2588\u2588                                   | 1094/1435 [00:18<00:04, 74.09it/s]", "step": null, "ts": 1730799694.663551}]}, "version": 279, "at": 1730799694.6636398}
{"obj": {"type": "LogStrings", "path": ["monitoring", "552629ed", "stderr"], "values": [{"value": "\r 77%|\u2588\u2588\u2588\u2588\u2588\u2588\u2588\u2588\u2588\u2588\u2588\u2588\u2588\u2588\u2588\u2588\u2588\u2588\u2588\u2588\u2588\u2588\u2588\u2588\u2588\u2588\u2588\u2588\u2588\u2588\u2588\u2588\u2588\u2588\u2588\u2588\u2588\u2588\u2588\u2588\u2588\u2588\u2588\u2588\u2588\u2588\u2588\u2588\u2588\u2588\u2588\u2588\u2588\u2588\u2588\u2588\u2588\u2588\u2588\u2588\u2588\u2588\u2588\u2588\u2588\u2588\u2588\u2588\u2588\u2588\u2588\u2588\u2588\u2588\u2588\u2588\u2588\u2588\u2588\u2588\u2588\u2588\u2588\u2588\u2588\u2588\u2588\u2588\u2588\u2588\u2588\u2588\u2588\u2588\u2588\u2588\u2588\u2588\u2588\u2588\u2588\u2588\u2588\u2588\u2588\u2588\u2588\u2588\u2588\u2588\u2588\u2588\u2589                                  | 1102/1435 [00:18<00:05, 60.49it/s]", "step": null, "ts": 1730799694.8524241}]}, "version": 280, "at": 1730799694.8525424}
{"obj": {"type": "LogStrings", "path": ["monitoring", "552629ed", "stderr"], "values": [{"value": "\r 77%|\u2588\u2588\u2588\u2588\u2588\u2588\u2588\u2588\u2588\u2588\u2588\u2588\u2588\u2588\u2588\u2588\u2588\u2588\u2588\u2588\u2588\u2588\u2588\u2588\u2588\u2588\u2588\u2588\u2588\u2588\u2588\u2588\u2588\u2588\u2588\u2588\u2588\u2588\u2588\u2588\u2588\u2588\u2588\u2588\u2588\u2588\u2588\u2588\u2588\u2588\u2588\u2588\u2588\u2588\u2588\u2588\u2588\u2588\u2588\u2588\u2588\u2588\u2588\u2588\u2588\u2588\u2588\u2588\u2588\u2588\u2588\u2588\u2588\u2588\u2588\u2588\u2588\u2588\u2588\u2588\u2588\u2588\u2588\u2588\u2588\u2588\u2588\u2588\u2588\u2588\u2588\u2588\u2588\u2588\u2588\u2588\u2588\u2588\u2588\u2588\u2588\u2588\u2588\u2588\u2588\u2588\u2588\u2588\u2588\u2588\u2588\u2588\u2588\u258b                                 | 1110/1435 [00:18<00:05, 64.03it/s]", "step": null, "ts": 1730799694.9602702}]}, "version": 281, "at": 1730799694.9603455}
{"obj": {"type": "LogStrings", "path": ["monitoring", "552629ed", "stderr"], "values": [{"value": "\r 78%|\u2588\u2588\u2588\u2588\u2588\u2588\u2588\u2588\u2588\u2588\u2588\u2588\u2588\u2588\u2588\u2588\u2588\u2588\u2588\u2588\u2588\u2588\u2588\u2588\u2588\u2588\u2588\u2588\u2588\u2588\u2588\u2588\u2588\u2588\u2588\u2588\u2588\u2588\u2588\u2588\u2588\u2588\u2588\u2588\u2588\u2588\u2588\u2588\u2588\u2588\u2588\u2588\u2588\u2588\u2588\u2588\u2588\u2588\u2588\u2588\u2588\u2588\u2588\u2588\u2588\u2588\u2588\u2588\u2588\u2588\u2588\u2588\u2588\u2588\u2588\u2588\u2588\u2588\u2588\u2588\u2588\u2588\u2588\u2588\u2588\u2588\u2588\u2588\u2588\u2588\u2588\u2588\u2588\u2588\u2588\u2588\u2588\u2588\u2588\u2588\u2588\u2588\u2588\u2588\u2588\u2588\u2588\u2588\u2588\u2588\u2588\u2588\u2588\u2588\u258c                                | 1118/1435 [00:18<00:04, 67.05it/s]", "step": null, "ts": 1730799695.0665693}]}, "version": 282, "at": 1730799695.066659}
{"obj": {"type": "LogStrings", "path": ["monitoring", "552629ed", "stderr"], "values": [{"value": "\r 78%|\u2588\u2588\u2588\u2588\u2588\u2588\u2588\u2588\u2588\u2588\u2588\u2588\u2588\u2588\u2588\u2588\u2588\u2588\u2588\u2588\u2588\u2588\u2588\u2588\u2588\u2588\u2588\u2588\u2588\u2588\u2588\u2588\u2588\u2588\u2588\u2588\u2588\u2588\u2588\u2588\u2588\u2588\u2588\u2588\u2588\u2588\u2588\u2588\u2588\u2588\u2588\u2588\u2588\u2588\u2588\u2588\u2588\u2588\u2588\u2588\u2588\u2588\u2588\u2588\u2588\u2588\u2588\u2588\u2588\u2588\u2588\u2588\u2588\u2588\u2588\u2588\u2588\u2588\u2588\u2588\u2588\u2588\u2588\u2588\u2588\u2588\u2588\u2588\u2588\u2588\u2588\u2588\u2588\u2588\u2588\u2588\u2588\u2588\u2588\u2588\u2588\u2588\u2588\u2588\u2588\u2588\u2588\u2588\u2588\u2588\u2588\u2588\u2588\u2588\u2588\u258e                               | 1126/1435 [00:18<00:04, 69.27it/s]", "step": null, "ts": 1730799695.1730382}]}, "version": 283, "at": 1730799695.1731367}
{"obj": {"type": "LogStrings", "path": ["monitoring", "552629ed", "stderr"], "values": [{"value": "\r 79%|\u2588\u2588\u2588\u2588\u2588\u2588\u2588\u2588\u2588\u2588\u2588\u2588\u2588\u2588\u2588\u2588\u2588\u2588\u2588\u2588\u2588\u2588\u2588\u2588\u2588\u2588\u2588\u2588\u2588\u2588\u2588\u2588\u2588\u2588\u2588\u2588\u2588\u2588\u2588\u2588\u2588\u2588\u2588\u2588\u2588\u2588\u2588\u2588\u2588\u2588\u2588\u2588\u2588\u2588\u2588\u2588\u2588\u2588\u2588\u2588\u2588\u2588\u2588\u2588\u2588\u2588\u2588\u2588\u2588\u2588\u2588\u2588\u2588\u2588\u2588\u2588\u2588\u2588\u2588\u2588\u2588\u2588\u2588\u2588\u2588\u2588\u2588\u2588\u2588\u2588\u2588\u2588\u2588\u2588\u2588\u2588\u2588\u2588\u2588\u2588\u2588\u2588\u2588\u2588\u2588\u2588\u2588\u2588\u2588\u2588\u2588\u2588\u2588\u2588\u2588\u2588\u258f                              | 1134/1435 [00:18<00:04, 70.78it/s]", "step": null, "ts": 1730799695.2803285}]}, "version": 284, "at": 1730799695.2804286}
{"obj": {"type": "LogStrings", "path": ["monitoring", "552629ed", "stderr"], "values": [{"value": "\r 80%|\u2588\u2588\u2588\u2588\u2588\u2588\u2588\u2588\u2588\u2588\u2588\u2588\u2588\u2588\u2588\u2588\u2588\u2588\u2588\u2588\u2588\u2588\u2588\u2588\u2588\u2588\u2588\u2588\u2588\u2588\u2588\u2588\u2588\u2588\u2588\u2588\u2588\u2588\u2588\u2588\u2588\u2588\u2588\u2588\u2588\u2588\u2588\u2588\u2588\u2588\u2588\u2588\u2588\u2588\u2588\u2588\u2588\u2588\u2588\u2588\u2588\u2588\u2588\u2588\u2588\u2588\u2588\u2588\u2588\u2588\u2588\u2588\u2588\u2588\u2588\u2588\u2588\u2588\u2588\u2588\u2588\u2588\u2588\u2588\u2588\u2588\u2588\u2588\u2588\u2588\u2588\u2588\u2588\u2588\u2588\u2588\u2588\u2588\u2588\u2588\u2588\u2588\u2588\u2588\u2588\u2588\u2588\u2588\u2588\u2588\u2588\u2588\u2588\u2588\u2588\u2588\u2589                              | 1142/1435 [00:18<00:04, 72.02it/s]", "step": null, "ts": 1730799695.38705}]}, "version": 285, "at": 1730799695.387109}
{"obj": {"type": "LogStrings", "path": ["monitoring", "552629ed", "stderr"], "values": [{"value": "\r 80%|\u2588\u2588\u2588\u2588\u2588\u2588\u2588\u2588\u2588\u2588\u2588\u2588\u2588\u2588\u2588\u2588\u2588\u2588\u2588\u2588\u2588\u2588\u2588\u2588\u2588\u2588\u2588\u2588\u2588\u2588\u2588\u2588\u2588\u2588\u2588\u2588\u2588\u2588\u2588\u2588\u2588\u2588\u2588\u2588\u2588\u2588\u2588\u2588\u2588\u2588\u2588\u2588\u2588\u2588\u2588\u2588\u2588\u2588\u2588\u2588\u2588\u2588\u2588\u2588\u2588\u2588\u2588\u2588\u2588\u2588\u2588\u2588\u2588\u2588\u2588\u2588\u2588\u2588\u2588\u2588\u2588\u2588\u2588\u2588\u2588\u2588\u2588\u2588\u2588\u2588\u2588\u2588\u2588\u2588\u2588\u2588\u2588\u2588\u2588\u2588\u2588\u2588\u2588\u2588\u2588\u2588\u2588\u2588\u2588\u2588\u2588\u2588\u2588\u2588\u2588\u2588\u2588\u258a                             | 1150/1435 [00:18<00:04, 71.22it/s]", "step": null, "ts": 1730799695.5021377}]}, "version": 286, "at": 1730799695.5022342}
{"obj": {"type": "LogStrings", "path": ["monitoring", "552629ed", "stderr"], "values": [{"value": "\r 81%|\u2588\u2588\u2588\u2588\u2588\u2588\u2588\u2588\u2588\u2588\u2588\u2588\u2588\u2588\u2588\u2588\u2588\u2588\u2588\u2588\u2588\u2588\u2588\u2588\u2588\u2588\u2588\u2588\u2588\u2588\u2588\u2588\u2588\u2588\u2588\u2588\u2588\u2588\u2588\u2588\u2588\u2588\u2588\u2588\u2588\u2588\u2588\u2588\u2588\u2588\u2588\u2588\u2588\u2588\u2588\u2588\u2588\u2588\u2588\u2588\u2588\u2588\u2588\u2588\u2588\u2588\u2588\u2588\u2588\u2588\u2588\u2588\u2588\u2588\u2588\u2588\u2588\u2588\u2588\u2588\u2588\u2588\u2588\u2588\u2588\u2588\u2588\u2588\u2588\u2588\u2588\u2588\u2588\u2588\u2588\u2588\u2588\u2588\u2588\u2588\u2588\u2588\u2588\u2588\u2588\u2588\u2588\u2588\u2588\u2588\u2588\u2588\u2588\u2588\u2588\u2588\u2588\u2588\u258c                            | 1158/1435 [00:19<00:03, 72.24it/s]", "step": null, "ts": 1730799695.6091173}]}, "version": 287, "at": 1730799695.6091778}
{"obj": {"type": "LogStrings", "path": ["monitoring", "552629ed", "stderr"], "values": [{"value": "\r 81%|\u2588\u2588\u2588\u2588\u2588\u2588\u2588\u2588\u2588\u2588\u2588\u2588\u2588\u2588\u2588\u2588\u2588\u2588\u2588\u2588\u2588\u2588\u2588\u2588\u2588\u2588\u2588\u2588\u2588\u2588\u2588\u2588\u2588\u2588\u2588\u2588\u2588\u2588\u2588\u2588\u2588\u2588\u2588\u2588\u2588\u2588\u2588\u2588\u2588\u2588\u2588\u2588\u2588\u2588\u2588\u2588\u2588\u2588\u2588\u2588\u2588\u2588\u2588\u2588\u2588\u2588\u2588\u2588\u2588\u2588\u2588\u2588\u2588\u2588\u2588\u2588\u2588\u2588\u2588\u2588\u2588\u2588\u2588\u2588\u2588\u2588\u2588\u2588\u2588\u2588\u2588\u2588\u2588\u2588\u2588\u2588\u2588\u2588\u2588\u2588\u2588\u2588\u2588\u2588\u2588\u2588\u2588\u2588\u2588\u2588\u2588\u2588\u2588\u2588\u2588\u2588\u2588\u2588\u2588\u258d                           | 1166/1435 [00:19<00:03, 72.92it/s]", "step": null, "ts": 1730799695.7164764}]}, "version": 288, "at": 1730799695.7165563}
{"obj": {"type": "LogStrings", "path": ["monitoring", "552629ed", "stderr"], "values": [{"value": "\r 82%|\u2588\u2588\u2588\u2588\u2588\u2588\u2588\u2588\u2588\u2588\u2588\u2588\u2588\u2588\u2588\u2588\u2588\u2588\u2588\u2588\u2588\u2588\u2588\u2588\u2588\u2588\u2588\u2588\u2588\u2588\u2588\u2588\u2588\u2588\u2588\u2588\u2588\u2588\u2588\u2588\u2588\u2588\u2588\u2588\u2588\u2588\u2588\u2588\u2588\u2588\u2588\u2588\u2588\u2588\u2588\u2588\u2588\u2588\u2588\u2588\u2588\u2588\u2588\u2588\u2588\u2588\u2588\u2588\u2588\u2588\u2588\u2588\u2588\u2588\u2588\u2588\u2588\u2588\u2588\u2588\u2588\u2588\u2588\u2588\u2588\u2588\u2588\u2588\u2588\u2588\u2588\u2588\u2588\u2588\u2588\u2588\u2588\u2588\u2588\u2588\u2588\u2588\u2588\u2588\u2588\u2588\u2588\u2588\u2588\u2588\u2588\u2588\u2588\u2588\u2588\u2588\u2588\u2588\u2588\u2588\u258e                          | 1174/1435 [00:19<00:03, 73.81it/s]", "step": null, "ts": 1730799695.8217003}]}, "version": 289, "at": 1730799695.8217726}
{"obj": {"type": "LogStrings", "path": ["monitoring", "552629ed", "stderr"], "values": [{"value": "\r 82%|\u2588\u2588\u2588\u2588\u2588\u2588\u2588\u2588\u2588\u2588\u2588\u2588\u2588\u2588\u2588\u2588\u2588\u2588\u2588\u2588\u2588\u2588\u2588\u2588\u2588\u2588\u2588\u2588\u2588\u2588\u2588\u2588\u2588\u2588\u2588\u2588\u2588\u2588\u2588\u2588\u2588\u2588\u2588\u2588\u2588\u2588\u2588\u2588\u2588\u2588\u2588\u2588\u2588\u2588\u2588\u2588\u2588\u2588\u2588\u2588\u2588\u2588\u2588\u2588\u2588\u2588\u2588\u2588\u2588\u2588\u2588\u2588\u2588\u2588\u2588\u2588\u2588\u2588\u2588\u2588\u2588\u2588\u2588\u2588\u2588\u2588\u2588\u2588\u2588\u2588\u2588\u2588\u2588\u2588\u2588\u2588\u2588\u2588\u2588\u2588\u2588\u2588\u2588\u2588\u2588\u2588\u2588\u2588\u2588\u2588\u2588\u2588\u2588\u2588\u2588\u2588\u2588\u2588\u2588\u2588\u2588                          | 1182/1435 [00:19<00:03, 73.77it/s]", "step": null, "ts": 1730799695.9306052}]}, "version": 290, "at": 1730799695.9307609}
{"obj": {"type": "LogStrings", "path": ["monitoring", "552629ed", "stderr"], "values": [{"value": "\r 83%|\u2588\u2588\u2588\u2588\u2588\u2588\u2588\u2588\u2588\u2588\u2588\u2588\u2588\u2588\u2588\u2588\u2588\u2588\u2588\u2588\u2588\u2588\u2588\u2588\u2588\u2588\u2588\u2588\u2588\u2588\u2588\u2588\u2588\u2588\u2588\u2588\u2588\u2588\u2588\u2588\u2588\u2588\u2588\u2588\u2588\u2588\u2588\u2588\u2588\u2588\u2588\u2588\u2588\u2588\u2588\u2588\u2588\u2588\u2588\u2588\u2588\u2588\u2588\u2588\u2588\u2588\u2588\u2588\u2588\u2588\u2588\u2588\u2588\u2588\u2588\u2588\u2588\u2588\u2588\u2588\u2588\u2588\u2588\u2588\u2588\u2588\u2588\u2588\u2588\u2588\u2588\u2588\u2588\u2588\u2588\u2588\u2588\u2588\u2588\u2588\u2588\u2588\u2588\u2588\u2588\u2588\u2588\u2588\u2588\u2588\u2588\u2588\u2588\u2588\u2588\u2588\u2588\u2588\u2588\u2588\u2588\u2589                         | 1190/1435 [00:19<00:03, 73.74it/s]", "step": null, "ts": 1730799696.0389438}]}, "version": 291, "at": 1730799696.039038}
{"obj": {"type": "LogStrings", "path": ["monitoring", "552629ed", "stderr"], "values": [{"value": "\r 83%|\u2588\u2588\u2588\u2588\u2588\u2588\u2588\u2588\u2588\u2588\u2588\u2588\u2588\u2588\u2588\u2588\u2588\u2588\u2588\u2588\u2588\u2588\u2588\u2588\u2588\u2588\u2588\u2588\u2588\u2588\u2588\u2588\u2588\u2588\u2588\u2588\u2588\u2588\u2588\u2588\u2588\u2588\u2588\u2588\u2588\u2588\u2588\u2588\u2588\u2588\u2588\u2588\u2588\u2588\u2588\u2588\u2588\u2588\u2588\u2588\u2588\u2588\u2588\u2588\u2588\u2588\u2588\u2588\u2588\u2588\u2588\u2588\u2588\u2588\u2588\u2588\u2588\u2588\u2588\u2588\u2588\u2588\u2588\u2588\u2588\u2588\u2588\u2588\u2588\u2588\u2588\u2588\u2588\u2588\u2588\u2588\u2588\u2588\u2588\u2588\u2588\u2588\u2588\u2588\u2588\u2588\u2588\u2588\u2588\u2588\u2588\u2588\u2588\u2588\u2588\u2588\u2588\u2588\u2588\u2588\u2588\u2588\u258b                        | 1198/1435 [00:19<00:03, 74.05it/s]", "step": null, "ts": 1730799696.1459646}]}, "version": 292, "at": 1730799696.1460397}
{"obj": {"type": "LogStrings", "path": ["monitoring", "552629ed", "stderr"], "values": [{"value": "\r 84%|\u2588\u2588\u2588\u2588\u2588\u2588\u2588\u2588\u2588\u2588\u2588\u2588\u2588\u2588\u2588\u2588\u2588\u2588\u2588\u2588\u2588\u2588\u2588\u2588\u2588\u2588\u2588\u2588\u2588\u2588\u2588\u2588\u2588\u2588\u2588\u2588\u2588\u2588\u2588\u2588\u2588\u2588\u2588\u2588\u2588\u2588\u2588\u2588\u2588\u2588\u2588\u2588\u2588\u2588\u2588\u2588\u2588\u2588\u2588\u2588\u2588\u2588\u2588\u2588\u2588\u2588\u2588\u2588\u2588\u2588\u2588\u2588\u2588\u2588\u2588\u2588\u2588\u2588\u2588\u2588\u2588\u2588\u2588\u2588\u2588\u2588\u2588\u2588\u2588\u2588\u2588\u2588\u2588\u2588\u2588\u2588\u2588\u2588\u2588\u2588\u2588\u2588\u2588\u2588\u2588\u2588\u2588\u2588\u2588\u2588\u2588\u2588\u2588\u2588\u2588\u2588\u2588\u2588\u2588\u2588\u2588\u2588\u2588\u258c                       | 1206/1435 [00:19<00:03, 74.32it/s]", "step": null, "ts": 1730799696.2526379}]}, "version": 293, "at": 1730799696.2527208}
{"obj": {"type": "LogStrings", "path": ["monitoring", "552629ed", "stderr"], "values": [{"value": "\r 85%|\u2588\u2588\u2588\u2588\u2588\u2588\u2588\u2588\u2588\u2588\u2588\u2588\u2588\u2588\u2588\u2588\u2588\u2588\u2588\u2588\u2588\u2588\u2588\u2588\u2588\u2588\u2588\u2588\u2588\u2588\u2588\u2588\u2588\u2588\u2588\u2588\u2588\u2588\u2588\u2588\u2588\u2588\u2588\u2588\u2588\u2588\u2588\u2588\u2588\u2588\u2588\u2588\u2588\u2588\u2588\u2588\u2588\u2588\u2588\u2588\u2588\u2588\u2588\u2588\u2588\u2588\u2588\u2588\u2588\u2588\u2588\u2588\u2588\u2588\u2588\u2588\u2588\u2588\u2588\u2588\u2588\u2588\u2588\u2588\u2588\u2588\u2588\u2588\u2588\u2588\u2588\u2588\u2588\u2588\u2588\u2588\u2588\u2588\u2588\u2588\u2588\u2588\u2588\u2588\u2588\u2588\u2588\u2588\u2588\u2588\u2588\u2588\u2588\u2588\u2588\u2588\u2588\u2588\u2588\u2588\u2588\u2588\u2588\u2588\u258e                      | 1214/1435 [00:19<00:02, 74.26it/s]", "step": null, "ts": 1730799696.3607314}]}, "version": 294, "at": 1730799696.3608296}
{"obj": {"type": "LogStrings", "path": ["monitoring", "552629ed", "stderr"], "values": [{"value": "\r 85%|\u2588\u2588\u2588\u2588\u2588\u2588\u2588\u2588\u2588\u2588\u2588\u2588\u2588\u2588\u2588\u2588\u2588\u2588\u2588\u2588\u2588\u2588\u2588\u2588\u2588\u2588\u2588\u2588\u2588\u2588\u2588\u2588\u2588\u2588\u2588\u2588\u2588\u2588\u2588\u2588\u2588\u2588\u2588\u2588\u2588\u2588\u2588\u2588\u2588\u2588\u2588\u2588\u2588\u2588\u2588\u2588\u2588\u2588\u2588\u2588\u2588\u2588\u2588\u2588\u2588\u2588\u2588\u2588\u2588\u2588\u2588\u2588\u2588\u2588\u2588\u2588\u2588\u2588\u2588\u2588\u2588\u2588\u2588\u2588\u2588\u2588\u2588\u2588\u2588\u2588\u2588\u2588\u2588\u2588\u2588\u2588\u2588\u2588\u2588\u2588\u2588\u2588\u2588\u2588\u2588\u2588\u2588\u2588\u2588\u2588\u2588\u2588\u2588\u2588\u2588\u2588\u2588\u2588\u2588\u2588\u2588\u2588\u2588\u2588\u2588\u258f                     | 1222/1435 [00:19<00:02, 74.39it/s]", "step": null, "ts": 1730799696.4677286}]}, "version": 295, "at": 1730799696.4678173}
{"obj": {"type": "LogStrings", "path": ["monitoring", "552629ed", "stderr"], "values": [{"value": "\r 86%|\u2588\u2588\u2588\u2588\u2588\u2588\u2588\u2588\u2588\u2588\u2588\u2588\u2588\u2588\u2588\u2588\u2588\u2588\u2588\u2588\u2588\u2588\u2588\u2588\u2588\u2588\u2588\u2588\u2588\u2588\u2588\u2588\u2588\u2588\u2588\u2588\u2588\u2588\u2588\u2588\u2588\u2588\u2588\u2588\u2588\u2588\u2588\u2588\u2588\u2588\u2588\u2588\u2588\u2588\u2588\u2588\u2588\u2588\u2588\u2588\u2588\u2588\u2588\u2588\u2588\u2588\u2588\u2588\u2588\u2588\u2588\u2588\u2588\u2588\u2588\u2588\u2588\u2588\u2588\u2588\u2588\u2588\u2588\u2588\u2588\u2588\u2588\u2588\u2588\u2588\u2588\u2588\u2588\u2588\u2588\u2588\u2588\u2588\u2588\u2588\u2588\u2588\u2588\u2588\u2588\u2588\u2588\u2588\u2588\u2588\u2588\u2588\u2588\u2588\u2588\u2588\u2588\u2588\u2588\u2588\u2588\u2588\u2588\u2588\u2588\u2588                     | 1230/1435 [00:20<00:02, 74.51it/s]", "step": null, "ts": 1730799696.5746727}]}, "version": 296, "at": 1730799696.5747635}
{"obj": {"type": "LogStrings", "path": ["monitoring", "552629ed", "stderr"], "values": [{"value": "\r 86%|\u2588\u2588\u2588\u2588\u2588\u2588\u2588\u2588\u2588\u2588\u2588\u2588\u2588\u2588\u2588\u2588\u2588\u2588\u2588\u2588\u2588\u2588\u2588\u2588\u2588\u2588\u2588\u2588\u2588\u2588\u2588\u2588\u2588\u2588\u2588\u2588\u2588\u2588\u2588\u2588\u2588\u2588\u2588\u2588\u2588\u2588\u2588\u2588\u2588\u2588\u2588\u2588\u2588\u2588\u2588\u2588\u2588\u2588\u2588\u2588\u2588\u2588\u2588\u2588\u2588\u2588\u2588\u2588\u2588\u2588\u2588\u2588\u2588\u2588\u2588\u2588\u2588\u2588\u2588\u2588\u2588\u2588\u2588\u2588\u2588\u2588\u2588\u2588\u2588\u2588\u2588\u2588\u2588\u2588\u2588\u2588\u2588\u2588\u2588\u2588\u2588\u2588\u2588\u2588\u2588\u2588\u2588\u2588\u2588\u2588\u2588\u2588\u2588\u2588\u2588\u2588\u2588\u2588\u2588\u2588\u2588\u2588\u2588\u2588\u2588\u2588\u258a                    | 1238/1435 [00:20<00:02, 74.45it/s]", "step": null, "ts": 1730799696.682425}]}, "version": 297, "at": 1730799696.6825144}
{"obj": {"type": "LogFloats", "path": ["monitoring", "552629ed", "cpu"], "values": [{"value": 33.2, "step": null, "ts": 1730799696.7246573}]}, "version": 298, "at": 1730799696.7269588}
{"obj": {"type": "LogFloats", "path": ["monitoring", "552629ed", "memory"], "values": [{"value": 9.409244537353516, "step": null, "ts": 1730799696.7246573}]}, "version": 299, "at": 1730799696.7272148}
{"obj": {"type": "LogFloats", "path": ["monitoring", "552629ed", "gpu"], "values": [{"value": 94.0, "step": null, "ts": 1730799696.7246573}]}, "version": 300, "at": 1730799696.727385}
{"obj": {"type": "LogFloats", "path": ["monitoring", "552629ed", "gpu_memory"], "values": [{"value": 1.07940673828125, "step": null, "ts": 1730799696.7246573}]}, "version": 301, "at": 1730799696.7275498}
{"obj": {"type": "LogFloats", "path": ["monitoring", "552629ed", "gpu_power"], "values": [{"value": 198.369, "step": null, "ts": 1730799696.7246573}]}, "version": 302, "at": 1730799696.7277465}
{"obj": {"type": "LogStrings", "path": ["monitoring", "552629ed", "stderr"], "values": [{"value": "\r 87%|\u2588\u2588\u2588\u2588\u2588\u2588\u2588\u2588\u2588\u2588\u2588\u2588\u2588\u2588\u2588\u2588\u2588\u2588\u2588\u2588\u2588\u2588\u2588\u2588\u2588\u2588\u2588\u2588\u2588\u2588\u2588\u2588\u2588\u2588\u2588\u2588\u2588\u2588\u2588\u2588\u2588\u2588\u2588\u2588\u2588\u2588\u2588\u2588\u2588\u2588\u2588\u2588\u2588\u2588\u2588\u2588\u2588\u2588\u2588\u2588\u2588\u2588\u2588\u2588\u2588\u2588\u2588\u2588\u2588\u2588\u2588\u2588\u2588\u2588\u2588\u2588\u2588\u2588\u2588\u2588\u2588\u2588\u2588\u2588\u2588\u2588\u2588\u2588\u2588\u2588\u2588\u2588\u2588\u2588\u2588\u2588\u2588\u2588\u2588\u2588\u2588\u2588\u2588\u2588\u2588\u2588\u2588\u2588\u2588\u2588\u2588\u2588\u2588\u2588\u2588\u2588\u2588\u2588\u2588\u2588\u2588\u2588\u2588\u2588\u2588\u2588\u2588\u258b                   | 1246/1435 [00:20<00:02, 73.86it/s]", "step": null, "ts": 1730799696.7926593}]}, "version": 303, "at": 1730799696.792746}
{"obj": {"type": "LogStrings", "path": ["monitoring", "552629ed", "stderr"], "values": [{"value": "\r 87%|\u2588\u2588\u2588\u2588\u2588\u2588\u2588\u2588\u2588\u2588\u2588\u2588\u2588\u2588\u2588\u2588\u2588\u2588\u2588\u2588\u2588\u2588\u2588\u2588\u2588\u2588\u2588\u2588\u2588\u2588\u2588\u2588\u2588\u2588\u2588\u2588\u2588\u2588\u2588\u2588\u2588\u2588\u2588\u2588\u2588\u2588\u2588\u2588\u2588\u2588\u2588\u2588\u2588\u2588\u2588\u2588\u2588\u2588\u2588\u2588\u2588\u2588\u2588\u2588\u2588\u2588\u2588\u2588\u2588\u2588\u2588\u2588\u2588\u2588\u2588\u2588\u2588\u2588\u2588\u2588\u2588\u2588\u2588\u2588\u2588\u2588\u2588\u2588\u2588\u2588\u2588\u2588\u2588\u2588\u2588\u2588\u2588\u2588\u2588\u2588\u2588\u2588\u2588\u2588\u2588\u2588\u2588\u2588\u2588\u2588\u2588\u2588\u2588\u2588\u2588\u2588\u2588\u2588\u2588\u2588\u2588\u2588\u2588\u2588\u2588\u2588\u2588\u2588\u258d                  | 1254/1435 [00:20<00:02, 73.21it/s]", "step": null, "ts": 1730799696.9044168}]}, "version": 304, "at": 1730799696.904505}
{"obj": {"type": "LogStrings", "path": ["monitoring", "552629ed", "stderr"], "values": [{"value": "\r 88%|\u2588\u2588\u2588\u2588\u2588\u2588\u2588\u2588\u2588\u2588\u2588\u2588\u2588\u2588\u2588\u2588\u2588\u2588\u2588\u2588\u2588\u2588\u2588\u2588\u2588\u2588\u2588\u2588\u2588\u2588\u2588\u2588\u2588\u2588\u2588\u2588\u2588\u2588\u2588\u2588\u2588\u2588\u2588\u2588\u2588\u2588\u2588\u2588\u2588\u2588\u2588\u2588\u2588\u2588\u2588\u2588\u2588\u2588\u2588\u2588\u2588\u2588\u2588\u2588\u2588\u2588\u2588\u2588\u2588\u2588\u2588\u2588\u2588\u2588\u2588\u2588\u2588\u2588\u2588\u2588\u2588\u2588\u2588\u2588\u2588\u2588\u2588\u2588\u2588\u2588\u2588\u2588\u2588\u2588\u2588\u2588\u2588\u2588\u2588\u2588\u2588\u2588\u2588\u2588\u2588\u2588\u2588\u2588\u2588\u2588\u2588\u2588\u2588\u2588\u2588\u2588\u2588\u2588\u2588\u2588\u2588\u2588\u2588\u2588\u2588\u2588\u2588\u2588\u2588\u258e                 | 1262/1435 [00:20<00:02, 72.67it/s]", "step": null, "ts": 1730799697.0161996}]}, "version": 305, "at": 1730799697.0162978}
{"obj": {"type": "LogStrings", "path": ["monitoring", "552629ed", "stderr"], "values": [{"value": "\r 89%|\u2588\u2588\u2588\u2588\u2588\u2588\u2588\u2588\u2588\u2588\u2588\u2588\u2588\u2588\u2588\u2588\u2588\u2588\u2588\u2588\u2588\u2588\u2588\u2588\u2588\u2588\u2588\u2588\u2588\u2588\u2588\u2588\u2588\u2588\u2588\u2588\u2588\u2588\u2588\u2588\u2588\u2588\u2588\u2588\u2588\u2588\u2588\u2588\u2588\u2588\u2588\u2588\u2588\u2588\u2588\u2588\u2588\u2588\u2588\u2588\u2588\u2588\u2588\u2588\u2588\u2588\u2588\u2588\u2588\u2588\u2588\u2588\u2588\u2588\u2588\u2588\u2588\u2588\u2588\u2588\u2588\u2588\u2588\u2588\u2588\u2588\u2588\u2588\u2588\u2588\u2588\u2588\u2588\u2588\u2588\u2588\u2588\u2588\u2588\u2588\u2588\u2588\u2588\u2588\u2588\u2588\u2588\u2588\u2588\u2588\u2588\u2588\u2588\u2588\u2588\u2588\u2588\u2588\u2588\u2588\u2588\u2588\u2588\u2588\u2588\u2588\u2588\u2588\u2588\u2588                 | 1270/1435 [00:20<00:02, 72.78it/s]", "step": null, "ts": 1730799697.1257045}]}, "version": 306, "at": 1730799697.1257718}
{"obj": {"type": "LogStrings", "path": ["monitoring", "552629ed", "stderr"], "values": [{"value": "\r 89%|\u2588\u2588\u2588\u2588\u2588\u2588\u2588\u2588\u2588\u2588\u2588\u2588\u2588\u2588\u2588\u2588\u2588\u2588\u2588\u2588\u2588\u2588\u2588\u2588\u2588\u2588\u2588\u2588\u2588\u2588\u2588\u2588\u2588\u2588\u2588\u2588\u2588\u2588\u2588\u2588\u2588\u2588\u2588\u2588\u2588\u2588\u2588\u2588\u2588\u2588\u2588\u2588\u2588\u2588\u2588\u2588\u2588\u2588\u2588\u2588\u2588\u2588\u2588\u2588\u2588\u2588\u2588\u2588\u2588\u2588\u2588\u2588\u2588\u2588\u2588\u2588\u2588\u2588\u2588\u2588\u2588\u2588\u2588\u2588\u2588\u2588\u2588\u2588\u2588\u2588\u2588\u2588\u2588\u2588\u2588\u2588\u2588\u2588\u2588\u2588\u2588\u2588\u2588\u2588\u2588\u2588\u2588\u2588\u2588\u2588\u2588\u2588\u2588\u2588\u2588\u2588\u2588\u2588\u2588\u2588\u2588\u2588\u2588\u2588\u2588\u2588\u2588\u2588\u2588\u2588\u2589                | 1278/1435 [00:20<00:02, 73.32it/s]", "step": null, "ts": 1730799697.2329588}]}, "version": 307, "at": 1730799697.2330792}
{"obj": {"type": "LogStrings", "path": ["monitoring", "552629ed", "stderr"], "values": [{"value": "\r 90%|\u2588\u2588\u2588\u2588\u2588\u2588\u2588\u2588\u2588\u2588\u2588\u2588\u2588\u2588\u2588\u2588\u2588\u2588\u2588\u2588\u2588\u2588\u2588\u2588\u2588\u2588\u2588\u2588\u2588\u2588\u2588\u2588\u2588\u2588\u2588\u2588\u2588\u2588\u2588\u2588\u2588\u2588\u2588\u2588\u2588\u2588\u2588\u2588\u2588\u2588\u2588\u2588\u2588\u2588\u2588\u2588\u2588\u2588\u2588\u2588\u2588\u2588\u2588\u2588\u2588\u2588\u2588\u2588\u2588\u2588\u2588\u2588\u2588\u2588\u2588\u2588\u2588\u2588\u2588\u2588\u2588\u2588\u2588\u2588\u2588\u2588\u2588\u2588\u2588\u2588\u2588\u2588\u2588\u2588\u2588\u2588\u2588\u2588\u2588\u2588\u2588\u2588\u2588\u2588\u2588\u2588\u2588\u2588\u2588\u2588\u2588\u2588\u2588\u2588\u2588\u2588\u2588\u2588\u2588\u2588\u2588\u2588\u2588\u2588\u2588\u2588\u2588\u2588\u2588\u2588\u2588\u258b               | 1286/1435 [00:20<00:02, 71.99it/s]", "step": null, "ts": 1730799697.348699}]}, "version": 308, "at": 1730799697.3487997}
{"obj": {"type": "LogStrings", "path": ["monitoring", "552629ed", "stderr"], "values": [{"value": "\r 90%|\u2588\u2588\u2588\u2588\u2588\u2588\u2588\u2588\u2588\u2588\u2588\u2588\u2588\u2588\u2588\u2588\u2588\u2588\u2588\u2588\u2588\u2588\u2588\u2588\u2588\u2588\u2588\u2588\u2588\u2588\u2588\u2588\u2588\u2588\u2588\u2588\u2588\u2588\u2588\u2588\u2588\u2588\u2588\u2588\u2588\u2588\u2588\u2588\u2588\u2588\u2588\u2588\u2588\u2588\u2588\u2588\u2588\u2588\u2588\u2588\u2588\u2588\u2588\u2588\u2588\u2588\u2588\u2588\u2588\u2588\u2588\u2588\u2588\u2588\u2588\u2588\u2588\u2588\u2588\u2588\u2588\u2588\u2588\u2588\u2588\u2588\u2588\u2588\u2588\u2588\u2588\u2588\u2588\u2588\u2588\u2588\u2588\u2588\u2588\u2588\u2588\u2588\u2588\u2588\u2588\u2588\u2588\u2588\u2588\u2588\u2588\u2588\u2588\u2588\u2588\u2588\u2588\u2588\u2588\u2588\u2588\u2588\u2588\u2588\u2588\u2588\u2588\u2588\u2588\u2588\u2588\u2588\u258c              | 1294/1435 [00:20<00:01, 71.31it/s]", "step": null, "ts": 1730799697.4633708}]}, "version": 309, "at": 1730799697.4634576}
{"obj": {"type": "LogStrings", "path": ["monitoring", "552629ed", "stderr"], "values": [{"value": "\r 91%|\u2588\u2588\u2588\u2588\u2588\u2588\u2588\u2588\u2588\u2588\u2588\u2588\u2588\u2588\u2588\u2588\u2588\u2588\u2588\u2588\u2588\u2588\u2588\u2588\u2588\u2588\u2588\u2588\u2588\u2588\u2588\u2588\u2588\u2588\u2588\u2588\u2588\u2588\u2588\u2588\u2588\u2588\u2588\u2588\u2588\u2588\u2588\u2588\u2588\u2588\u2588\u2588\u2588\u2588\u2588\u2588\u2588\u2588\u2588\u2588\u2588\u2588\u2588\u2588\u2588\u2588\u2588\u2588\u2588\u2588\u2588\u2588\u2588\u2588\u2588\u2588\u2588\u2588\u2588\u2588\u2588\u2588\u2588\u2588\u2588\u2588\u2588\u2588\u2588\u2588\u2588\u2588\u2588\u2588\u2588\u2588\u2588\u2588\u2588\u2588\u2588\u2588\u2588\u2588\u2588\u2588\u2588\u2588\u2588\u2588\u2588\u2588\u2588\u2588\u2588\u2588\u2588\u2588\u2588\u2588\u2588\u2588\u2588\u2588\u2588\u2588\u2588\u2588\u2588\u2588\u2588\u2588\u2588\u258d             | 1302/1435 [00:21<00:01, 71.07it/s]", "step": null, "ts": 1730799697.5768533}]}, "version": 310, "at": 1730799697.576943}
{"obj": {"type": "LogStrings", "path": ["monitoring", "552629ed", "stderr"], "values": [{"value": "\r 91%|\u2588\u2588\u2588\u2588\u2588\u2588\u2588\u2588\u2588\u2588\u2588\u2588\u2588\u2588\u2588\u2588\u2588\u2588\u2588\u2588\u2588\u2588\u2588\u2588\u2588\u2588\u2588\u2588\u2588\u2588\u2588\u2588\u2588\u2588\u2588\u2588\u2588\u2588\u2588\u2588\u2588\u2588\u2588\u2588\u2588\u2588\u2588\u2588\u2588\u2588\u2588\u2588\u2588\u2588\u2588\u2588\u2588\u2588\u2588\u2588\u2588\u2588\u2588\u2588\u2588\u2588\u2588\u2588\u2588\u2588\u2588\u2588\u2588\u2588\u2588\u2588\u2588\u2588\u2588\u2588\u2588\u2588\u2588\u2588\u2588\u2588\u2588\u2588\u2588\u2588\u2588\u2588\u2588\u2588\u2588\u2588\u2588\u2588\u2588\u2588\u2588\u2588\u2588\u2588\u2588\u2588\u2588\u2588\u2588\u2588\u2588\u2588\u2588\u2588\u2588\u2588\u2588\u2588\u2588\u2588\u2588\u2588\u2588\u2588\u2588\u2588\u2588\u2588\u2588\u2588\u2588\u2588\u2588\u2588\u258f            | 1310/1435 [00:21<00:01, 69.59it/s]", "step": null, "ts": 1730799697.6973403}]}, "version": 311, "at": 1730799697.6974418}
{"obj": {"type": "LogStrings", "path": ["monitoring", "552629ed", "stderr"], "values": [{"value": "\r 92%|\u2588\u2588\u2588\u2588\u2588\u2588\u2588\u2588\u2588\u2588\u2588\u2588\u2588\u2588\u2588\u2588\u2588\u2588\u2588\u2588\u2588\u2588\u2588\u2588\u2588\u2588\u2588\u2588\u2588\u2588\u2588\u2588\u2588\u2588\u2588\u2588\u2588\u2588\u2588\u2588\u2588\u2588\u2588\u2588\u2588\u2588\u2588\u2588\u2588\u2588\u2588\u2588\u2588\u2588\u2588\u2588\u2588\u2588\u2588\u2588\u2588\u2588\u2588\u2588\u2588\u2588\u2588\u2588\u2588\u2588\u2588\u2588\u2588\u2588\u2588\u2588\u2588\u2588\u2588\u2588\u2588\u2588\u2588\u2588\u2588\u2588\u2588\u2588\u2588\u2588\u2588\u2588\u2588\u2588\u2588\u2588\u2588\u2588\u2588\u2588\u2588\u2588\u2588\u2588\u2588\u2588\u2588\u2588\u2588\u2588\u2588\u2588\u2588\u2588\u2588\u2588\u2588\u2588\u2588\u2588\u2588\u2588\u2588\u2588\u2588\u2588\u2588\u2588\u2588\u2588\u2588\u2588\u2588\u2588\u2588            | 1318/1435 [00:21<00:01, 70.47it/s]", "step": null, "ts": 1730799697.8074827}]}, "version": 312, "at": 1730799697.8075755}
{"obj": {"type": "LogStrings", "path": ["monitoring", "552629ed", "stderr"], "values": [{"value": "\r 92%|\u2588\u2588\u2588\u2588\u2588\u2588\u2588\u2588\u2588\u2588\u2588\u2588\u2588\u2588\u2588\u2588\u2588\u2588\u2588\u2588\u2588\u2588\u2588\u2588\u2588\u2588\u2588\u2588\u2588\u2588\u2588\u2588\u2588\u2588\u2588\u2588\u2588\u2588\u2588\u2588\u2588\u2588\u2588\u2588\u2588\u2588\u2588\u2588\u2588\u2588\u2588\u2588\u2588\u2588\u2588\u2588\u2588\u2588\u2588\u2588\u2588\u2588\u2588\u2588\u2588\u2588\u2588\u2588\u2588\u2588\u2588\u2588\u2588\u2588\u2588\u2588\u2588\u2588\u2588\u2588\u2588\u2588\u2588\u2588\u2588\u2588\u2588\u2588\u2588\u2588\u2588\u2588\u2588\u2588\u2588\u2588\u2588\u2588\u2588\u2588\u2588\u2588\u2588\u2588\u2588\u2588\u2588\u2588\u2588\u2588\u2588\u2588\u2588\u2588\u2588\u2588\u2588\u2588\u2588\u2588\u2588\u2588\u2588\u2588\u2588\u2588\u2588\u2588\u2588\u2588\u2588\u2588\u2588\u2588\u2588\u258a           | 1326/1435 [00:21<00:01, 70.33it/s]", "step": null, "ts": 1730799697.9218357}]}, "version": 313, "at": 1730799697.9219244}
{"obj": {"type": "LogStrings", "path": ["monitoring", "552629ed", "stderr"], "values": [{"value": "\r 93%|\u2588\u2588\u2588\u2588\u2588\u2588\u2588\u2588\u2588\u2588\u2588\u2588\u2588\u2588\u2588\u2588\u2588\u2588\u2588\u2588\u2588\u2588\u2588\u2588\u2588\u2588\u2588\u2588\u2588\u2588\u2588\u2588\u2588\u2588\u2588\u2588\u2588\u2588\u2588\u2588\u2588\u2588\u2588\u2588\u2588\u2588\u2588\u2588\u2588\u2588\u2588\u2588\u2588\u2588\u2588\u2588\u2588\u2588\u2588\u2588\u2588\u2588\u2588\u2588\u2588\u2588\u2588\u2588\u2588\u2588\u2588\u2588\u2588\u2588\u2588\u2588\u2588\u2588\u2588\u2588\u2588\u2588\u2588\u2588\u2588\u2588\u2588\u2588\u2588\u2588\u2588\u2588\u2588\u2588\u2588\u2588\u2588\u2588\u2588\u2588\u2588\u2588\u2588\u2588\u2588\u2588\u2588\u2588\u2588\u2588\u2588\u2588\u2588\u2588\u2588\u2588\u2588\u2588\u2588\u2588\u2588\u2588\u2588\u2588\u2588\u2588\u2588\u2588\u2588\u2588\u2588\u2588\u2588\u2588\u2588\u2588\u258b          | 1334/1435 [00:21<00:01, 69.32it/s]", "step": null, "ts": 1730799698.041092}]}, "version": 314, "at": 1730799698.0411844}
{"obj": {"type": "LogStrings", "path": ["monitoring", "552629ed", "stderr"], "values": [{"value": "\r 93%|\u2588\u2588\u2588\u2588\u2588\u2588\u2588\u2588\u2588\u2588\u2588\u2588\u2588\u2588\u2588\u2588\u2588\u2588\u2588\u2588\u2588\u2588\u2588\u2588\u2588\u2588\u2588\u2588\u2588\u2588\u2588\u2588\u2588\u2588\u2588\u2588\u2588\u2588\u2588\u2588\u2588\u2588\u2588\u2588\u2588\u2588\u2588\u2588\u2588\u2588\u2588\u2588\u2588\u2588\u2588\u2588\u2588\u2588\u2588\u2588\u2588\u2588\u2588\u2588\u2588\u2588\u2588\u2588\u2588\u2588\u2588\u2588\u2588\u2588\u2588\u2588\u2588\u2588\u2588\u2588\u2588\u2588\u2588\u2588\u2588\u2588\u2588\u2588\u2588\u2588\u2588\u2588\u2588\u2588\u2588\u2588\u2588\u2588\u2588\u2588\u2588\u2588\u2588\u2588\u2588\u2588\u2588\u2588\u2588\u2588\u2588\u2588\u2588\u2588\u2588\u2588\u2588\u2588\u2588\u2588\u2588\u2588\u2588\u2588\u2588\u2588\u2588\u2588\u2588\u2588\u2588\u2588\u2588\u2588\u2588\u2588\u2588\u258e         | 1341/1435 [00:21<00:01, 69.38it/s]", "step": null, "ts": 1730799698.1417582}]}, "version": 315, "at": 1730799698.1418288}
{"obj": {"type": "LogStrings", "path": ["monitoring", "552629ed", "stderr"], "values": [{"value": "\r 94%|\u2588\u2588\u2588\u2588\u2588\u2588\u2588\u2588\u2588\u2588\u2588\u2588\u2588\u2588\u2588\u2588\u2588\u2588\u2588\u2588\u2588\u2588\u2588\u2588\u2588\u2588\u2588\u2588\u2588\u2588\u2588\u2588\u2588\u2588\u2588\u2588\u2588\u2588\u2588\u2588\u2588\u2588\u2588\u2588\u2588\u2588\u2588\u2588\u2588\u2588\u2588\u2588\u2588\u2588\u2588\u2588\u2588\u2588\u2588\u2588\u2588\u2588\u2588\u2588\u2588\u2588\u2588\u2588\u2588\u2588\u2588\u2588\u2588\u2588\u2588\u2588\u2588\u2588\u2588\u2588\u2588\u2588\u2588\u2588\u2588\u2588\u2588\u2588\u2588\u2588\u2588\u2588\u2588\u2588\u2588\u2588\u2588\u2588\u2588\u2588\u2588\u2588\u2588\u2588\u2588\u2588\u2588\u2588\u2588\u2588\u2588\u2588\u2588\u2588\u2588\u2588\u2588\u2588\u2588\u2588\u2588\u2588\u2588\u2588\u2588\u2588\u2588\u2588\u2588\u2588\u2588\u2588\u2588\u2588\u2588\u2588\u2588\u2588\u258f        | 1349/1435 [00:21<00:01, 70.18it/s]", "step": null, "ts": 1730799698.2527797}]}, "version": 316, "at": 1730799698.252867}
{"obj": {"type": "LogStrings", "path": ["monitoring", "552629ed", "stderr"], "values": [{"value": "\r 95%|\u2588\u2588\u2588\u2588\u2588\u2588\u2588\u2588\u2588\u2588\u2588\u2588\u2588\u2588\u2588\u2588\u2588\u2588\u2588\u2588\u2588\u2588\u2588\u2588\u2588\u2588\u2588\u2588\u2588\u2588\u2588\u2588\u2588\u2588\u2588\u2588\u2588\u2588\u2588\u2588\u2588\u2588\u2588\u2588\u2588\u2588\u2588\u2588\u2588\u2588\u2588\u2588\u2588\u2588\u2588\u2588\u2588\u2588\u2588\u2588\u2588\u2588\u2588\u2588\u2588\u2588\u2588\u2588\u2588\u2588\u2588\u2588\u2588\u2588\u2588\u2588\u2588\u2588\u2588\u2588\u2588\u2588\u2588\u2588\u2588\u2588\u2588\u2588\u2588\u2588\u2588\u2588\u2588\u2588\u2588\u2588\u2588\u2588\u2588\u2588\u2588\u2588\u2588\u2588\u2588\u2588\u2588\u2588\u2588\u2588\u2588\u2588\u2588\u2588\u2588\u2588\u2588\u2588\u2588\u2588\u2588\u2588\u2588\u2588\u2588\u2588\u2588\u2588\u2588\u2588\u2588\u2588\u2588\u2588\u2588\u2588\u2588\u2588\u2588        | 1357/1435 [00:21<00:01, 69.48it/s]", "step": null, "ts": 1730799698.3705997}]}, "version": 317, "at": 1730799698.3706954}
{"obj": {"type": "LogStrings", "path": ["monitoring", "552629ed", "stderr"], "values": [{"value": "\r 95%|\u2588\u2588\u2588\u2588\u2588\u2588\u2588\u2588\u2588\u2588\u2588\u2588\u2588\u2588\u2588\u2588\u2588\u2588\u2588\u2588\u2588\u2588\u2588\u2588\u2588\u2588\u2588\u2588\u2588\u2588\u2588\u2588\u2588\u2588\u2588\u2588\u2588\u2588\u2588\u2588\u2588\u2588\u2588\u2588\u2588\u2588\u2588\u2588\u2588\u2588\u2588\u2588\u2588\u2588\u2588\u2588\u2588\u2588\u2588\u2588\u2588\u2588\u2588\u2588\u2588\u2588\u2588\u2588\u2588\u2588\u2588\u2588\u2588\u2588\u2588\u2588\u2588\u2588\u2588\u2588\u2588\u2588\u2588\u2588\u2588\u2588\u2588\u2588\u2588\u2588\u2588\u2588\u2588\u2588\u2588\u2588\u2588\u2588\u2588\u2588\u2588\u2588\u2588\u2588\u2588\u2588\u2588\u2588\u2588\u2588\u2588\u2588\u2588\u2588\u2588\u2588\u2588\u2588\u2588\u2588\u2588\u2588\u2588\u2588\u2588\u2588\u2588\u2588\u2588\u2588\u2588\u2588\u2588\u2588\u2588\u2588\u2588\u2588\u2588\u258a       | 1365/1435 [00:21<00:00, 70.87it/s]", "step": null, "ts": 1730799698.4782798}]}, "version": 318, "at": 1730799698.4783783}
{"obj": {"type": "LogStrings", "path": ["monitoring", "552629ed", "stderr"], "values": [{"value": "\r 96%|\u2588\u2588\u2588\u2588\u2588\u2588\u2588\u2588\u2588\u2588\u2588\u2588\u2588\u2588\u2588\u2588\u2588\u2588\u2588\u2588\u2588\u2588\u2588\u2588\u2588\u2588\u2588\u2588\u2588\u2588\u2588\u2588\u2588\u2588\u2588\u2588\u2588\u2588\u2588\u2588\u2588\u2588\u2588\u2588\u2588\u2588\u2588\u2588\u2588\u2588\u2588\u2588\u2588\u2588\u2588\u2588\u2588\u2588\u2588\u2588\u2588\u2588\u2588\u2588\u2588\u2588\u2588\u2588\u2588\u2588\u2588\u2588\u2588\u2588\u2588\u2588\u2588\u2588\u2588\u2588\u2588\u2588\u2588\u2588\u2588\u2588\u2588\u2588\u2588\u2588\u2588\u2588\u2588\u2588\u2588\u2588\u2588\u2588\u2588\u2588\u2588\u2588\u2588\u2588\u2588\u2588\u2588\u2588\u2588\u2588\u2588\u2588\u2588\u2588\u2588\u2588\u2588\u2588\u2588\u2588\u2588\u2588\u2588\u2588\u2588\u2588\u2588\u2588\u2588\u2588\u2588\u2588\u2588\u2588\u2588\u2588\u2588\u2588\u2588\u2588\u258b      | 1373/1435 [00:22<00:00, 71.64it/s]", "step": null, "ts": 1730799698.5871756}]}, "version": 319, "at": 1730799698.5872638}
{"obj": {"type": "LogStrings", "path": ["monitoring", "552629ed", "stderr"], "values": [{"value": "\r 96%|\u2588\u2588\u2588\u2588\u2588\u2588\u2588\u2588\u2588\u2588\u2588\u2588\u2588\u2588\u2588\u2588\u2588\u2588\u2588\u2588\u2588\u2588\u2588\u2588\u2588\u2588\u2588\u2588\u2588\u2588\u2588\u2588\u2588\u2588\u2588\u2588\u2588\u2588\u2588\u2588\u2588\u2588\u2588\u2588\u2588\u2588\u2588\u2588\u2588\u2588\u2588\u2588\u2588\u2588\u2588\u2588\u2588\u2588\u2588\u2588\u2588\u2588\u2588\u2588\u2588\u2588\u2588\u2588\u2588\u2588\u2588\u2588\u2588\u2588\u2588\u2588\u2588\u2588\u2588\u2588\u2588\u2588\u2588\u2588\u2588\u2588\u2588\u2588\u2588\u2588\u2588\u2588\u2588\u2588\u2588\u2588\u2588\u2588\u2588\u2588\u2588\u2588\u2588\u2588\u2588\u2588\u2588\u2588\u2588\u2588\u2588\u2588\u2588\u2588\u2588\u2588\u2588\u2588\u2588\u2588\u2588\u2588\u2588\u2588\u2588\u2588\u2588\u2588\u2588\u2588\u2588\u2588\u2588\u2588\u2588\u2588\u2588\u2588\u2588\u2588\u2588\u258d     | 1381/1435 [00:22<00:00, 72.25it/s]", "step": null, "ts": 1730799698.6956167}]}, "version": 320, "at": 1730799698.6956956}
{"obj": {"type": "LogStrings", "path": ["monitoring", "552629ed", "stderr"], "values": [{"value": "\r 97%|\u2588\u2588\u2588\u2588\u2588\u2588\u2588\u2588\u2588\u2588\u2588\u2588\u2588\u2588\u2588\u2588\u2588\u2588\u2588\u2588\u2588\u2588\u2588\u2588\u2588\u2588\u2588\u2588\u2588\u2588\u2588\u2588\u2588\u2588\u2588\u2588\u2588\u2588\u2588\u2588\u2588\u2588\u2588\u2588\u2588\u2588\u2588\u2588\u2588\u2588\u2588\u2588\u2588\u2588\u2588\u2588\u2588\u2588\u2588\u2588\u2588\u2588\u2588\u2588\u2588\u2588\u2588\u2588\u2588\u2588\u2588\u2588\u2588\u2588\u2588\u2588\u2588\u2588\u2588\u2588\u2588\u2588\u2588\u2588\u2588\u2588\u2588\u2588\u2588\u2588\u2588\u2588\u2588\u2588\u2588\u2588\u2588\u2588\u2588\u2588\u2588\u2588\u2588\u2588\u2588\u2588\u2588\u2588\u2588\u2588\u2588\u2588\u2588\u2588\u2588\u2588\u2588\u2588\u2588\u2588\u2588\u2588\u2588\u2588\u2588\u2588\u2588\u2588\u2588\u2588\u2588\u2588\u2588\u2588\u2588\u2588\u2588\u2588\u2588\u2588\u2588\u2588\u258e    | 1389/1435 [00:22<00:00, 73.02it/s]", "step": null, "ts": 1730799698.8025033}]}, "version": 321, "at": 1730799698.8026106}
{"obj": {"type": "LogStrings", "path": ["monitoring", "552629ed", "stderr"], "values": [{"value": "\r 97%|\u2588\u2588\u2588\u2588\u2588\u2588\u2588\u2588\u2588\u2588\u2588\u2588\u2588\u2588\u2588\u2588\u2588\u2588\u2588\u2588\u2588\u2588\u2588\u2588\u2588\u2588\u2588\u2588\u2588\u2588\u2588\u2588\u2588\u2588\u2588\u2588\u2588\u2588\u2588\u2588\u2588\u2588\u2588\u2588\u2588\u2588\u2588\u2588\u2588\u2588\u2588\u2588\u2588\u2588\u2588\u2588\u2588\u2588\u2588\u2588\u2588\u2588\u2588\u2588\u2588\u2588\u2588\u2588\u2588\u2588\u2588\u2588\u2588\u2588\u2588\u2588\u2588\u2588\u2588\u2588\u2588\u2588\u2588\u2588\u2588\u2588\u2588\u2588\u2588\u2588\u2588\u2588\u2588\u2588\u2588\u2588\u2588\u2588\u2588\u2588\u2588\u2588\u2588\u2588\u2588\u2588\u2588\u2588\u2588\u2588\u2588\u2588\u2588\u2588\u2588\u2588\u2588\u2588\u2588\u2588\u2588\u2588\u2588\u2588\u2588\u2588\u2588\u2588\u2588\u2588\u2588\u2588\u2588\u2588\u2588\u2588\u2588\u2588\u2588\u2588\u2588\u2588\u2588    | 1397/1435 [00:22<00:00, 71.72it/s]", "step": null, "ts": 1730799698.9186494}]}, "version": 322, "at": 1730799698.918733}
{"obj": {"type": "LogStrings", "path": ["monitoring", "552629ed", "stderr"], "values": [{"value": "\r 98%|\u2588\u2588\u2588\u2588\u2588\u2588\u2588\u2588\u2588\u2588\u2588\u2588\u2588\u2588\u2588\u2588\u2588\u2588\u2588\u2588\u2588\u2588\u2588\u2588\u2588\u2588\u2588\u2588\u2588\u2588\u2588\u2588\u2588\u2588\u2588\u2588\u2588\u2588\u2588\u2588\u2588\u2588\u2588\u2588\u2588\u2588\u2588\u2588\u2588\u2588\u2588\u2588\u2588\u2588\u2588\u2588\u2588\u2588\u2588\u2588\u2588\u2588\u2588\u2588\u2588\u2588\u2588\u2588\u2588\u2588\u2588\u2588\u2588\u2588\u2588\u2588\u2588\u2588\u2588\u2588\u2588\u2588\u2588\u2588\u2588\u2588\u2588\u2588\u2588\u2588\u2588\u2588\u2588\u2588\u2588\u2588\u2588\u2588\u2588\u2588\u2588\u2588\u2588\u2588\u2588\u2588\u2588\u2588\u2588\u2588\u2588\u2588\u2588\u2588\u2588\u2588\u2588\u2588\u2588\u2588\u2588\u2588\u2588\u2588\u2588\u2588\u2588\u2588\u2588\u2588\u2588\u2588\u2588\u2588\u2588\u2588\u2588\u2588\u2588\u2588\u2588\u2588\u2588\u2589   | 1405/1435 [00:22<00:00, 71.27it/s]", "step": null, "ts": 1730799699.0325649}]}, "version": 323, "at": 1730799699.0326514}
{"obj": {"type": "LogStrings", "path": ["monitoring", "552629ed", "stderr"], "values": [{"value": "\r 98%|\u2588\u2588\u2588\u2588\u2588\u2588\u2588\u2588\u2588\u2588\u2588\u2588\u2588\u2588\u2588\u2588\u2588\u2588\u2588\u2588\u2588\u2588\u2588\u2588\u2588\u2588\u2588\u2588\u2588\u2588\u2588\u2588\u2588\u2588\u2588\u2588\u2588\u2588\u2588\u2588\u2588\u2588\u2588\u2588\u2588\u2588\u2588\u2588\u2588\u2588\u2588\u2588\u2588\u2588\u2588\u2588\u2588\u2588\u2588\u2588\u2588\u2588\u2588\u2588\u2588\u2588\u2588\u2588\u2588\u2588\u2588\u2588\u2588\u2588\u2588\u2588\u2588\u2588\u2588\u2588\u2588\u2588\u2588\u2588\u2588\u2588\u2588\u2588\u2588\u2588\u2588\u2588\u2588\u2588\u2588\u2588\u2588\u2588\u2588\u2588\u2588\u2588\u2588\u2588\u2588\u2588\u2588\u2588\u2588\u2588\u2588\u2588\u2588\u2588\u2588\u2588\u2588\u2588\u2588\u2588\u2588\u2588\u2588\u2588\u2588\u2588\u2588\u2588\u2588\u2588\u2588\u2588\u2588\u2588\u2588\u2588\u2588\u2588\u2588\u2588\u2588\u2588\u2588\u2588\u258b  | 1413/1435 [00:22<00:00, 70.63it/s]", "step": null, "ts": 1730799699.148208}]}, "version": 324, "at": 1730799699.1482894}
{"obj": {"type": "LogStrings", "path": ["monitoring", "552629ed", "stderr"], "values": [{"value": "\r 99%|\u2588\u2588\u2588\u2588\u2588\u2588\u2588\u2588\u2588\u2588\u2588\u2588\u2588\u2588\u2588\u2588\u2588\u2588\u2588\u2588\u2588\u2588\u2588\u2588\u2588\u2588\u2588\u2588\u2588\u2588\u2588\u2588\u2588\u2588\u2588\u2588\u2588\u2588\u2588\u2588\u2588\u2588\u2588\u2588\u2588\u2588\u2588\u2588\u2588\u2588\u2588\u2588\u2588\u2588\u2588\u2588\u2588\u2588\u2588\u2588\u2588\u2588\u2588\u2588\u2588\u2588\u2588\u2588\u2588\u2588\u2588\u2588\u2588\u2588\u2588\u2588\u2588\u2588\u2588\u2588\u2588\u2588\u2588\u2588\u2588\u2588\u2588\u2588\u2588\u2588\u2588\u2588\u2588\u2588\u2588\u2588\u2588\u2588\u2588\u2588\u2588\u2588\u2588\u2588\u2588\u2588\u2588\u2588\u2588\u2588\u2588\u2588\u2588\u2588\u2588\u2588\u2588\u2588\u2588\u2588\u2588\u2588\u2588\u2588\u2588\u2588\u2588\u2588\u2588\u2588\u2588\u2588\u2588\u2588\u2588\u2588\u2588\u2588\u2588\u2588\u2588\u2588\u2588\u2588\u2588\u258c | 1421/1435 [00:22<00:00, 69.33it/s]", "step": null, "ts": 1730799699.2686055}]}, "version": 325, "at": 1730799699.2686968}
{"obj": {"type": "LogStrings", "path": ["monitoring", "552629ed", "stderr"], "values": [{"value": "\r100%|\u2588\u2588\u2588\u2588\u2588\u2588\u2588\u2588\u2588\u2588\u2588\u2588\u2588\u2588\u2588\u2588\u2588\u2588\u2588\u2588\u2588\u2588\u2588\u2588\u2588\u2588\u2588\u2588\u2588\u2588\u2588\u2588\u2588\u2588\u2588\u2588\u2588\u2588\u2588\u2588\u2588\u2588\u2588\u2588\u2588\u2588\u2588\u2588\u2588\u2588\u2588\u2588\u2588\u2588\u2588\u2588\u2588\u2588\u2588\u2588\u2588\u2588\u2588\u2588\u2588\u2588\u2588\u2588\u2588\u2588\u2588\u2588\u2588\u2588\u2588\u2588\u2588\u2588\u2588\u2588\u2588\u2588\u2588\u2588\u2588\u2588\u2588\u2588\u2588\u2588\u2588\u2588\u2588\u2588\u2588\u2588\u2588\u2588\u2588\u2588\u2588\u2588\u2588\u2588\u2588\u2588\u2588\u2588\u2588\u2588\u2588\u2588\u2588\u2588\u2588\u2588\u2588\u2588\u2588\u2588\u2588\u2588\u2588\u2588\u2588\u2588\u2588\u2588\u2588\u2588\u2588\u2588\u2588\u2588\u2588\u2588\u2588\u2588\u2588\u2588\u2588\u2588\u2588\u2588\u2588\u2588\u258e| 1428/1435 [00:22<00:00, 68.40it/s]", "step": null, "ts": 1730799699.3745127}]}, "version": 326, "at": 1730799699.374599}
{"obj": {"type": "LogStrings", "path": ["monitoring", "552629ed", "stderr"], "values": [{"value": "", "step": null, "ts": 1730799699.47028}]}, "version": 327, "at": 1730799699.470355}
{"obj": {"type": "LogStrings", "path": ["monitoring", "552629ed", "stderr"], "values": [{"value": "\r100%|\u2588\u2588\u2588\u2588\u2588\u2588\u2588\u2588\u2588\u2588\u2588\u2588\u2588\u2588\u2588\u2588\u2588\u2588\u2588\u2588\u2588\u2588\u2588\u2588\u2588\u2588\u2588\u2588\u2588\u2588\u2588\u2588\u2588\u2588\u2588\u2588\u2588\u2588\u2588\u2588\u2588\u2588\u2588\u2588\u2588\u2588\u2588\u2588\u2588\u2588\u2588\u2588\u2588\u2588\u2588\u2588\u2588\u2588\u2588\u2588\u2588\u2588\u2588\u2588\u2588\u2588\u2588\u2588\u2588\u2588\u2588\u2588\u2588\u2588\u2588\u2588\u2588\u2588\u2588\u2588\u2588\u2588\u2588\u2588\u2588\u2588\u2588\u2588\u2588\u2588\u2588\u2588\u2588\u2588\u2588\u2588\u2588\u2588\u2588\u2588\u2588\u2588\u2588\u2588\u2588\u2588\u2588\u2588\u2588\u2588\u2588\u2588\u2588\u2588\u2588\u2588\u2588\u2588\u2588\u2588\u2588\u2588\u2588\u2588\u2588\u2588\u2588\u2588\u2588\u2588\u2588\u2588\u2588\u2588\u2588\u2588\u2588\u2588\u2588\u2588\u2588\u2588\u2588\u2588\u2588\u2588\u2588| 1435/1435 [00:22<00:00, 62.58it/s]", "step": null, "ts": 1730799699.470901}]}, "version": 328, "at": 1730799699.4709392}
{"obj": {"type": "LogStrings", "path": ["monitoring", "552629ed", "stderr"], "values": [{"value": "\n", "step": null, "ts": 1730799699.4716754}]}, "version": 329, "at": 1730799699.471716}
{"obj": {"type": "LogStrings", "path": ["monitoring", "552629ed", "stdout"], "values": [{"value": "[2/21]", "step": null, "ts": 1730799705.7114868}]}, "version": 330, "at": 1730799705.7116168}
{"obj": {"type": "LogStrings", "path": ["monitoring", "552629ed", "stderr"], "values": [{"value": "\r  0%|                                                                                                                                                              | 0/1207 [00:00<?, ?it/s]", "step": null, "ts": 1730799705.7120538}]}, "version": 331, "at": 1730799705.7121234}
{"obj": {"type": "LogStrings", "path": ["monitoring", "552629ed", "stdout"], "values": [{"value": "\n", "step": null, "ts": 1730799705.7123103}]}, "version": 332, "at": 1730799705.712342}
{"obj": {"type": "LogStrings", "path": ["monitoring", "552629ed", "stderr"], "values": [{"value": "\r  1%|\u258a                                                                                                                                                     | 7/1207 [00:00<00:18, 64.51it/s]", "step": null, "ts": 1730799705.8206565}]}, "version": 333, "at": 1730799705.8207126}
{"obj": {"type": "LogStrings", "path": ["monitoring", "552629ed", "stderr"], "values": [{"value": "\r  1%|\u2588\u258b                                                                                                                                                   | 14/1207 [00:00<00:18, 64.03it/s]", "step": null, "ts": 1730799705.9306545}]}, "version": 334, "at": 1730799705.9307263}
{"obj": {"type": "LogStrings", "path": ["monitoring", "552629ed", "stderr"], "values": [{"value": "\r  2%|\u2588\u2588\u258c                                                                                                                                                  | 21/1207 [00:00<00:18, 64.76it/s]", "step": null, "ts": 1730799706.0371454}]}, "version": 335, "at": 1730799706.037227}
{"obj": {"type": "LogStrings", "path": ["monitoring", "552629ed", "stderr"], "values": [{"value": "\r  2%|\u2588\u2588\u2588\u258d                                                                                                                                                 | 28/1207 [00:00<00:18, 65.10it/s]", "step": null, "ts": 1730799706.143845}]}, "version": 336, "at": 1730799706.1439314}
{"obj": {"type": "LogStrings", "path": ["monitoring", "552629ed", "stderr"], "values": [{"value": "\r  3%|\u2588\u2588\u2588\u2588\u258e                                                                                                                                                | 35/1207 [00:00<00:17, 65.25it/s]", "step": null, "ts": 1730799706.2507384}]}, "version": 337, "at": 1730799706.2508144}
{"obj": {"type": "LogStrings", "path": ["monitoring", "552629ed", "stderr"], "values": [{"value": "\r  3%|\u2588\u2588\u2588\u2588\u2588\u258f                                                                                                                                               | 42/1207 [00:00<00:17, 65.30it/s]", "step": null, "ts": 1730799706.3579488}]}, "version": 338, "at": 1730799706.3580413}
{"obj": {"type": "LogStrings", "path": ["monitoring", "552629ed", "stderr"], "values": [{"value": "\r  4%|\u2588\u2588\u2588\u2588\u2588\u2588                                                                                                                                               | 49/1207 [00:00<00:17, 65.61it/s]", "step": null, "ts": 1730799706.4634812}]}, "version": 339, "at": 1730799706.4635687}
{"obj": {"type": "LogStrings", "path": ["monitoring", "552629ed", "stderr"], "values": [{"value": "\r  5%|\u2588\u2588\u2588\u2588\u2588\u2588\u2589                                                                                                                                              | 56/1207 [00:00<00:17, 64.54it/s]", "step": null, "ts": 1730799706.57561}]}, "version": 340, "at": 1730799706.5757065}
{"obj": {"type": "LogStrings", "path": ["monitoring", "552629ed", "stderr"], "values": [{"value": "\r  5%|\u2588\u2588\u2588\u2588\u2588\u2588\u2588\u258a                                                                                                                                             | 63/1207 [00:00<00:17, 64.94it/s]", "step": null, "ts": 1730799706.6820202}]}, "version": 341, "at": 1730799706.6821077}
{"obj": {"type": "LogFloats", "path": ["monitoring", "552629ed", "cpu"], "values": [{"value": 41.6, "step": null, "ts": 1730799706.7279918}]}, "version": 342, "at": 1730799706.7300928}
{"obj": {"type": "LogFloats", "path": ["monitoring", "552629ed", "memory"], "values": [{"value": 10.478656768798828, "step": null, "ts": 1730799706.7279918}]}, "version": 343, "at": 1730799706.730407}
{"obj": {"type": "LogFloats", "path": ["monitoring", "552629ed", "gpu"], "values": [{"value": 85.0, "step": null, "ts": 1730799706.7279918}]}, "version": 344, "at": 1730799706.7305858}
{"obj": {"type": "LogFloats", "path": ["monitoring", "552629ed", "gpu_memory"], "values": [{"value": 1.07940673828125, "step": null, "ts": 1730799706.7279918}]}, "version": 345, "at": 1730799706.7307308}
{"obj": {"type": "LogFloats", "path": ["monitoring", "552629ed", "gpu_power"], "values": [{"value": 179.394, "step": null, "ts": 1730799706.7279918}]}, "version": 346, "at": 1730799706.7309108}
{"obj": {"type": "LogStrings", "path": ["monitoring", "552629ed", "stderr"], "values": [{"value": "\r  6%|\u2588\u2588\u2588\u2588\u2588\u2588\u2588\u2588\u258b                                                                                                                                            | 70/1207 [00:01<00:17, 64.96it/s]", "step": null, "ts": 1730799706.789554}]}, "version": 347, "at": 1730799706.7896073}
{"obj": {"type": "LogStrings", "path": ["monitoring", "552629ed", "stderr"], "values": [{"value": "\r  6%|\u2588\u2588\u2588\u2588\u2588\u2588\u2588\u2588\u2588\u258c                                                                                                                                           | 77/1207 [00:01<00:17, 65.47it/s]", "step": null, "ts": 1730799706.8945749}]}, "version": 348, "at": 1730799706.8946176}
{"obj": {"type": "LogStrings", "path": ["monitoring", "552629ed", "stderr"], "values": [{"value": "\r  7%|\u2588\u2588\u2588\u2588\u2588\u2588\u2588\u2588\u2588\u2588\u258e                                                                                                                                          | 84/1207 [00:01<00:17, 64.92it/s]", "step": null, "ts": 1730799707.004606}]}, "version": 349, "at": 1730799707.0046911}
{"obj": {"type": "LogStrings", "path": ["monitoring", "552629ed", "stderr"], "values": [{"value": "\r  8%|\u2588\u2588\u2588\u2588\u2588\u2588\u2588\u2588\u2588\u2588\u2588\u258f                                                                                                                                         | 91/1207 [00:01<00:17, 65.18it/s]", "step": null, "ts": 1730799707.110945}]}, "version": 350, "at": 1730799707.1110473}
{"obj": {"type": "LogStrings", "path": ["monitoring", "552629ed", "stderr"], "values": [{"value": "\r  8%|\u2588\u2588\u2588\u2588\u2588\u2588\u2588\u2588\u2588\u2588\u2588\u2588                                                                                                                                         | 98/1207 [00:01<00:16, 65.44it/s]", "step": null, "ts": 1730799707.2169943}]}, "version": 351, "at": 1730799707.2170806}
{"obj": {"type": "LogStrings", "path": ["monitoring", "552629ed", "stderr"], "values": [{"value": "\r  9%|\u2588\u2588\u2588\u2588\u2588\u2588\u2588\u2588\u2588\u2588\u2588\u2588\u258a                                                                                                                                       | 105/1207 [00:01<00:16, 65.70it/s]", "step": null, "ts": 1730799707.3225367}]}, "version": 352, "at": 1730799707.3226235}
{"obj": {"type": "LogStrings", "path": ["monitoring", "552629ed", "stderr"], "values": [{"value": "\r  9%|\u2588\u2588\u2588\u2588\u2588\u2588\u2588\u2588\u2588\u2588\u2588\u2588\u2588\u258b                                                                                                                                      | 112/1207 [00:01<00:16, 65.80it/s]", "step": null, "ts": 1730799707.4285772}]}, "version": 353, "at": 1730799707.4286659}
{"obj": {"type": "LogStrings", "path": ["monitoring", "552629ed", "stderr"], "values": [{"value": "\r 10%|\u2588\u2588\u2588\u2588\u2588\u2588\u2588\u2588\u2588\u2588\u2588\u2588\u2588\u2588\u258c                                                                                                                                     | 119/1207 [00:01<00:16, 65.73it/s]", "step": null, "ts": 1730799707.5352285}]}, "version": 354, "at": 1730799707.5352845}
{"obj": {"type": "LogStrings", "path": ["monitoring", "552629ed", "stderr"], "values": [{"value": "\r 10%|\u2588\u2588\u2588\u2588\u2588\u2588\u2588\u2588\u2588\u2588\u2588\u2588\u2588\u2588\u2588\u258d                                                                                                                                    | 126/1207 [00:01<00:16, 65.56it/s]", "step": null, "ts": 1730799707.642686}]}, "version": 355, "at": 1730799707.6427724}
{"obj": {"type": "LogStrings", "path": ["monitoring", "552629ed", "stderr"], "values": [{"value": "\r 11%|\u2588\u2588\u2588\u2588\u2588\u2588\u2588\u2588\u2588\u2588\u2588\u2588\u2588\u2588\u2588\u2588\u258e                                                                                                                                   | 133/1207 [00:02<00:16, 65.68it/s]", "step": null, "ts": 1730799707.748889}]}, "version": 356, "at": 1730799707.7489767}
{"obj": {"type": "LogStrings", "path": ["monitoring", "552629ed", "stderr"], "values": [{"value": "\r 12%|\u2588\u2588\u2588\u2588\u2588\u2588\u2588\u2588\u2588\u2588\u2588\u2588\u2588\u2588\u2588\u2588\u2588\u258f                                                                                                                                  | 140/1207 [00:02<00:20, 52.86it/s]", "step": null, "ts": 1730799707.9415195}]}, "version": 357, "at": 1730799707.9416058}
{"obj": {"type": "LogStrings", "path": ["monitoring", "552629ed", "stderr"], "values": [{"value": "\r 12%|\u2588\u2588\u2588\u2588\u2588\u2588\u2588\u2588\u2588\u2588\u2588\u2588\u2588\u2588\u2588\u2588\u2588\u2588                                                                                                                                  | 147/1207 [00:02<00:18, 55.88it/s]", "step": null, "ts": 1730799708.0501018}]}, "version": 358, "at": 1730799708.050192}
{"obj": {"type": "LogStrings", "path": ["monitoring", "552629ed", "stderr"], "values": [{"value": "\r 13%|\u2588\u2588\u2588\u2588\u2588\u2588\u2588\u2588\u2588\u2588\u2588\u2588\u2588\u2588\u2588\u2588\u2588\u2588\u2589                                                                                                                                 | 154/1207 [00:02<00:18, 58.35it/s]", "step": null, "ts": 1730799708.1576703}]}, "version": 359, "at": 1730799708.1577597}
{"obj": {"type": "LogStrings", "path": ["monitoring", "552629ed", "stderr"], "values": [{"value": "\r 13%|\u2588\u2588\u2588\u2588\u2588\u2588\u2588\u2588\u2588\u2588\u2588\u2588\u2588\u2588\u2588\u2588\u2588\u2588\u2588\u258b                                                                                                                                | 161/1207 [00:02<00:17, 60.46it/s]", "step": null, "ts": 1730799708.2637353}]}, "version": 360, "at": 1730799708.2638142}
{"obj": {"type": "LogStrings", "path": ["monitoring", "552629ed", "stderr"], "values": [{"value": "\r 14%|\u2588\u2588\u2588\u2588\u2588\u2588\u2588\u2588\u2588\u2588\u2588\u2588\u2588\u2588\u2588\u2588\u2588\u2588\u2588\u2588\u258c                                                                                                                               | 168/1207 [00:02<00:16, 61.73it/s]", "step": null, "ts": 1730799708.3714461}]}, "version": 361, "at": 1730799708.3715353}
{"obj": {"type": "LogStrings", "path": ["monitoring", "552629ed", "stderr"], "values": [{"value": "\r 14%|\u2588\u2588\u2588\u2588\u2588\u2588\u2588\u2588\u2588\u2588\u2588\u2588\u2588\u2588\u2588\u2588\u2588\u2588\u2588\u2588\u2588\u258d                                                                                                                              | 175/1207 [00:02<00:16, 62.95it/s]", "step": null, "ts": 1730799708.477641}]}, "version": 362, "at": 1730799708.4777198}
{"obj": {"type": "LogStrings", "path": ["monitoring", "552629ed", "stderr"], "values": [{"value": "\r 15%|\u2588\u2588\u2588\u2588\u2588\u2588\u2588\u2588\u2588\u2588\u2588\u2588\u2588\u2588\u2588\u2588\u2588\u2588\u2588\u2588\u2588\u2588\u258e                                                                                                                             | 182/1207 [00:02<00:16, 63.77it/s]", "step": null, "ts": 1730799708.5840523}]}, "version": 363, "at": 1730799708.5841198}
{"obj": {"type": "LogStrings", "path": ["monitoring", "552629ed", "stderr"], "values": [{"value": "\r 16%|\u2588\u2588\u2588\u2588\u2588\u2588\u2588\u2588\u2588\u2588\u2588\u2588\u2588\u2588\u2588\u2588\u2588\u2588\u2588\u2588\u2588\u2588\u2588\u258f                                                                                                                            | 189/1207 [00:02<00:15, 64.20it/s]", "step": null, "ts": 1730799708.691399}]}, "version": 364, "at": 1730799708.6914701}
{"obj": {"type": "LogStrings", "path": ["monitoring", "552629ed", "stderr"], "values": [{"value": "\r 16%|\u2588\u2588\u2588\u2588\u2588\u2588\u2588\u2588\u2588\u2588\u2588\u2588\u2588\u2588\u2588\u2588\u2588\u2588\u2588\u2588\u2588\u2588\u2588\u2588                                                                                                                            | 196/1207 [00:03<00:15, 65.24it/s]", "step": null, "ts": 1730799708.794671}]}, "version": 365, "at": 1730799708.794753}
{"obj": {"type": "LogStrings", "path": ["monitoring", "552629ed", "stderr"], "values": [{"value": "\r 17%|\u2588\u2588\u2588\u2588\u2588\u2588\u2588\u2588\u2588\u2588\u2588\u2588\u2588\u2588\u2588\u2588\u2588\u2588\u2588\u2588\u2588\u2588\u2588\u2588\u2589                                                                                                                           | 203/1207 [00:03<00:15, 65.77it/s]", "step": null, "ts": 1730799708.8990667}]}, "version": 366, "at": 1730799708.8991497}
{"obj": {"type": "LogStrings", "path": ["monitoring", "552629ed", "stderr"], "values": [{"value": "\r 17%|\u2588\u2588\u2588\u2588\u2588\u2588\u2588\u2588\u2588\u2588\u2588\u2588\u2588\u2588\u2588\u2588\u2588\u2588\u2588\u2588\u2588\u2588\u2588\u2588\u2588\u258b                                                                                                                          | 210/1207 [00:03<00:15, 66.08it/s]", "step": null, "ts": 1730799709.003858}]}, "version": 367, "at": 1730799709.0039353}
{"obj": {"type": "LogStrings", "path": ["monitoring", "552629ed", "stderr"], "values": [{"value": "\r 18%|\u2588\u2588\u2588\u2588\u2588\u2588\u2588\u2588\u2588\u2588\u2588\u2588\u2588\u2588\u2588\u2588\u2588\u2588\u2588\u2588\u2588\u2588\u2588\u2588\u2588\u2588\u258c                                                                                                                         | 217/1207 [00:03<00:14, 66.51it/s]", "step": null, "ts": 1730799709.1074836}]}, "version": 368, "at": 1730799709.1075704}
{"obj": {"type": "LogStrings", "path": ["monitoring", "552629ed", "stderr"], "values": [{"value": "\r 19%|\u2588\u2588\u2588\u2588\u2588\u2588\u2588\u2588\u2588\u2588\u2588\u2588\u2588\u2588\u2588\u2588\u2588\u2588\u2588\u2588\u2588\u2588\u2588\u2588\u2588\u2588\u2588\u258c                                                                                                                        | 225/1207 [00:03<00:14, 67.71it/s]", "step": null, "ts": 1730799709.2213428}]}, "version": 369, "at": 1730799709.2214699}
{"obj": {"type": "LogStrings", "path": ["monitoring", "552629ed", "stderr"], "values": [{"value": "\r 19%|\u2588\u2588\u2588\u2588\u2588\u2588\u2588\u2588\u2588\u2588\u2588\u2588\u2588\u2588\u2588\u2588\u2588\u2588\u2588\u2588\u2588\u2588\u2588\u2588\u2588\u2588\u2588\u2588\u258c                                                                                                                       | 233/1207 [00:03<00:14, 69.40it/s]", "step": null, "ts": 1730799709.3304358}]}, "version": 370, "at": 1730799709.3305275}
{"obj": {"type": "LogStrings", "path": ["monitoring", "552629ed", "stderr"], "values": [{"value": "\r 20%|\u2588\u2588\u2588\u2588\u2588\u2588\u2588\u2588\u2588\u2588\u2588\u2588\u2588\u2588\u2588\u2588\u2588\u2588\u2588\u2588\u2588\u2588\u2588\u2588\u2588\u2588\u2588\u2588\u2588\u258d                                                                                                                      | 240/1207 [00:03<00:14, 68.33it/s]", "step": null, "ts": 1730799709.4368246}]}, "version": 371, "at": 1730799709.4369178}
{"obj": {"type": "LogStrings", "path": ["monitoring", "552629ed", "stderr"], "values": [{"value": "\r 20%|\u2588\u2588\u2588\u2588\u2588\u2588\u2588\u2588\u2588\u2588\u2588\u2588\u2588\u2588\u2588\u2588\u2588\u2588\u2588\u2588\u2588\u2588\u2588\u2588\u2588\u2588\u2588\u2588\u2588\u2588\u258e                                                                                                                     | 247/1207 [00:03<00:14, 68.08it/s]", "step": null, "ts": 1730799709.5406024}]}, "version": 372, "at": 1730799709.5406914}
{"obj": {"type": "LogStrings", "path": ["monitoring", "552629ed", "stderr"], "values": [{"value": "\r 21%|\u2588\u2588\u2588\u2588\u2588\u2588\u2588\u2588\u2588\u2588\u2588\u2588\u2588\u2588\u2588\u2588\u2588\u2588\u2588\u2588\u2588\u2588\u2588\u2588\u2588\u2588\u2588\u2588\u2588\u2588\u2588\u258f                                                                                                                    | 254/1207 [00:03<00:14, 67.82it/s]", "step": null, "ts": 1730799709.644644}]}, "version": 373, "at": 1730799709.6447208}
{"obj": {"type": "LogStrings", "path": ["monitoring", "552629ed", "stderr"], "values": [{"value": "\r 22%|\u2588\u2588\u2588\u2588\u2588\u2588\u2588\u2588\u2588\u2588\u2588\u2588\u2588\u2588\u2588\u2588\u2588\u2588\u2588\u2588\u2588\u2588\u2588\u2588\u2588\u2588\u2588\u2588\u2588\u2588\u2588\u2588                                                                                                                    | 261/1207 [00:04<00:14, 67.48it/s]", "step": null, "ts": 1730799709.7496712}]}, "version": 374, "at": 1730799709.7497597}
{"obj": {"type": "LogStrings", "path": ["monitoring", "552629ed", "stderr"], "values": [{"value": "\r 22%|\u2588\u2588\u2588\u2588\u2588\u2588\u2588\u2588\u2588\u2588\u2588\u2588\u2588\u2588\u2588\u2588\u2588\u2588\u2588\u2588\u2588\u2588\u2588\u2588\u2588\u2588\u2588\u2588\u2588\u2588\u2588\u2588\u258a                                                                                                                   | 268/1207 [00:04<00:13, 67.20it/s]", "step": null, "ts": 1730799709.8548157}]}, "version": 375, "at": 1730799709.8549151}
{"obj": {"type": "LogStrings", "path": ["monitoring", "552629ed", "stderr"], "values": [{"value": "\r 23%|\u2588\u2588\u2588\u2588\u2588\u2588\u2588\u2588\u2588\u2588\u2588\u2588\u2588\u2588\u2588\u2588\u2588\u2588\u2588\u2588\u2588\u2588\u2588\u2588\u2588\u2588\u2588\u2588\u2588\u2588\u2588\u2588\u2588\u258b                                                                                                                  | 275/1207 [00:04<00:15, 61.49it/s]", "step": null, "ts": 1730799709.9915245}]}, "version": 376, "at": 1730799709.9915962}
{"obj": {"type": "LogStrings", "path": ["monitoring", "552629ed", "stderr"], "values": [{"value": "\r 23%|\u2588\u2588\u2588\u2588\u2588\u2588\u2588\u2588\u2588\u2588\u2588\u2588\u2588\u2588\u2588\u2588\u2588\u2588\u2588\u2588\u2588\u2588\u2588\u2588\u2588\u2588\u2588\u2588\u2588\u2588\u2588\u2588\u2588\u2588\u258b                                                                                                                 | 283/1207 [00:04<00:14, 65.07it/s]", "step": null, "ts": 1730799710.099737}]}, "version": 377, "at": 1730799710.099805}
{"obj": {"type": "LogStrings", "path": ["monitoring", "552629ed", "stderr"], "values": [{"value": "\r 24%|\u2588\u2588\u2588\u2588\u2588\u2588\u2588\u2588\u2588\u2588\u2588\u2588\u2588\u2588\u2588\u2588\u2588\u2588\u2588\u2588\u2588\u2588\u2588\u2588\u2588\u2588\u2588\u2588\u2588\u2588\u2588\u2588\u2588\u2588\u2588\u258b                                                                                                                | 291/1207 [00:04<00:13, 68.02it/s]", "step": null, "ts": 1730799710.2059891}]}, "version": 378, "at": 1730799710.206064}
{"obj": {"type": "LogStrings", "path": ["monitoring", "552629ed", "stderr"], "values": [{"value": "\r 25%|\u2588\u2588\u2588\u2588\u2588\u2588\u2588\u2588\u2588\u2588\u2588\u2588\u2588\u2588\u2588\u2588\u2588\u2588\u2588\u2588\u2588\u2588\u2588\u2588\u2588\u2588\u2588\u2588\u2588\u2588\u2588\u2588\u2588\u2588\u2588\u2588\u258b                                                                                                               | 299/1207 [00:04<00:12, 70.05it/s]", "step": null, "ts": 1730799710.3126302}]}, "version": 379, "at": 1730799710.312708}
{"obj": {"type": "LogStrings", "path": ["monitoring", "552629ed", "stderr"], "values": [{"value": "\r 25%|\u2588\u2588\u2588\u2588\u2588\u2588\u2588\u2588\u2588\u2588\u2588\u2588\u2588\u2588\u2588\u2588\u2588\u2588\u2588\u2588\u2588\u2588\u2588\u2588\u2588\u2588\u2588\u2588\u2588\u2588\u2588\u2588\u2588\u2588\u2588\u2588\u2588\u258b                                                                                                              | 307/1207 [00:04<00:12, 69.90it/s]", "step": null, "ts": 1730799710.4276702}]}, "version": 380, "at": 1730799710.4277587}
{"obj": {"type": "LogStrings", "path": ["monitoring", "552629ed", "stderr"], "values": [{"value": "\r 26%|\u2588\u2588\u2588\u2588\u2588\u2588\u2588\u2588\u2588\u2588\u2588\u2588\u2588\u2588\u2588\u2588\u2588\u2588\u2588\u2588\u2588\u2588\u2588\u2588\u2588\u2588\u2588\u2588\u2588\u2588\u2588\u2588\u2588\u2588\u2588\u2588\u2588\u2588\u258c                                                                                                             | 315/1207 [00:04<00:12, 71.30it/s]", "step": null, "ts": 1730799710.534804}]}, "version": 381, "at": 1730799710.534895}
{"obj": {"type": "LogStrings", "path": ["monitoring", "552629ed", "stderr"], "values": [{"value": "\r 27%|\u2588\u2588\u2588\u2588\u2588\u2588\u2588\u2588\u2588\u2588\u2588\u2588\u2588\u2588\u2588\u2588\u2588\u2588\u2588\u2588\u2588\u2588\u2588\u2588\u2588\u2588\u2588\u2588\u2588\u2588\u2588\u2588\u2588\u2588\u2588\u2588\u2588\u2588\u2588\u258c                                                                                                            | 323/1207 [00:04<00:12, 72.14it/s]", "step": null, "ts": 1730799710.6426315}]}, "version": 382, "at": 1730799710.64269}
{"obj": {"type": "LogStrings", "path": ["monitoring", "552629ed", "stderr"], "values": [{"value": "\r 27%|\u2588\u2588\u2588\u2588\u2588\u2588\u2588\u2588\u2588\u2588\u2588\u2588\u2588\u2588\u2588\u2588\u2588\u2588\u2588\u2588\u2588\u2588\u2588\u2588\u2588\u2588\u2588\u2588\u2588\u2588\u2588\u2588\u2588\u2588\u2588\u2588\u2588\u2588\u2588\u2588\u258c                                                                                                           | 331/1207 [00:05<00:12, 72.50it/s]", "step": null, "ts": 1730799710.7517233}]}, "version": 383, "at": 1730799710.751779}
{"obj": {"type": "LogStrings", "path": ["monitoring", "552629ed", "stderr"], "values": [{"value": "\r 28%|\u2588\u2588\u2588\u2588\u2588\u2588\u2588\u2588\u2588\u2588\u2588\u2588\u2588\u2588\u2588\u2588\u2588\u2588\u2588\u2588\u2588\u2588\u2588\u2588\u2588\u2588\u2588\u2588\u2588\u2588\u2588\u2588\u2588\u2588\u2588\u2588\u2588\u2588\u2588\u2588\u2588\u258c                                                                                                          | 339/1207 [00:05<00:11, 73.33it/s]", "step": null, "ts": 1730799710.8580182}]}, "version": 384, "at": 1730799710.8581057}
{"obj": {"type": "LogStrings", "path": ["monitoring", "552629ed", "stderr"], "values": [{"value": "\r 29%|\u2588\u2588\u2588\u2588\u2588\u2588\u2588\u2588\u2588\u2588\u2588\u2588\u2588\u2588\u2588\u2588\u2588\u2588\u2588\u2588\u2588\u2588\u2588\u2588\u2588\u2588\u2588\u2588\u2588\u2588\u2588\u2588\u2588\u2588\u2588\u2588\u2588\u2588\u2588\u2588\u2588\u2588\u258c                                                                                                         | 347/1207 [00:05<00:11, 72.40it/s]", "step": null, "ts": 1730799710.9716828}]}, "version": 385, "at": 1730799710.9717643}
{"obj": {"type": "LogStrings", "path": ["monitoring", "552629ed", "stderr"], "values": [{"value": "\r 29%|\u2588\u2588\u2588\u2588\u2588\u2588\u2588\u2588\u2588\u2588\u2588\u2588\u2588\u2588\u2588\u2588\u2588\u2588\u2588\u2588\u2588\u2588\u2588\u2588\u2588\u2588\u2588\u2588\u2588\u2588\u2588\u2588\u2588\u2588\u2588\u2588\u2588\u2588\u2588\u2588\u2588\u2588\u2588\u258c                                                                                                        | 355/1207 [00:05<00:11, 73.07it/s]", "step": null, "ts": 1730799711.0788963}]}, "version": 386, "at": 1730799711.0789874}
{"obj": {"type": "LogStrings", "path": ["monitoring", "552629ed", "stderr"], "values": [{"value": "\r 30%|\u2588\u2588\u2588\u2588\u2588\u2588\u2588\u2588\u2588\u2588\u2588\u2588\u2588\u2588\u2588\u2588\u2588\u2588\u2588\u2588\u2588\u2588\u2588\u2588\u2588\u2588\u2588\u2588\u2588\u2588\u2588\u2588\u2588\u2588\u2588\u2588\u2588\u2588\u2588\u2588\u2588\u2588\u2588\u2588\u258c                                                                                                       | 363/1207 [00:05<00:11, 73.60it/s]", "step": null, "ts": 1730799711.185744}]}, "version": 387, "at": 1730799711.1858351}
{"obj": {"type": "LogStrings", "path": ["monitoring", "552629ed", "stderr"], "values": [{"value": "\r 31%|\u2588\u2588\u2588\u2588\u2588\u2588\u2588\u2588\u2588\u2588\u2588\u2588\u2588\u2588\u2588\u2588\u2588\u2588\u2588\u2588\u2588\u2588\u2588\u2588\u2588\u2588\u2588\u2588\u2588\u2588\u2588\u2588\u2588\u2588\u2588\u2588\u2588\u2588\u2588\u2588\u2588\u2588\u2588\u2588\u2588\u258d                                                                                                      | 371/1207 [00:05<00:11, 73.33it/s]", "step": null, "ts": 1730799711.2957091}]}, "version": 388, "at": 1730799711.2957966}
{"obj": {"type": "LogStrings", "path": ["monitoring", "552629ed", "stderr"], "values": [{"value": "\r 31%|\u2588\u2588\u2588\u2588\u2588\u2588\u2588\u2588\u2588\u2588\u2588\u2588\u2588\u2588\u2588\u2588\u2588\u2588\u2588\u2588\u2588\u2588\u2588\u2588\u2588\u2588\u2588\u2588\u2588\u2588\u2588\u2588\u2588\u2588\u2588\u2588\u2588\u2588\u2588\u2588\u2588\u2588\u2588\u2588\u2588\u2588\u258d                                                                                                     | 379/1207 [00:05<00:11, 73.48it/s]", "step": null, "ts": 1730799711.4040844}]}, "version": 389, "at": 1730799711.404172}
{"obj": {"type": "LogStrings", "path": ["monitoring", "552629ed", "stderr"], "values": [{"value": "\r 32%|\u2588\u2588\u2588\u2588\u2588\u2588\u2588\u2588\u2588\u2588\u2588\u2588\u2588\u2588\u2588\u2588\u2588\u2588\u2588\u2588\u2588\u2588\u2588\u2588\u2588\u2588\u2588\u2588\u2588\u2588\u2588\u2588\u2588\u2588\u2588\u2588\u2588\u2588\u2588\u2588\u2588\u2588\u2588\u2588\u2588\u2588\u2588\u258d                                                                                                    | 387/1207 [00:05<00:11, 73.79it/s]", "step": null, "ts": 1730799711.5114262}]}, "version": 390, "at": 1730799711.511514}
{"obj": {"type": "LogStrings", "path": ["monitoring", "552629ed", "stderr"], "values": [{"value": "\r 33%|\u2588\u2588\u2588\u2588\u2588\u2588\u2588\u2588\u2588\u2588\u2588\u2588\u2588\u2588\u2588\u2588\u2588\u2588\u2588\u2588\u2588\u2588\u2588\u2588\u2588\u2588\u2588\u2588\u2588\u2588\u2588\u2588\u2588\u2588\u2588\u2588\u2588\u2588\u2588\u2588\u2588\u2588\u2588\u2588\u2588\u2588\u2588\u2588\u258d                                                                                                   | 395/1207 [00:05<00:10, 74.13it/s]", "step": null, "ts": 1730799711.618228}]}, "version": 391, "at": 1730799711.6183167}
{"obj": {"type": "LogStrings", "path": ["monitoring", "552629ed", "stderr"], "values": [{"value": "\r 33%|\u2588\u2588\u2588\u2588\u2588\u2588\u2588\u2588\u2588\u2588\u2588\u2588\u2588\u2588\u2588\u2588\u2588\u2588\u2588\u2588\u2588\u2588\u2588\u2588\u2588\u2588\u2588\u2588\u2588\u2588\u2588\u2588\u2588\u2588\u2588\u2588\u2588\u2588\u2588\u2588\u2588\u2588\u2588\u2588\u2588\u2588\u2588\u2588\u2588\u258d                                                                                                  | 403/1207 [00:06<00:10, 74.26it/s]", "step": null, "ts": 1730799711.72552}]}, "version": 392, "at": 1730799711.7256086}
{"obj": {"type": "LogStrings", "path": ["monitoring", "552629ed", "stderr"], "values": [{"value": "\r 34%|\u2588\u2588\u2588\u2588\u2588\u2588\u2588\u2588\u2588\u2588\u2588\u2588\u2588\u2588\u2588\u2588\u2588\u2588\u2588\u2588\u2588\u2588\u2588\u2588\u2588\u2588\u2588\u2588\u2588\u2588\u2588\u2588\u2588\u2588\u2588\u2588\u2588\u2588\u2588\u2588\u2588\u2588\u2588\u2588\u2588\u2588\u2588\u2588\u2588\u2588\u258d                                                                                                 | 411/1207 [00:06<00:10, 73.25it/s]", "step": null, "ts": 1730799711.8381348}]}, "version": 393, "at": 1730799711.8382218}
{"obj": {"type": "LogStrings", "path": ["monitoring", "552629ed", "stderr"], "values": [{"value": "\r 35%|\u2588\u2588\u2588\u2588\u2588\u2588\u2588\u2588\u2588\u2588\u2588\u2588\u2588\u2588\u2588\u2588\u2588\u2588\u2588\u2588\u2588\u2588\u2588\u2588\u2588\u2588\u2588\u2588\u2588\u2588\u2588\u2588\u2588\u2588\u2588\u2588\u2588\u2588\u2588\u2588\u2588\u2588\u2588\u2588\u2588\u2588\u2588\u2588\u2588\u2588\u2588\u258d                                                                                                | 419/1207 [00:06<00:10, 71.67it/s]", "step": null, "ts": 1730799711.955403}]}, "version": 394, "at": 1730799711.9554985}
{"obj": {"type": "LogStrings", "path": ["monitoring", "552629ed", "stderr"], "values": [{"value": "\r 35%|\u2588\u2588\u2588\u2588\u2588\u2588\u2588\u2588\u2588\u2588\u2588\u2588\u2588\u2588\u2588\u2588\u2588\u2588\u2588\u2588\u2588\u2588\u2588\u2588\u2588\u2588\u2588\u2588\u2588\u2588\u2588\u2588\u2588\u2588\u2588\u2588\u2588\u2588\u2588\u2588\u2588\u2588\u2588\u2588\u2588\u2588\u2588\u2588\u2588\u2588\u2588\u2588\u258e                                                                                               | 427/1207 [00:06<00:10, 72.57it/s]", "step": null, "ts": 1730799712.0624142}]}, "version": 395, "at": 1730799712.0624921}
{"obj": {"type": "LogStrings", "path": ["monitoring", "552629ed", "stderr"], "values": [{"value": "\r 36%|\u2588\u2588\u2588\u2588\u2588\u2588\u2588\u2588\u2588\u2588\u2588\u2588\u2588\u2588\u2588\u2588\u2588\u2588\u2588\u2588\u2588\u2588\u2588\u2588\u2588\u2588\u2588\u2588\u2588\u2588\u2588\u2588\u2588\u2588\u2588\u2588\u2588\u2588\u2588\u2588\u2588\u2588\u2588\u2588\u2588\u2588\u2588\u2588\u2588\u2588\u2588\u2588\u2588\u258e                                                                                              | 435/1207 [00:06<00:10, 72.65it/s]", "step": null, "ts": 1730799712.1722634}]}, "version": 396, "at": 1730799712.172332}
{"obj": {"type": "LogStrings", "path": ["monitoring", "552629ed", "stderr"], "values": [{"value": "\r 37%|\u2588\u2588\u2588\u2588\u2588\u2588\u2588\u2588\u2588\u2588\u2588\u2588\u2588\u2588\u2588\u2588\u2588\u2588\u2588\u2588\u2588\u2588\u2588\u2588\u2588\u2588\u2588\u2588\u2588\u2588\u2588\u2588\u2588\u2588\u2588\u2588\u2588\u2588\u2588\u2588\u2588\u2588\u2588\u2588\u2588\u2588\u2588\u2588\u2588\u2588\u2588\u2588\u2588\u2588\u258e                                                                                             | 443/1207 [00:06<00:10, 73.26it/s]", "step": null, "ts": 1730799712.2793572}]}, "version": 397, "at": 1730799712.2794416}
{"obj": {"type": "LogStrings", "path": ["monitoring", "552629ed", "stderr"], "values": [{"value": "\r 37%|\u2588\u2588\u2588\u2588\u2588\u2588\u2588\u2588\u2588\u2588\u2588\u2588\u2588\u2588\u2588\u2588\u2588\u2588\u2588\u2588\u2588\u2588\u2588\u2588\u2588\u2588\u2588\u2588\u2588\u2588\u2588\u2588\u2588\u2588\u2588\u2588\u2588\u2588\u2588\u2588\u2588\u2588\u2588\u2588\u2588\u2588\u2588\u2588\u2588\u2588\u2588\u2588\u2588\u2588\u2588\u258e                                                                                            | 451/1207 [00:06<00:10, 73.83it/s]", "step": null, "ts": 1730799712.3856575}]}, "version": 398, "at": 1730799712.3857238}
{"obj": {"type": "LogStrings", "path": ["monitoring", "552629ed", "stderr"], "values": [{"value": "\r 38%|\u2588\u2588\u2588\u2588\u2588\u2588\u2588\u2588\u2588\u2588\u2588\u2588\u2588\u2588\u2588\u2588\u2588\u2588\u2588\u2588\u2588\u2588\u2588\u2588\u2588\u2588\u2588\u2588\u2588\u2588\u2588\u2588\u2588\u2588\u2588\u2588\u2588\u2588\u2588\u2588\u2588\u2588\u2588\u2588\u2588\u2588\u2588\u2588\u2588\u2588\u2588\u2588\u2588\u2588\u2588\u2588\u258e                                                                                           | 459/1207 [00:06<00:10, 74.06it/s]", "step": null, "ts": 1730799712.4931233}]}, "version": 399, "at": 1730799712.4932847}
{"obj": {"type": "LogStrings", "path": ["monitoring", "552629ed", "stderr"], "values": [{"value": "\r 39%|\u2588\u2588\u2588\u2588\u2588\u2588\u2588\u2588\u2588\u2588\u2588\u2588\u2588\u2588\u2588\u2588\u2588\u2588\u2588\u2588\u2588\u2588\u2588\u2588\u2588\u2588\u2588\u2588\u2588\u2588\u2588\u2588\u2588\u2588\u2588\u2588\u2588\u2588\u2588\u2588\u2588\u2588\u2588\u2588\u2588\u2588\u2588\u2588\u2588\u2588\u2588\u2588\u2588\u2588\u2588\u2588\u2588\u258e                                                                                          | 467/1207 [00:06<00:10, 73.11it/s]", "step": null, "ts": 1730799712.6056776}]}, "version": 400, "at": 1730799712.6057599}
{"obj": {"type": "LogStrings", "path": ["monitoring", "552629ed", "stderr"], "values": [{"value": "\r 39%|\u2588\u2588\u2588\u2588\u2588\u2588\u2588\u2588\u2588\u2588\u2588\u2588\u2588\u2588\u2588\u2588\u2588\u2588\u2588\u2588\u2588\u2588\u2588\u2588\u2588\u2588\u2588\u2588\u2588\u2588\u2588\u2588\u2588\u2588\u2588\u2588\u2588\u2588\u2588\u2588\u2588\u2588\u2588\u2588\u2588\u2588\u2588\u2588\u2588\u2588\u2588\u2588\u2588\u2588\u2588\u2588\u2588\u2588\u258f                                                                                         | 475/1207 [00:07<00:09, 73.21it/s]", "step": null, "ts": 1730799712.714519}]}, "version": 401, "at": 1730799712.7145956}
{"obj": {"type": "LogStrings", "path": ["monitoring", "552629ed", "stderr"], "values": [{"value": "\r 40%|\u2588\u2588\u2588\u2588\u2588\u2588\u2588\u2588\u2588\u2588\u2588\u2588\u2588\u2588\u2588\u2588\u2588\u2588\u2588\u2588\u2588\u2588\u2588\u2588\u2588\u2588\u2588\u2588\u2588\u2588\u2588\u2588\u2588\u2588\u2588\u2588\u2588\u2588\u2588\u2588\u2588\u2588\u2588\u2588\u2588\u2588\u2588\u2588\u2588\u2588\u2588\u2588\u2588\u2588\u2588\u2588\u2588\u2588\u2588\u258f                                                                                        | 483/1207 [00:07<00:10, 70.98it/s]", "step": null, "ts": 1730799712.835328}]}, "version": 402, "at": 1730799712.8353965}
{"obj": {"type": "LogStrings", "path": ["monitoring", "552629ed", "stderr"], "values": [{"value": "\r 41%|\u2588\u2588\u2588\u2588\u2588\u2588\u2588\u2588\u2588\u2588\u2588\u2588\u2588\u2588\u2588\u2588\u2588\u2588\u2588\u2588\u2588\u2588\u2588\u2588\u2588\u2588\u2588\u2588\u2588\u2588\u2588\u2588\u2588\u2588\u2588\u2588\u2588\u2588\u2588\u2588\u2588\u2588\u2588\u2588\u2588\u2588\u2588\u2588\u2588\u2588\u2588\u2588\u2588\u2588\u2588\u2588\u2588\u2588\u2588\u2588\u258f                                                                                       | 491/1207 [00:07<00:10, 69.40it/s]", "step": null, "ts": 1730799712.9565291}]}, "version": 403, "at": 1730799712.9565973}
{"obj": {"type": "LogStrings", "path": ["monitoring", "552629ed", "stderr"], "values": [{"value": "\r 41%|\u2588\u2588\u2588\u2588\u2588\u2588\u2588\u2588\u2588\u2588\u2588\u2588\u2588\u2588\u2588\u2588\u2588\u2588\u2588\u2588\u2588\u2588\u2588\u2588\u2588\u2588\u2588\u2588\u2588\u2588\u2588\u2588\u2588\u2588\u2588\u2588\u2588\u2588\u2588\u2588\u2588\u2588\u2588\u2588\u2588\u2588\u2588\u2588\u2588\u2588\u2588\u2588\u2588\u2588\u2588\u2588\u2588\u2588\u2588\u2588\u2588                                                                                       | 498/1207 [00:07<00:10, 68.85it/s]", "step": null, "ts": 1730799713.0604422}]}, "version": 404, "at": 1730799713.0605223}
{"obj": {"type": "LogStrings", "path": ["monitoring", "552629ed", "stderr"], "values": [{"value": "\r 42%|\u2588\u2588\u2588\u2588\u2588\u2588\u2588\u2588\u2588\u2588\u2588\u2588\u2588\u2588\u2588\u2588\u2588\u2588\u2588\u2588\u2588\u2588\u2588\u2588\u2588\u2588\u2588\u2588\u2588\u2588\u2588\u2588\u2588\u2588\u2588\u2588\u2588\u2588\u2588\u2588\u2588\u2588\u2588\u2588\u2588\u2588\u2588\u2588\u2588\u2588\u2588\u2588\u2588\u2588\u2588\u2588\u2588\u2588\u2588\u2588\u2588\u2589                                                                                      | 505/1207 [00:07<00:10, 68.64it/s]", "step": null, "ts": 1730799713.163146}]}, "version": 405, "at": 1730799713.1632173}
{"obj": {"type": "LogStrings", "path": ["monitoring", "552629ed", "stderr"], "values": [{"value": "\r 42%|\u2588\u2588\u2588\u2588\u2588\u2588\u2588\u2588\u2588\u2588\u2588\u2588\u2588\u2588\u2588\u2588\u2588\u2588\u2588\u2588\u2588\u2588\u2588\u2588\u2588\u2588\u2588\u2588\u2588\u2588\u2588\u2588\u2588\u2588\u2588\u2588\u2588\u2588\u2588\u2588\u2588\u2588\u2588\u2588\u2588\u2588\u2588\u2588\u2588\u2588\u2588\u2588\u2588\u2588\u2588\u2588\u2588\u2588\u2588\u2588\u2588\u2588\u258a                                                                                     | 512/1207 [00:07<00:10, 67.78it/s]", "step": null, "ts": 1730799713.2695966}]}, "version": 406, "at": 1730799713.2696645}
{"obj": {"type": "LogStrings", "path": ["monitoring", "552629ed", "stderr"], "values": [{"value": "\r 43%|\u2588\u2588\u2588\u2588\u2588\u2588\u2588\u2588\u2588\u2588\u2588\u2588\u2588\u2588\u2588\u2588\u2588\u2588\u2588\u2588\u2588\u2588\u2588\u2588\u2588\u2588\u2588\u2588\u2588\u2588\u2588\u2588\u2588\u2588\u2588\u2588\u2588\u2588\u2588\u2588\u2588\u2588\u2588\u2588\u2588\u2588\u2588\u2588\u2588\u2588\u2588\u2588\u2588\u2588\u2588\u2588\u2588\u2588\u2588\u2588\u2588\u2588\u2588\u258b                                                                                    | 519/1207 [00:07<00:10, 67.15it/s]", "step": null, "ts": 1730799713.3761818}]}, "version": 407, "at": 1730799713.3762565}
{"obj": {"type": "LogStrings", "path": ["monitoring", "552629ed", "stderr"], "values": [{"value": "\r 44%|\u2588\u2588\u2588\u2588\u2588\u2588\u2588\u2588\u2588\u2588\u2588\u2588\u2588\u2588\u2588\u2588\u2588\u2588\u2588\u2588\u2588\u2588\u2588\u2588\u2588\u2588\u2588\u2588\u2588\u2588\u2588\u2588\u2588\u2588\u2588\u2588\u2588\u2588\u2588\u2588\u2588\u2588\u2588\u2588\u2588\u2588\u2588\u2588\u2588\u2588\u2588\u2588\u2588\u2588\u2588\u2588\u2588\u2588\u2588\u2588\u2588\u2588\u2588\u2588\u258d                                                                                   | 526/1207 [00:07<00:10, 66.95it/s]", "step": null, "ts": 1730799713.4815655}]}, "version": 408, "at": 1730799713.4816325}
{"obj": {"type": "LogStrings", "path": ["monitoring", "552629ed", "stderr"], "values": [{"value": "\r 44%|\u2588\u2588\u2588\u2588\u2588\u2588\u2588\u2588\u2588\u2588\u2588\u2588\u2588\u2588\u2588\u2588\u2588\u2588\u2588\u2588\u2588\u2588\u2588\u2588\u2588\u2588\u2588\u2588\u2588\u2588\u2588\u2588\u2588\u2588\u2588\u2588\u2588\u2588\u2588\u2588\u2588\u2588\u2588\u2588\u2588\u2588\u2588\u2588\u2588\u2588\u2588\u2588\u2588\u2588\u2588\u2588\u2588\u2588\u2588\u2588\u2588\u2588\u2588\u2588\u2588\u258e                                                                                  | 533/1207 [00:07<00:10, 66.68it/s]", "step": null, "ts": 1730799713.5875466}]}, "version": 409, "at": 1730799713.5876198}
{"obj": {"type": "LogStrings", "path": ["monitoring", "552629ed", "stderr"], "values": [{"value": "\r 45%|\u2588\u2588\u2588\u2588\u2588\u2588\u2588\u2588\u2588\u2588\u2588\u2588\u2588\u2588\u2588\u2588\u2588\u2588\u2588\u2588\u2588\u2588\u2588\u2588\u2588\u2588\u2588\u2588\u2588\u2588\u2588\u2588\u2588\u2588\u2588\u2588\u2588\u2588\u2588\u2588\u2588\u2588\u2588\u2588\u2588\u2588\u2588\u2588\u2588\u2588\u2588\u2588\u2588\u2588\u2588\u2588\u2588\u2588\u2588\u2588\u2588\u2588\u2588\u2588\u2588\u2588\u258f                                                                                 | 540/1207 [00:07<00:10, 66.30it/s]", "step": null, "ts": 1730799713.6946619}]}, "version": 410, "at": 1730799713.6947346}
{"obj": {"type": "LogStrings", "path": ["monitoring", "552629ed", "stderr"], "values": [{"value": "\r 45%|\u2588\u2588\u2588\u2588\u2588\u2588\u2588\u2588\u2588\u2588\u2588\u2588\u2588\u2588\u2588\u2588\u2588\u2588\u2588\u2588\u2588\u2588\u2588\u2588\u2588\u2588\u2588\u2588\u2588\u2588\u2588\u2588\u2588\u2588\u2588\u2588\u2588\u2588\u2588\u2588\u2588\u2588\u2588\u2588\u2588\u2588\u2588\u2588\u2588\u2588\u2588\u2588\u2588\u2588\u2588\u2588\u2588\u2588\u2588\u2588\u2588\u2588\u2588\u2588\u2588\u2588\u2588                                                                                 | 547/1207 [00:08<00:09, 66.93it/s]", "step": null, "ts": 1730799713.7967622}]}, "version": 411, "at": 1730799713.7968338}
{"obj": {"type": "LogStrings", "path": ["monitoring", "552629ed", "stderr"], "values": [{"value": "\r 46%|\u2588\u2588\u2588\u2588\u2588\u2588\u2588\u2588\u2588\u2588\u2588\u2588\u2588\u2588\u2588\u2588\u2588\u2588\u2588\u2588\u2588\u2588\u2588\u2588\u2588\u2588\u2588\u2588\u2588\u2588\u2588\u2588\u2588\u2588\u2588\u2588\u2588\u2588\u2588\u2588\u2588\u2588\u2588\u2588\u2588\u2588\u2588\u2588\u2588\u2588\u2588\u2588\u2588\u2588\u2588\u2588\u2588\u2588\u2588\u2588\u2588\u2588\u2588\u2588\u2588\u2588\u2588\u2589                                                                                | 554/1207 [00:08<00:09, 67.10it/s]", "step": null, "ts": 1730799713.9005222}]}, "version": 412, "at": 1730799713.9006033}
{"obj": {"type": "LogStrings", "path": ["monitoring", "552629ed", "stderr"], "values": [{"value": "\r 46%|\u2588\u2588\u2588\u2588\u2588\u2588\u2588\u2588\u2588\u2588\u2588\u2588\u2588\u2588\u2588\u2588\u2588\u2588\u2588\u2588\u2588\u2588\u2588\u2588\u2588\u2588\u2588\u2588\u2588\u2588\u2588\u2588\u2588\u2588\u2588\u2588\u2588\u2588\u2588\u2588\u2588\u2588\u2588\u2588\u2588\u2588\u2588\u2588\u2588\u2588\u2588\u2588\u2588\u2588\u2588\u2588\u2588\u2588\u2588\u2588\u2588\u2588\u2588\u2588\u2588\u2588\u2588\u2588\u258a                                                                               | 561/1207 [00:08<00:09, 66.75it/s]", "step": null, "ts": 1730799714.0066137}]}, "version": 413, "at": 1730799714.006685}
{"obj": {"type": "LogStrings", "path": ["monitoring", "552629ed", "stderr"], "values": [{"value": "\r 47%|\u2588\u2588\u2588\u2588\u2588\u2588\u2588\u2588\u2588\u2588\u2588\u2588\u2588\u2588\u2588\u2588\u2588\u2588\u2588\u2588\u2588\u2588\u2588\u2588\u2588\u2588\u2588\u2588\u2588\u2588\u2588\u2588\u2588\u2588\u2588\u2588\u2588\u2588\u2588\u2588\u2588\u2588\u2588\u2588\u2588\u2588\u2588\u2588\u2588\u2588\u2588\u2588\u2588\u2588\u2588\u2588\u2588\u2588\u2588\u2588\u2588\u2588\u2588\u2588\u2588\u2588\u2588\u2588\u2588\u258a                                                                              | 569/1207 [00:08<00:09, 68.35it/s]", "step": null, "ts": 1730799714.1178868}]}, "version": 414, "at": 1730799714.1179564}
{"obj": {"type": "LogStrings", "path": ["monitoring", "552629ed", "stderr"], "values": [{"value": "\r 48%|\u2588\u2588\u2588\u2588\u2588\u2588\u2588\u2588\u2588\u2588\u2588\u2588\u2588\u2588\u2588\u2588\u2588\u2588\u2588\u2588\u2588\u2588\u2588\u2588\u2588\u2588\u2588\u2588\u2588\u2588\u2588\u2588\u2588\u2588\u2588\u2588\u2588\u2588\u2588\u2588\u2588\u2588\u2588\u2588\u2588\u2588\u2588\u2588\u2588\u2588\u2588\u2588\u2588\u2588\u2588\u2588\u2588\u2588\u2588\u2588\u2588\u2588\u2588\u2588\u2588\u2588\u2588\u2588\u2588\u2588\u258a                                                                             | 577/1207 [00:08<00:09, 69.38it/s]", "step": null, "ts": 1730799714.229637}]}, "version": 415, "at": 1730799714.2297127}
{"obj": {"type": "LogStrings", "path": ["monitoring", "552629ed", "stderr"], "values": [{"value": "\r 48%|\u2588\u2588\u2588\u2588\u2588\u2588\u2588\u2588\u2588\u2588\u2588\u2588\u2588\u2588\u2588\u2588\u2588\u2588\u2588\u2588\u2588\u2588\u2588\u2588\u2588\u2588\u2588\u2588\u2588\u2588\u2588\u2588\u2588\u2588\u2588\u2588\u2588\u2588\u2588\u2588\u2588\u2588\u2588\u2588\u2588\u2588\u2588\u2588\u2588\u2588\u2588\u2588\u2588\u2588\u2588\u2588\u2588\u2588\u2588\u2588\u2588\u2588\u2588\u2588\u2588\u2588\u2588\u2588\u2588\u2588\u2588\u258b                                                                            | 585/1207 [00:08<00:08, 70.47it/s]", "step": null, "ts": 1730799714.339124}]}, "version": 416, "at": 1730799714.339207}
{"obj": {"type": "LogStrings", "path": ["monitoring", "552629ed", "stderr"], "values": [{"value": "\r 49%|\u2588\u2588\u2588\u2588\u2588\u2588\u2588\u2588\u2588\u2588\u2588\u2588\u2588\u2588\u2588\u2588\u2588\u2588\u2588\u2588\u2588\u2588\u2588\u2588\u2588\u2588\u2588\u2588\u2588\u2588\u2588\u2588\u2588\u2588\u2588\u2588\u2588\u2588\u2588\u2588\u2588\u2588\u2588\u2588\u2588\u2588\u2588\u2588\u2588\u2588\u2588\u2588\u2588\u2588\u2588\u2588\u2588\u2588\u2588\u2588\u2588\u2588\u2588\u2588\u2588\u2588\u2588\u2588\u2588\u2588\u2588\u2588\u258b                                                                           | 593/1207 [00:08<00:08, 71.43it/s]", "step": null, "ts": 1730799714.447677}]}, "version": 417, "at": 1730799714.4477437}
{"obj": {"type": "LogStrings", "path": ["monitoring", "552629ed", "stderr"], "values": [{"value": "\r 50%|\u2588\u2588\u2588\u2588\u2588\u2588\u2588\u2588\u2588\u2588\u2588\u2588\u2588\u2588\u2588\u2588\u2588\u2588\u2588\u2588\u2588\u2588\u2588\u2588\u2588\u2588\u2588\u2588\u2588\u2588\u2588\u2588\u2588\u2588\u2588\u2588\u2588\u2588\u2588\u2588\u2588\u2588\u2588\u2588\u2588\u2588\u2588\u2588\u2588\u2588\u2588\u2588\u2588\u2588\u2588\u2588\u2588\u2588\u2588\u2588\u2588\u2588\u2588\u2588\u2588\u2588\u2588\u2588\u2588\u2588\u2588\u2588\u2588\u258b                                                                          | 601/1207 [00:08<00:08, 72.42it/s]", "step": null, "ts": 1730799714.5547569}]}, "version": 418, "at": 1730799714.5548363}
{"obj": {"type": "LogStrings", "path": ["monitoring", "552629ed", "stderr"], "values": [{"value": "\r 50%|\u2588\u2588\u2588\u2588\u2588\u2588\u2588\u2588\u2588\u2588\u2588\u2588\u2588\u2588\u2588\u2588\u2588\u2588\u2588\u2588\u2588\u2588\u2588\u2588\u2588\u2588\u2588\u2588\u2588\u2588\u2588\u2588\u2588\u2588\u2588\u2588\u2588\u2588\u2588\u2588\u2588\u2588\u2588\u2588\u2588\u2588\u2588\u2588\u2588\u2588\u2588\u2588\u2588\u2588\u2588\u2588\u2588\u2588\u2588\u2588\u2588\u2588\u2588\u2588\u2588\u2588\u2588\u2588\u2588\u2588\u2588\u2588\u2588\u2588\u258b                                                                         | 609/1207 [00:08<00:08, 73.17it/s]", "step": null, "ts": 1730799714.6614463}]}, "version": 419, "at": 1730799714.6615102}
{"obj": {"type": "LogStrings", "path": ["monitoring", "552629ed", "stderr"], "values": [{"value": "\r 51%|\u2588\u2588\u2588\u2588\u2588\u2588\u2588\u2588\u2588\u2588\u2588\u2588\u2588\u2588\u2588\u2588\u2588\u2588\u2588\u2588\u2588\u2588\u2588\u2588\u2588\u2588\u2588\u2588\u2588\u2588\u2588\u2588\u2588\u2588\u2588\u2588\u2588\u2588\u2588\u2588\u2588\u2588\u2588\u2588\u2588\u2588\u2588\u2588\u2588\u2588\u2588\u2588\u2588\u2588\u2588\u2588\u2588\u2588\u2588\u2588\u2588\u2588\u2588\u2588\u2588\u2588\u2588\u2588\u2588\u2588\u2588\u2588\u2588\u2588\u2588\u258b                                                                        | 617/1207 [00:09<00:07, 73.75it/s]", "step": null, "ts": 1730799714.7679436}]}, "version": 420, "at": 1730799714.7680264}
{"obj": {"type": "LogStrings", "path": ["monitoring", "552629ed", "stderr"], "values": [{"value": "\r 52%|\u2588\u2588\u2588\u2588\u2588\u2588\u2588\u2588\u2588\u2588\u2588\u2588\u2588\u2588\u2588\u2588\u2588\u2588\u2588\u2588\u2588\u2588\u2588\u2588\u2588\u2588\u2588\u2588\u2588\u2588\u2588\u2588\u2588\u2588\u2588\u2588\u2588\u2588\u2588\u2588\u2588\u2588\u2588\u2588\u2588\u2588\u2588\u2588\u2588\u2588\u2588\u2588\u2588\u2588\u2588\u2588\u2588\u2588\u2588\u2588\u2588\u2588\u2588\u2588\u2588\u2588\u2588\u2588\u2588\u2588\u2588\u2588\u2588\u2588\u2588\u2588\u258b                                                                       | 625/1207 [00:09<00:07, 74.07it/s]", "step": null, "ts": 1730799714.8748405}]}, "version": 421, "at": 1730799714.8749118}
{"obj": {"type": "LogStrings", "path": ["monitoring", "552629ed", "stderr"], "values": [{"value": "\r 52%|\u2588\u2588\u2588\u2588\u2588\u2588\u2588\u2588\u2588\u2588\u2588\u2588\u2588\u2588\u2588\u2588\u2588\u2588\u2588\u2588\u2588\u2588\u2588\u2588\u2588\u2588\u2588\u2588\u2588\u2588\u2588\u2588\u2588\u2588\u2588\u2588\u2588\u2588\u2588\u2588\u2588\u2588\u2588\u2588\u2588\u2588\u2588\u2588\u2588\u2588\u2588\u2588\u2588\u2588\u2588\u2588\u2588\u2588\u2588\u2588\u2588\u2588\u2588\u2588\u2588\u2588\u2588\u2588\u2588\u2588\u2588\u2588\u2588\u2588\u2588\u2588\u2588\u258c                                                                      | 633/1207 [00:09<00:07, 74.24it/s]", "step": null, "ts": 1730799714.9821434}]}, "version": 422, "at": 1730799714.982223}
{"obj": {"type": "LogStrings", "path": ["monitoring", "552629ed", "stderr"], "values": [{"value": "\r 53%|\u2588\u2588\u2588\u2588\u2588\u2588\u2588\u2588\u2588\u2588\u2588\u2588\u2588\u2588\u2588\u2588\u2588\u2588\u2588\u2588\u2588\u2588\u2588\u2588\u2588\u2588\u2588\u2588\u2588\u2588\u2588\u2588\u2588\u2588\u2588\u2588\u2588\u2588\u2588\u2588\u2588\u2588\u2588\u2588\u2588\u2588\u2588\u2588\u2588\u2588\u2588\u2588\u2588\u2588\u2588\u2588\u2588\u2588\u2588\u2588\u2588\u2588\u2588\u2588\u2588\u2588\u2588\u2588\u2588\u2588\u2588\u2588\u2588\u2588\u2588\u2588\u2588\u2588\u258c                                                                     | 641/1207 [00:09<00:07, 74.63it/s]", "step": null, "ts": 1730799715.087937}]}, "version": 423, "at": 1730799715.0880098}
{"obj": {"type": "LogStrings", "path": ["monitoring", "552629ed", "stderr"], "values": [{"value": "\r 54%|\u2588\u2588\u2588\u2588\u2588\u2588\u2588\u2588\u2588\u2588\u2588\u2588\u2588\u2588\u2588\u2588\u2588\u2588\u2588\u2588\u2588\u2588\u2588\u2588\u2588\u2588\u2588\u2588\u2588\u2588\u2588\u2588\u2588\u2588\u2588\u2588\u2588\u2588\u2588\u2588\u2588\u2588\u2588\u2588\u2588\u2588\u2588\u2588\u2588\u2588\u2588\u2588\u2588\u2588\u2588\u2588\u2588\u2588\u2588\u2588\u2588\u2588\u2588\u2588\u2588\u2588\u2588\u2588\u2588\u2588\u2588\u2588\u2588\u2588\u2588\u2588\u2588\u2588\u2588\u258c                                                                    | 649/1207 [00:09<00:07, 72.48it/s]", "step": null, "ts": 1730799715.2057745}]}, "version": 424, "at": 1730799715.2058613}
{"obj": {"type": "LogStrings", "path": ["monitoring", "552629ed", "stderr"], "values": [{"value": "\r 54%|\u2588\u2588\u2588\u2588\u2588\u2588\u2588\u2588\u2588\u2588\u2588\u2588\u2588\u2588\u2588\u2588\u2588\u2588\u2588\u2588\u2588\u2588\u2588\u2588\u2588\u2588\u2588\u2588\u2588\u2588\u2588\u2588\u2588\u2588\u2588\u2588\u2588\u2588\u2588\u2588\u2588\u2588\u2588\u2588\u2588\u2588\u2588\u2588\u2588\u2588\u2588\u2588\u2588\u2588\u2588\u2588\u2588\u2588\u2588\u2588\u2588\u2588\u2588\u2588\u2588\u2588\u2588\u2588\u2588\u2588\u2588\u2588\u2588\u2588\u2588\u2588\u2588\u2588\u2588\u2588\u258c                                                                   | 657/1207 [00:09<00:07, 70.53it/s]", "step": null, "ts": 1730799715.3263097}]}, "version": 425, "at": 1730799715.3263938}
{"obj": {"type": "LogStrings", "path": ["monitoring", "552629ed", "stderr"], "values": [{"value": "\r 55%|\u2588\u2588\u2588\u2588\u2588\u2588\u2588\u2588\u2588\u2588\u2588\u2588\u2588\u2588\u2588\u2588\u2588\u2588\u2588\u2588\u2588\u2588\u2588\u2588\u2588\u2588\u2588\u2588\u2588\u2588\u2588\u2588\u2588\u2588\u2588\u2588\u2588\u2588\u2588\u2588\u2588\u2588\u2588\u2588\u2588\u2588\u2588\u2588\u2588\u2588\u2588\u2588\u2588\u2588\u2588\u2588\u2588\u2588\u2588\u2588\u2588\u2588\u2588\u2588\u2588\u2588\u2588\u2588\u2588\u2588\u2588\u2588\u2588\u2588\u2588\u2588\u2588\u2588\u2588\u2588\u2588\u258c                                                                  | 665/1207 [00:09<00:07, 69.33it/s]", "step": null, "ts": 1730799715.446199}]}, "version": 426, "at": 1730799715.44627}
{"obj": {"type": "LogStrings", "path": ["monitoring", "552629ed", "stderr"], "values": [{"value": "\r 56%|\u2588\u2588\u2588\u2588\u2588\u2588\u2588\u2588\u2588\u2588\u2588\u2588\u2588\u2588\u2588\u2588\u2588\u2588\u2588\u2588\u2588\u2588\u2588\u2588\u2588\u2588\u2588\u2588\u2588\u2588\u2588\u2588\u2588\u2588\u2588\u2588\u2588\u2588\u2588\u2588\u2588\u2588\u2588\u2588\u2588\u2588\u2588\u2588\u2588\u2588\u2588\u2588\u2588\u2588\u2588\u2588\u2588\u2588\u2588\u2588\u2588\u2588\u2588\u2588\u2588\u2588\u2588\u2588\u2588\u2588\u2588\u2588\u2588\u2588\u2588\u2588\u2588\u2588\u2588\u2588\u2588\u2588\u258d                                                                 | 672/1207 [00:09<00:07, 68.28it/s]", "step": null, "ts": 1730799715.5529063}]}, "version": 427, "at": 1730799715.5529807}
{"obj": {"type": "LogStrings", "path": ["monitoring", "552629ed", "stderr"], "values": [{"value": "\r 56%|\u2588\u2588\u2588\u2588\u2588\u2588\u2588\u2588\u2588\u2588\u2588\u2588\u2588\u2588\u2588\u2588\u2588\u2588\u2588\u2588\u2588\u2588\u2588\u2588\u2588\u2588\u2588\u2588\u2588\u2588\u2588\u2588\u2588\u2588\u2588\u2588\u2588\u2588\u2588\u2588\u2588\u2588\u2588\u2588\u2588\u2588\u2588\u2588\u2588\u2588\u2588\u2588\u2588\u2588\u2588\u2588\u2588\u2588\u2588\u2588\u2588\u2588\u2588\u2588\u2588\u2588\u2588\u2588\u2588\u2588\u2588\u2588\u2588\u2588\u2588\u2588\u2588\u2588\u2588\u2588\u2588\u2588\u2588\u258e                                                                | 679/1207 [00:09<00:07, 67.47it/s]", "step": null, "ts": 1730799715.65992}]}, "version": 428, "at": 1730799715.6600444}
{"obj": {"type": "LogStrings", "path": ["monitoring", "552629ed", "stderr"], "values": [{"value": "\r 57%|\u2588\u2588\u2588\u2588\u2588\u2588\u2588\u2588\u2588\u2588\u2588\u2588\u2588\u2588\u2588\u2588\u2588\u2588\u2588\u2588\u2588\u2588\u2588\u2588\u2588\u2588\u2588\u2588\u2588\u2588\u2588\u2588\u2588\u2588\u2588\u2588\u2588\u2588\u2588\u2588\u2588\u2588\u2588\u2588\u2588\u2588\u2588\u2588\u2588\u2588\u2588\u2588\u2588\u2588\u2588\u2588\u2588\u2588\u2588\u2588\u2588\u2588\u2588\u2588\u2588\u2588\u2588\u2588\u2588\u2588\u2588\u2588\u2588\u2588\u2588\u2588\u2588\u2588\u2588\u2588\u2588\u2588\u2588\u2588                                                                | 686/1207 [00:10<00:07, 67.04it/s]", "step": null, "ts": 1730799715.7658887}]}, "version": 429, "at": 1730799715.7659547}
{"obj": {"type": "LogStrings", "path": ["monitoring", "552629ed", "stderr"], "values": [{"value": "\r 57%|\u2588\u2588\u2588\u2588\u2588\u2588\u2588\u2588\u2588\u2588\u2588\u2588\u2588\u2588\u2588\u2588\u2588\u2588\u2588\u2588\u2588\u2588\u2588\u2588\u2588\u2588\u2588\u2588\u2588\u2588\u2588\u2588\u2588\u2588\u2588\u2588\u2588\u2588\u2588\u2588\u2588\u2588\u2588\u2588\u2588\u2588\u2588\u2588\u2588\u2588\u2588\u2588\u2588\u2588\u2588\u2588\u2588\u2588\u2588\u2588\u2588\u2588\u2588\u2588\u2588\u2588\u2588\u2588\u2588\u2588\u2588\u2588\u2588\u2588\u2588\u2588\u2588\u2588\u2588\u2588\u2588\u2588\u2588\u2588\u2589                                                               | 693/1207 [00:10<00:07, 66.65it/s]", "step": null, "ts": 1730799715.8724732}]}, "version": 430, "at": 1730799715.8725615}
{"obj": {"type": "LogStrings", "path": ["monitoring", "552629ed", "stderr"], "values": [{"value": "\r 58%|\u2588\u2588\u2588\u2588\u2588\u2588\u2588\u2588\u2588\u2588\u2588\u2588\u2588\u2588\u2588\u2588\u2588\u2588\u2588\u2588\u2588\u2588\u2588\u2588\u2588\u2588\u2588\u2588\u2588\u2588\u2588\u2588\u2588\u2588\u2588\u2588\u2588\u2588\u2588\u2588\u2588\u2588\u2588\u2588\u2588\u2588\u2588\u2588\u2588\u2588\u2588\u2588\u2588\u2588\u2588\u2588\u2588\u2588\u2588\u2588\u2588\u2588\u2588\u2588\u2588\u2588\u2588\u2588\u2588\u2588\u2588\u2588\u2588\u2588\u2588\u2588\u2588\u2588\u2588\u2588\u2588\u2588\u2588\u2588\u2588\u258a                                                              | 700/1207 [00:10<00:07, 66.56it/s]", "step": null, "ts": 1730799715.9779308}]}, "version": 431, "at": 1730799715.97801}
{"obj": {"type": "LogStrings", "path": ["monitoring", "552629ed", "stderr"], "values": [{"value": "\r 59%|\u2588\u2588\u2588\u2588\u2588\u2588\u2588\u2588\u2588\u2588\u2588\u2588\u2588\u2588\u2588\u2588\u2588\u2588\u2588\u2588\u2588\u2588\u2588\u2588\u2588\u2588\u2588\u2588\u2588\u2588\u2588\u2588\u2588\u2588\u2588\u2588\u2588\u2588\u2588\u2588\u2588\u2588\u2588\u2588\u2588\u2588\u2588\u2588\u2588\u2588\u2588\u2588\u2588\u2588\u2588\u2588\u2588\u2588\u2588\u2588\u2588\u2588\u2588\u2588\u2588\u2588\u2588\u2588\u2588\u2588\u2588\u2588\u2588\u2588\u2588\u2588\u2588\u2588\u2588\u2588\u2588\u2588\u2588\u2588\u2588\u2588\u258b                                                             | 707/1207 [00:10<00:07, 66.77it/s]", "step": null, "ts": 1730799716.082041}]}, "version": 432, "at": 1730799716.0821354}
{"obj": {"type": "LogStrings", "path": ["monitoring", "552629ed", "stderr"], "values": [{"value": "\r 59%|\u2588\u2588\u2588\u2588\u2588\u2588\u2588\u2588\u2588\u2588\u2588\u2588\u2588\u2588\u2588\u2588\u2588\u2588\u2588\u2588\u2588\u2588\u2588\u2588\u2588\u2588\u2588\u2588\u2588\u2588\u2588\u2588\u2588\u2588\u2588\u2588\u2588\u2588\u2588\u2588\u2588\u2588\u2588\u2588\u2588\u2588\u2588\u2588\u2588\u2588\u2588\u2588\u2588\u2588\u2588\u2588\u2588\u2588\u2588\u2588\u2588\u2588\u2588\u2588\u2588\u2588\u2588\u2588\u2588\u2588\u2588\u2588\u2588\u2588\u2588\u2588\u2588\u2588\u2588\u2588\u2588\u2588\u2588\u2588\u2588\u2588\u2588\u258c                                                            | 714/1207 [00:10<00:07, 67.02it/s]", "step": null, "ts": 1730799716.1855185}]}, "version": 433, "at": 1730799716.1856062}
{"obj": {"type": "LogStrings", "path": ["monitoring", "552629ed", "stderr"], "values": [{"value": "\r 60%|\u2588\u2588\u2588\u2588\u2588\u2588\u2588\u2588\u2588\u2588\u2588\u2588\u2588\u2588\u2588\u2588\u2588\u2588\u2588\u2588\u2588\u2588\u2588\u2588\u2588\u2588\u2588\u2588\u2588\u2588\u2588\u2588\u2588\u2588\u2588\u2588\u2588\u2588\u2588\u2588\u2588\u2588\u2588\u2588\u2588\u2588\u2588\u2588\u2588\u2588\u2588\u2588\u2588\u2588\u2588\u2588\u2588\u2588\u2588\u2588\u2588\u2588\u2588\u2588\u2588\u2588\u2588\u2588\u2588\u2588\u2588\u2588\u2588\u2588\u2588\u2588\u2588\u2588\u2588\u2588\u2588\u2588\u2588\u2588\u2588\u2588\u2588\u2588\u258d                                                           | 721/1207 [00:10<00:07, 67.25it/s]", "step": null, "ts": 1730799716.2887313}]}, "version": 434, "at": 1730799716.2887986}
{"obj": {"type": "LogStrings", "path": ["monitoring", "552629ed", "stderr"], "values": [{"value": "\r 60%|\u2588\u2588\u2588\u2588\u2588\u2588\u2588\u2588\u2588\u2588\u2588\u2588\u2588\u2588\u2588\u2588\u2588\u2588\u2588\u2588\u2588\u2588\u2588\u2588\u2588\u2588\u2588\u2588\u2588\u2588\u2588\u2588\u2588\u2588\u2588\u2588\u2588\u2588\u2588\u2588\u2588\u2588\u2588\u2588\u2588\u2588\u2588\u2588\u2588\u2588\u2588\u2588\u2588\u2588\u2588\u2588\u2588\u2588\u2588\u2588\u2588\u2588\u2588\u2588\u2588\u2588\u2588\u2588\u2588\u2588\u2588\u2588\u2588\u2588\u2588\u2588\u2588\u2588\u2588\u2588\u2588\u2588\u2588\u2588\u2588\u2588\u2588\u2588\u2588\u258d                                                          | 729/1207 [00:10<00:06, 69.50it/s]", "step": null, "ts": 1730799716.3961084}]}, "version": 435, "at": 1730799716.396189}
{"obj": {"type": "LogStrings", "path": ["monitoring", "552629ed", "stderr"], "values": [{"value": "\r 61%|\u2588\u2588\u2588\u2588\u2588\u2588\u2588\u2588\u2588\u2588\u2588\u2588\u2588\u2588\u2588\u2588\u2588\u2588\u2588\u2588\u2588\u2588\u2588\u2588\u2588\u2588\u2588\u2588\u2588\u2588\u2588\u2588\u2588\u2588\u2588\u2588\u2588\u2588\u2588\u2588\u2588\u2588\u2588\u2588\u2588\u2588\u2588\u2588\u2588\u2588\u2588\u2588\u2588\u2588\u2588\u2588\u2588\u2588\u2588\u2588\u2588\u2588\u2588\u2588\u2588\u2588\u2588\u2588\u2588\u2588\u2588\u2588\u2588\u2588\u2588\u2588\u2588\u2588\u2588\u2588\u2588\u2588\u2588\u2588\u2588\u2588\u2588\u2588\u2588\u2588\u258e                                                         | 737/1207 [00:10<00:06, 71.22it/s]", "step": null, "ts": 1730799716.5022397}]}, "version": 436, "at": 1730799716.5023057}
{"obj": {"type": "LogStrings", "path": ["monitoring", "552629ed", "stderr"], "values": [{"value": "\r 62%|\u2588\u2588\u2588\u2588\u2588\u2588\u2588\u2588\u2588\u2588\u2588\u2588\u2588\u2588\u2588\u2588\u2588\u2588\u2588\u2588\u2588\u2588\u2588\u2588\u2588\u2588\u2588\u2588\u2588\u2588\u2588\u2588\u2588\u2588\u2588\u2588\u2588\u2588\u2588\u2588\u2588\u2588\u2588\u2588\u2588\u2588\u2588\u2588\u2588\u2588\u2588\u2588\u2588\u2588\u2588\u2588\u2588\u2588\u2588\u2588\u2588\u2588\u2588\u2588\u2588\u2588\u2588\u2588\u2588\u2588\u2588\u2588\u2588\u2588\u2588\u2588\u2588\u2588\u2588\u2588\u2588\u2588\u2588\u2588\u2588\u2588\u2588\u2588\u2588\u2588\u2588\u258e                                                        | 745/1207 [00:10<00:06, 72.39it/s]", "step": null, "ts": 1730799716.6088135}]}, "version": 437, "at": 1730799716.6088977}
{"obj": {"type": "LogStrings", "path": ["monitoring", "552629ed", "stderr"], "values": [{"value": "\r 62%|\u2588\u2588\u2588\u2588\u2588\u2588\u2588\u2588\u2588\u2588\u2588\u2588\u2588\u2588\u2588\u2588\u2588\u2588\u2588\u2588\u2588\u2588\u2588\u2588\u2588\u2588\u2588\u2588\u2588\u2588\u2588\u2588\u2588\u2588\u2588\u2588\u2588\u2588\u2588\u2588\u2588\u2588\u2588\u2588\u2588\u2588\u2588\u2588\u2588\u2588\u2588\u2588\u2588\u2588\u2588\u2588\u2588\u2588\u2588\u2588\u2588\u2588\u2588\u2588\u2588\u2588\u2588\u2588\u2588\u2588\u2588\u2588\u2588\u2588\u2588\u2588\u2588\u2588\u2588\u2588\u2588\u2588\u2588\u2588\u2588\u2588\u2588\u2588\u2588\u2588\u2588\u2588\u258e                                                       | 753/1207 [00:11<00:06, 73.17it/s]", "step": null, "ts": 1730799716.715509}]}, "version": 438, "at": 1730799716.7155836}
{"obj": {"type": "LogFloats", "path": ["monitoring", "552629ed", "cpu"], "values": [{"value": 33.7, "step": null, "ts": 1730799716.7311664}]}, "version": 439, "at": 1730799716.7340305}
{"obj": {"type": "LogFloats", "path": ["monitoring", "552629ed", "memory"], "values": [{"value": 10.47982406616211, "step": null, "ts": 1730799716.7311664}]}, "version": 440, "at": 1730799716.734406}
{"obj": {"type": "LogFloats", "path": ["monitoring", "552629ed", "gpu"], "values": [{"value": 94.0, "step": null, "ts": 1730799716.7311664}]}, "version": 441, "at": 1730799716.7347405}
{"obj": {"type": "LogFloats", "path": ["monitoring", "552629ed", "gpu_memory"], "values": [{"value": 1.07940673828125, "step": null, "ts": 1730799716.7311664}]}, "version": 442, "at": 1730799716.742769}
{"obj": {"type": "LogFloats", "path": ["monitoring", "552629ed", "gpu_power"], "values": [{"value": 209.612, "step": null, "ts": 1730799716.7311664}]}, "version": 443, "at": 1730799716.7429469}
{"obj": {"type": "LogStrings", "path": ["monitoring", "552629ed", "stderr"], "values": [{"value": "\r 63%|\u2588\u2588\u2588\u2588\u2588\u2588\u2588\u2588\u2588\u2588\u2588\u2588\u2588\u2588\u2588\u2588\u2588\u2588\u2588\u2588\u2588\u2588\u2588\u2588\u2588\u2588\u2588\u2588\u2588\u2588\u2588\u2588\u2588\u2588\u2588\u2588\u2588\u2588\u2588\u2588\u2588\u2588\u2588\u2588\u2588\u2588\u2588\u2588\u2588\u2588\u2588\u2588\u2588\u2588\u2588\u2588\u2588\u2588\u2588\u2588\u2588\u2588\u2588\u2588\u2588\u2588\u2588\u2588\u2588\u2588\u2588\u2588\u2588\u2588\u2588\u2588\u2588\u2588\u2588\u2588\u2588\u2588\u2588\u2588\u2588\u2588\u2588\u2588\u2588\u2588\u2588\u2588\u2588\u258e                                                      | 761/1207 [00:11<00:06, 73.72it/s]", "step": null, "ts": 1730799716.822189}]}, "version": 444, "at": 1730799716.8222647}
{"obj": {"type": "LogStrings", "path": ["monitoring", "552629ed", "stderr"], "values": [{"value": "\r 64%|\u2588\u2588\u2588\u2588\u2588\u2588\u2588\u2588\u2588\u2588\u2588\u2588\u2588\u2588\u2588\u2588\u2588\u2588\u2588\u2588\u2588\u2588\u2588\u2588\u2588\u2588\u2588\u2588\u2588\u2588\u2588\u2588\u2588\u2588\u2588\u2588\u2588\u2588\u2588\u2588\u2588\u2588\u2588\u2588\u2588\u2588\u2588\u2588\u2588\u2588\u2588\u2588\u2588\u2588\u2588\u2588\u2588\u2588\u2588\u2588\u2588\u2588\u2588\u2588\u2588\u2588\u2588\u2588\u2588\u2588\u2588\u2588\u2588\u2588\u2588\u2588\u2588\u2588\u2588\u2588\u2588\u2588\u2588\u2588\u2588\u2588\u2588\u2588\u2588\u2588\u2588\u2588\u2588\u2588\u258e                                                     | 769/1207 [00:11<00:06, 71.91it/s]", "step": null, "ts": 1730799716.9396265}]}, "version": 445, "at": 1730799716.9397013}
{"obj": {"type": "LogStrings", "path": ["monitoring", "552629ed", "stderr"], "values": [{"value": "\r 64%|\u2588\u2588\u2588\u2588\u2588\u2588\u2588\u2588\u2588\u2588\u2588\u2588\u2588\u2588\u2588\u2588\u2588\u2588\u2588\u2588\u2588\u2588\u2588\u2588\u2588\u2588\u2588\u2588\u2588\u2588\u2588\u2588\u2588\u2588\u2588\u2588\u2588\u2588\u2588\u2588\u2588\u2588\u2588\u2588\u2588\u2588\u2588\u2588\u2588\u2588\u2588\u2588\u2588\u2588\u2588\u2588\u2588\u2588\u2588\u2588\u2588\u2588\u2588\u2588\u2588\u2588\u2588\u2588\u2588\u2588\u2588\u2588\u2588\u2588\u2588\u2588\u2588\u2588\u2588\u2588\u2588\u2588\u2588\u2588\u2588\u2588\u2588\u2588\u2588\u2588\u2588\u2588\u2588\u2588\u2588\u258e                                                    | 777/1207 [00:11<00:06, 70.33it/s]", "step": null, "ts": 1730799717.0592062}]}, "version": 446, "at": 1730799717.059283}
{"obj": {"type": "LogStrings", "path": ["monitoring", "552629ed", "stderr"], "values": [{"value": "\r 65%|\u2588\u2588\u2588\u2588\u2588\u2588\u2588\u2588\u2588\u2588\u2588\u2588\u2588\u2588\u2588\u2588\u2588\u2588\u2588\u2588\u2588\u2588\u2588\u2588\u2588\u2588\u2588\u2588\u2588\u2588\u2588\u2588\u2588\u2588\u2588\u2588\u2588\u2588\u2588\u2588\u2588\u2588\u2588\u2588\u2588\u2588\u2588\u2588\u2588\u2588\u2588\u2588\u2588\u2588\u2588\u2588\u2588\u2588\u2588\u2588\u2588\u2588\u2588\u2588\u2588\u2588\u2588\u2588\u2588\u2588\u2588\u2588\u2588\u2588\u2588\u2588\u2588\u2588\u2588\u2588\u2588\u2588\u2588\u2588\u2588\u2588\u2588\u2588\u2588\u2588\u2588\u2588\u2588\u2588\u2588\u2588\u258e                                                   | 785/1207 [00:11<00:06, 69.28it/s]", "step": null, "ts": 1730799717.1785982}]}, "version": 447, "at": 1730799717.1786666}
{"obj": {"type": "LogStrings", "path": ["monitoring", "552629ed", "stderr"], "values": [{"value": "\r 66%|\u2588\u2588\u2588\u2588\u2588\u2588\u2588\u2588\u2588\u2588\u2588\u2588\u2588\u2588\u2588\u2588\u2588\u2588\u2588\u2588\u2588\u2588\u2588\u2588\u2588\u2588\u2588\u2588\u2588\u2588\u2588\u2588\u2588\u2588\u2588\u2588\u2588\u2588\u2588\u2588\u2588\u2588\u2588\u2588\u2588\u2588\u2588\u2588\u2588\u2588\u2588\u2588\u2588\u2588\u2588\u2588\u2588\u2588\u2588\u2588\u2588\u2588\u2588\u2588\u2588\u2588\u2588\u2588\u2588\u2588\u2588\u2588\u2588\u2588\u2588\u2588\u2588\u2588\u2588\u2588\u2588\u2588\u2588\u2588\u2588\u2588\u2588\u2588\u2588\u2588\u2588\u2588\u2588\u2588\u2588\u2588\u2588                                                   | 792/1207 [00:11<00:06, 67.95it/s]", "step": null, "ts": 1730799717.286877}]}, "version": 448, "at": 1730799717.286953}
{"obj": {"type": "LogStrings", "path": ["monitoring", "552629ed", "stderr"], "values": [{"value": "\r 66%|\u2588\u2588\u2588\u2588\u2588\u2588\u2588\u2588\u2588\u2588\u2588\u2588\u2588\u2588\u2588\u2588\u2588\u2588\u2588\u2588\u2588\u2588\u2588\u2588\u2588\u2588\u2588\u2588\u2588\u2588\u2588\u2588\u2588\u2588\u2588\u2588\u2588\u2588\u2588\u2588\u2588\u2588\u2588\u2588\u2588\u2588\u2588\u2588\u2588\u2588\u2588\u2588\u2588\u2588\u2588\u2588\u2588\u2588\u2588\u2588\u2588\u2588\u2588\u2588\u2588\u2588\u2588\u2588\u2588\u2588\u2588\u2588\u2588\u2588\u2588\u2588\u2588\u2588\u2588\u2588\u2588\u2588\u2588\u2588\u2588\u2588\u2588\u2588\u2588\u2588\u2588\u2588\u2588\u2588\u2588\u2588\u2588\u2589                                                  | 799/1207 [00:11<00:06, 65.20it/s]", "step": null, "ts": 1730799717.4053142}]}, "version": 449, "at": 1730799717.4053924}
{"obj": {"type": "LogStrings", "path": ["monitoring", "552629ed", "stderr"], "values": [{"value": "\r 67%|\u2588\u2588\u2588\u2588\u2588\u2588\u2588\u2588\u2588\u2588\u2588\u2588\u2588\u2588\u2588\u2588\u2588\u2588\u2588\u2588\u2588\u2588\u2588\u2588\u2588\u2588\u2588\u2588\u2588\u2588\u2588\u2588\u2588\u2588\u2588\u2588\u2588\u2588\u2588\u2588\u2588\u2588\u2588\u2588\u2588\u2588\u2588\u2588\u2588\u2588\u2588\u2588\u2588\u2588\u2588\u2588\u2588\u2588\u2588\u2588\u2588\u2588\u2588\u2588\u2588\u2588\u2588\u2588\u2588\u2588\u2588\u2588\u2588\u2588\u2588\u2588\u2588\u2588\u2588\u2588\u2588\u2588\u2588\u2588\u2588\u2588\u2588\u2588\u2588\u2588\u2588\u2588\u2588\u2588\u2588\u2588\u2588\u2588\u258a                                                 | 806/1207 [00:11<00:06, 65.45it/s]", "step": null, "ts": 1730799717.5113041}]}, "version": 450, "at": 1730799717.5113945}
{"obj": {"type": "LogStrings", "path": ["monitoring", "552629ed", "stderr"], "values": [{"value": "\r 67%|\u2588\u2588\u2588\u2588\u2588\u2588\u2588\u2588\u2588\u2588\u2588\u2588\u2588\u2588\u2588\u2588\u2588\u2588\u2588\u2588\u2588\u2588\u2588\u2588\u2588\u2588\u2588\u2588\u2588\u2588\u2588\u2588\u2588\u2588\u2588\u2588\u2588\u2588\u2588\u2588\u2588\u2588\u2588\u2588\u2588\u2588\u2588\u2588\u2588\u2588\u2588\u2588\u2588\u2588\u2588\u2588\u2588\u2588\u2588\u2588\u2588\u2588\u2588\u2588\u2588\u2588\u2588\u2588\u2588\u2588\u2588\u2588\u2588\u2588\u2588\u2588\u2588\u2588\u2588\u2588\u2588\u2588\u2588\u2588\u2588\u2588\u2588\u2588\u2588\u2588\u2588\u2588\u2588\u2588\u2588\u2588\u2588\u2588\u2588\u258b                                                | 813/1207 [00:11<00:05, 65.70it/s]", "step": null, "ts": 1730799717.616794}]}, "version": 451, "at": 1730799717.6168666}
{"obj": {"type": "LogStrings", "path": ["monitoring", "552629ed", "stderr"], "values": [{"value": "\r 68%|\u2588\u2588\u2588\u2588\u2588\u2588\u2588\u2588\u2588\u2588\u2588\u2588\u2588\u2588\u2588\u2588\u2588\u2588\u2588\u2588\u2588\u2588\u2588\u2588\u2588\u2588\u2588\u2588\u2588\u2588\u2588\u2588\u2588\u2588\u2588\u2588\u2588\u2588\u2588\u2588\u2588\u2588\u2588\u2588\u2588\u2588\u2588\u2588\u2588\u2588\u2588\u2588\u2588\u2588\u2588\u2588\u2588\u2588\u2588\u2588\u2588\u2588\u2588\u2588\u2588\u2588\u2588\u2588\u2588\u2588\u2588\u2588\u2588\u2588\u2588\u2588\u2588\u2588\u2588\u2588\u2588\u2588\u2588\u2588\u2588\u2588\u2588\u2588\u2588\u2588\u2588\u2588\u2588\u2588\u2588\u2588\u2588\u2588\u2588\u2588\u258c                                               | 820/1207 [00:12<00:05, 65.59it/s]", "step": null, "ts": 1730799717.7239606}]}, "version": 452, "at": 1730799717.724047}
{"obj": {"type": "LogStrings", "path": ["monitoring", "552629ed", "stderr"], "values": [{"value": "\r 69%|\u2588\u2588\u2588\u2588\u2588\u2588\u2588\u2588\u2588\u2588\u2588\u2588\u2588\u2588\u2588\u2588\u2588\u2588\u2588\u2588\u2588\u2588\u2588\u2588\u2588\u2588\u2588\u2588\u2588\u2588\u2588\u2588\u2588\u2588\u2588\u2588\u2588\u2588\u2588\u2588\u2588\u2588\u2588\u2588\u2588\u2588\u2588\u2588\u2588\u2588\u2588\u2588\u2588\u2588\u2588\u2588\u2588\u2588\u2588\u2588\u2588\u2588\u2588\u2588\u2588\u2588\u2588\u2588\u2588\u2588\u2588\u2588\u2588\u2588\u2588\u2588\u2588\u2588\u2588\u2588\u2588\u2588\u2588\u2588\u2588\u2588\u2588\u2588\u2588\u2588\u2588\u2588\u2588\u2588\u2588\u2588\u2588\u2588\u2588\u2588\u2588\u258d                                              | 827/1207 [00:12<00:05, 65.38it/s]", "step": null, "ts": 1730799717.8318064}]}, "version": 453, "at": 1730799717.8318784}
{"obj": {"type": "LogStrings", "path": ["monitoring", "552629ed", "stderr"], "values": [{"value": "\r 69%|\u2588\u2588\u2588\u2588\u2588\u2588\u2588\u2588\u2588\u2588\u2588\u2588\u2588\u2588\u2588\u2588\u2588\u2588\u2588\u2588\u2588\u2588\u2588\u2588\u2588\u2588\u2588\u2588\u2588\u2588\u2588\u2588\u2588\u2588\u2588\u2588\u2588\u2588\u2588\u2588\u2588\u2588\u2588\u2588\u2588\u2588\u2588\u2588\u2588\u2588\u2588\u2588\u2588\u2588\u2588\u2588\u2588\u2588\u2588\u2588\u2588\u2588\u2588\u2588\u2588\u2588\u2588\u2588\u2588\u2588\u2588\u2588\u2588\u2588\u2588\u2588\u2588\u2588\u2588\u2588\u2588\u2588\u2588\u2588\u2588\u2588\u2588\u2588\u2588\u2588\u2588\u2588\u2588\u2588\u2588\u2588\u2588\u2588\u2588\u2588\u2588\u2588\u258e                                             | 834/1207 [00:12<00:05, 65.56it/s]", "step": null, "ts": 1730799717.9379501}]}, "version": 454, "at": 1730799717.9380162}
{"obj": {"type": "LogStrings", "path": ["monitoring", "552629ed", "stderr"], "values": [{"value": "\r 70%|\u2588\u2588\u2588\u2588\u2588\u2588\u2588\u2588\u2588\u2588\u2588\u2588\u2588\u2588\u2588\u2588\u2588\u2588\u2588\u2588\u2588\u2588\u2588\u2588\u2588\u2588\u2588\u2588\u2588\u2588\u2588\u2588\u2588\u2588\u2588\u2588\u2588\u2588\u2588\u2588\u2588\u2588\u2588\u2588\u2588\u2588\u2588\u2588\u2588\u2588\u2588\u2588\u2588\u2588\u2588\u2588\u2588\u2588\u2588\u2588\u2588\u2588\u2588\u2588\u2588\u2588\u2588\u2588\u2588\u2588\u2588\u2588\u2588\u2588\u2588\u2588\u2588\u2588\u2588\u2588\u2588\u2588\u2588\u2588\u2588\u2588\u2588\u2588\u2588\u2588\u2588\u2588\u2588\u2588\u2588\u2588\u2588\u2588\u2588\u2588\u2588\u2588\u2588                                             | 841/1207 [00:12<00:05, 65.65it/s]", "step": null, "ts": 1730799718.0442245}]}, "version": 455, "at": 1730799718.0442922}
{"obj": {"type": "LogStrings", "path": ["monitoring", "552629ed", "stderr"], "values": [{"value": "\r 70%|\u2588\u2588\u2588\u2588\u2588\u2588\u2588\u2588\u2588\u2588\u2588\u2588\u2588\u2588\u2588\u2588\u2588\u2588\u2588\u2588\u2588\u2588\u2588\u2588\u2588\u2588\u2588\u2588\u2588\u2588\u2588\u2588\u2588\u2588\u2588\u2588\u2588\u2588\u2588\u2588\u2588\u2588\u2588\u2588\u2588\u2588\u2588\u2588\u2588\u2588\u2588\u2588\u2588\u2588\u2588\u2588\u2588\u2588\u2588\u2588\u2588\u2588\u2588\u2588\u2588\u2588\u2588\u2588\u2588\u2588\u2588\u2588\u2588\u2588\u2588\u2588\u2588\u2588\u2588\u2588\u2588\u2588\u2588\u2588\u2588\u2588\u2588\u2588\u2588\u2588\u2588\u2588\u2588\u2588\u2588\u2588\u2588\u2588\u2588\u2588\u2588\u2588\u2588\u2589                                            | 848/1207 [00:12<00:05, 65.90it/s]", "step": null, "ts": 1730799718.1494918}]}, "version": 456, "at": 1730799718.149566}
{"obj": {"type": "LogStrings", "path": ["monitoring", "552629ed", "stderr"], "values": [{"value": "\r 71%|\u2588\u2588\u2588\u2588\u2588\u2588\u2588\u2588\u2588\u2588\u2588\u2588\u2588\u2588\u2588\u2588\u2588\u2588\u2588\u2588\u2588\u2588\u2588\u2588\u2588\u2588\u2588\u2588\u2588\u2588\u2588\u2588\u2588\u2588\u2588\u2588\u2588\u2588\u2588\u2588\u2588\u2588\u2588\u2588\u2588\u2588\u2588\u2588\u2588\u2588\u2588\u2588\u2588\u2588\u2588\u2588\u2588\u2588\u2588\u2588\u2588\u2588\u2588\u2588\u2588\u2588\u2588\u2588\u2588\u2588\u2588\u2588\u2588\u2588\u2588\u2588\u2588\u2588\u2588\u2588\u2588\u2588\u2588\u2588\u2588\u2588\u2588\u2588\u2588\u2588\u2588\u2588\u2588\u2588\u2588\u2588\u2588\u2588\u2588\u2588\u2588\u2588\u2588\u2588\u258a                                           | 855/1207 [00:12<00:06, 53.24it/s]", "step": null, "ts": 1730799718.3402596}]}, "version": 457, "at": 1730799718.3403447}
{"obj": {"type": "LogStrings", "path": ["monitoring", "552629ed", "stderr"], "values": [{"value": "\r 71%|\u2588\u2588\u2588\u2588\u2588\u2588\u2588\u2588\u2588\u2588\u2588\u2588\u2588\u2588\u2588\u2588\u2588\u2588\u2588\u2588\u2588\u2588\u2588\u2588\u2588\u2588\u2588\u2588\u2588\u2588\u2588\u2588\u2588\u2588\u2588\u2588\u2588\u2588\u2588\u2588\u2588\u2588\u2588\u2588\u2588\u2588\u2588\u2588\u2588\u2588\u2588\u2588\u2588\u2588\u2588\u2588\u2588\u2588\u2588\u2588\u2588\u2588\u2588\u2588\u2588\u2588\u2588\u2588\u2588\u2588\u2588\u2588\u2588\u2588\u2588\u2588\u2588\u2588\u2588\u2588\u2588\u2588\u2588\u2588\u2588\u2588\u2588\u2588\u2588\u2588\u2588\u2588\u2588\u2588\u2588\u2588\u2588\u2588\u2588\u2588\u2588\u2588\u2588\u2588\u2588\u258b                                          | 862/1207 [00:12<00:06, 56.21it/s]", "step": null, "ts": 1730799718.4485092}]}, "version": 458, "at": 1730799718.4485805}
{"obj": {"type": "LogStrings", "path": ["monitoring", "552629ed", "stderr"], "values": [{"value": "\r 72%|\u2588\u2588\u2588\u2588\u2588\u2588\u2588\u2588\u2588\u2588\u2588\u2588\u2588\u2588\u2588\u2588\u2588\u2588\u2588\u2588\u2588\u2588\u2588\u2588\u2588\u2588\u2588\u2588\u2588\u2588\u2588\u2588\u2588\u2588\u2588\u2588\u2588\u2588\u2588\u2588\u2588\u2588\u2588\u2588\u2588\u2588\u2588\u2588\u2588\u2588\u2588\u2588\u2588\u2588\u2588\u2588\u2588\u2588\u2588\u2588\u2588\u2588\u2588\u2588\u2588\u2588\u2588\u2588\u2588\u2588\u2588\u2588\u2588\u2588\u2588\u2588\u2588\u2588\u2588\u2588\u2588\u2588\u2588\u2588\u2588\u2588\u2588\u2588\u2588\u2588\u2588\u2588\u2588\u2588\u2588\u2588\u2588\u2588\u2588\u2588\u2588\u2588\u2588\u2588\u2588\u2588\u258c                                         | 869/1207 [00:12<00:05, 58.75it/s]", "step": null, "ts": 1730799718.5550768}]}, "version": 459, "at": 1730799718.5551455}
{"obj": {"type": "LogStrings", "path": ["monitoring", "552629ed", "stderr"], "values": [{"value": "\r 73%|\u2588\u2588\u2588\u2588\u2588\u2588\u2588\u2588\u2588\u2588\u2588\u2588\u2588\u2588\u2588\u2588\u2588\u2588\u2588\u2588\u2588\u2588\u2588\u2588\u2588\u2588\u2588\u2588\u2588\u2588\u2588\u2588\u2588\u2588\u2588\u2588\u2588\u2588\u2588\u2588\u2588\u2588\u2588\u2588\u2588\u2588\u2588\u2588\u2588\u2588\u2588\u2588\u2588\u2588\u2588\u2588\u2588\u2588\u2588\u2588\u2588\u2588\u2588\u2588\u2588\u2588\u2588\u2588\u2588\u2588\u2588\u2588\u2588\u2588\u2588\u2588\u2588\u2588\u2588\u2588\u2588\u2588\u2588\u2588\u2588\u2588\u2588\u2588\u2588\u2588\u2588\u2588\u2588\u2588\u2588\u2588\u2588\u2588\u2588\u2588\u2588\u2588\u2588\u2588\u2588\u2588\u2588\u258d                                        | 876/1207 [00:12<00:05, 60.62it/s]", "step": null, "ts": 1730799718.661919}]}, "version": 460, "at": 1730799718.661991}
{"obj": {"type": "LogStrings", "path": ["monitoring", "552629ed", "stderr"], "values": [{"value": "\r 73%|\u2588\u2588\u2588\u2588\u2588\u2588\u2588\u2588\u2588\u2588\u2588\u2588\u2588\u2588\u2588\u2588\u2588\u2588\u2588\u2588\u2588\u2588\u2588\u2588\u2588\u2588\u2588\u2588\u2588\u2588\u2588\u2588\u2588\u2588\u2588\u2588\u2588\u2588\u2588\u2588\u2588\u2588\u2588\u2588\u2588\u2588\u2588\u2588\u2588\u2588\u2588\u2588\u2588\u2588\u2588\u2588\u2588\u2588\u2588\u2588\u2588\u2588\u2588\u2588\u2588\u2588\u2588\u2588\u2588\u2588\u2588\u2588\u2588\u2588\u2588\u2588\u2588\u2588\u2588\u2588\u2588\u2588\u2588\u2588\u2588\u2588\u2588\u2588\u2588\u2588\u2588\u2588\u2588\u2588\u2588\u2588\u2588\u2588\u2588\u2588\u2588\u2588\u2588\u2588\u2588\u2588\u2588\u2588\u258e                                       | 883/1207 [00:13<00:05, 62.09it/s]", "step": null, "ts": 1730799718.768265}]}, "version": 461, "at": 1730799718.7683353}
{"obj": {"type": "LogStrings", "path": ["monitoring", "552629ed", "stderr"], "values": [{"value": "\r 74%|\u2588\u2588\u2588\u2588\u2588\u2588\u2588\u2588\u2588\u2588\u2588\u2588\u2588\u2588\u2588\u2588\u2588\u2588\u2588\u2588\u2588\u2588\u2588\u2588\u2588\u2588\u2588\u2588\u2588\u2588\u2588\u2588\u2588\u2588\u2588\u2588\u2588\u2588\u2588\u2588\u2588\u2588\u2588\u2588\u2588\u2588\u2588\u2588\u2588\u2588\u2588\u2588\u2588\u2588\u2588\u2588\u2588\u2588\u2588\u2588\u2588\u2588\u2588\u2588\u2588\u2588\u2588\u2588\u2588\u2588\u2588\u2588\u2588\u2588\u2588\u2588\u2588\u2588\u2588\u2588\u2588\u2588\u2588\u2588\u2588\u2588\u2588\u2588\u2588\u2588\u2588\u2588\u2588\u2588\u2588\u2588\u2588\u2588\u2588\u2588\u2588\u2588\u2588\u2588\u2588\u2588\u2588\u2588\u2588\u258f                                      | 890/1207 [00:13<00:05, 62.96it/s]", "step": null, "ts": 1730799718.8758278}]}, "version": 462, "at": 1730799718.8758934}
{"obj": {"type": "LogStrings", "path": ["monitoring", "552629ed", "stderr"], "values": [{"value": "\r 74%|\u2588\u2588\u2588\u2588\u2588\u2588\u2588\u2588\u2588\u2588\u2588\u2588\u2588\u2588\u2588\u2588\u2588\u2588\u2588\u2588\u2588\u2588\u2588\u2588\u2588\u2588\u2588\u2588\u2588\u2588\u2588\u2588\u2588\u2588\u2588\u2588\u2588\u2588\u2588\u2588\u2588\u2588\u2588\u2588\u2588\u2588\u2588\u2588\u2588\u2588\u2588\u2588\u2588\u2588\u2588\u2588\u2588\u2588\u2588\u2588\u2588\u2588\u2588\u2588\u2588\u2588\u2588\u2588\u2588\u2588\u2588\u2588\u2588\u2588\u2588\u2588\u2588\u2588\u2588\u2588\u2588\u2588\u2588\u2588\u2588\u2588\u2588\u2588\u2588\u2588\u2588\u2588\u2588\u2588\u2588\u2588\u2588\u2588\u2588\u2588\u2588\u2588\u2588\u2588\u2588\u2588\u2588\u2588\u2588\u2589                                      | 897/1207 [00:13<00:04, 63.79it/s]", "step": null, "ts": 1730799718.98214}]}, "version": 463, "at": 1730799718.982205}
{"obj": {"type": "LogStrings", "path": ["monitoring", "552629ed", "stderr"], "values": [{"value": "\r 75%|\u2588\u2588\u2588\u2588\u2588\u2588\u2588\u2588\u2588\u2588\u2588\u2588\u2588\u2588\u2588\u2588\u2588\u2588\u2588\u2588\u2588\u2588\u2588\u2588\u2588\u2588\u2588\u2588\u2588\u2588\u2588\u2588\u2588\u2588\u2588\u2588\u2588\u2588\u2588\u2588\u2588\u2588\u2588\u2588\u2588\u2588\u2588\u2588\u2588\u2588\u2588\u2588\u2588\u2588\u2588\u2588\u2588\u2588\u2588\u2588\u2588\u2588\u2588\u2588\u2588\u2588\u2588\u2588\u2588\u2588\u2588\u2588\u2588\u2588\u2588\u2588\u2588\u2588\u2588\u2588\u2588\u2588\u2588\u2588\u2588\u2588\u2588\u2588\u2588\u2588\u2588\u2588\u2588\u2588\u2588\u2588\u2588\u2588\u2588\u2588\u2588\u2588\u2588\u2588\u2588\u2588\u2588\u2588\u2588\u2588\u258a                                     | 904/1207 [00:13<00:04, 65.25it/s]", "step": null, "ts": 1730799719.0837064}]}, "version": 464, "at": 1730799719.0837715}
{"obj": {"type": "LogStrings", "path": ["monitoring", "552629ed", "stderr"], "values": [{"value": "\r 75%|\u2588\u2588\u2588\u2588\u2588\u2588\u2588\u2588\u2588\u2588\u2588\u2588\u2588\u2588\u2588\u2588\u2588\u2588\u2588\u2588\u2588\u2588\u2588\u2588\u2588\u2588\u2588\u2588\u2588\u2588\u2588\u2588\u2588\u2588\u2588\u2588\u2588\u2588\u2588\u2588\u2588\u2588\u2588\u2588\u2588\u2588\u2588\u2588\u2588\u2588\u2588\u2588\u2588\u2588\u2588\u2588\u2588\u2588\u2588\u2588\u2588\u2588\u2588\u2588\u2588\u2588\u2588\u2588\u2588\u2588\u2588\u2588\u2588\u2588\u2588\u2588\u2588\u2588\u2588\u2588\u2588\u2588\u2588\u2588\u2588\u2588\u2588\u2588\u2588\u2588\u2588\u2588\u2588\u2588\u2588\u2588\u2588\u2588\u2588\u2588\u2588\u2588\u2588\u2588\u2588\u2588\u2588\u2588\u2588\u2588\u2588\u258b                                    | 911/1207 [00:13<00:04, 65.04it/s]", "step": null, "ts": 1730799719.192168}]}, "version": 465, "at": 1730799719.1922367}
{"obj": {"type": "LogStrings", "path": ["monitoring", "552629ed", "stderr"], "values": [{"value": "\r 76%|\u2588\u2588\u2588\u2588\u2588\u2588\u2588\u2588\u2588\u2588\u2588\u2588\u2588\u2588\u2588\u2588\u2588\u2588\u2588\u2588\u2588\u2588\u2588\u2588\u2588\u2588\u2588\u2588\u2588\u2588\u2588\u2588\u2588\u2588\u2588\u2588\u2588\u2588\u2588\u2588\u2588\u2588\u2588\u2588\u2588\u2588\u2588\u2588\u2588\u2588\u2588\u2588\u2588\u2588\u2588\u2588\u2588\u2588\u2588\u2588\u2588\u2588\u2588\u2588\u2588\u2588\u2588\u2588\u2588\u2588\u2588\u2588\u2588\u2588\u2588\u2588\u2588\u2588\u2588\u2588\u2588\u2588\u2588\u2588\u2588\u2588\u2588\u2588\u2588\u2588\u2588\u2588\u2588\u2588\u2588\u2588\u2588\u2588\u2588\u2588\u2588\u2588\u2588\u2588\u2588\u2588\u2588\u2588\u2588\u2588\u2588\u2588\u258c                                   | 918/1207 [00:13<00:04, 58.36it/s]", "step": null, "ts": 1730799719.3408387}]}, "version": 466, "at": 1730799719.3409064}
{"obj": {"type": "LogStrings", "path": ["monitoring", "552629ed", "stderr"], "values": [{"value": "\r 77%|\u2588\u2588\u2588\u2588\u2588\u2588\u2588\u2588\u2588\u2588\u2588\u2588\u2588\u2588\u2588\u2588\u2588\u2588\u2588\u2588\u2588\u2588\u2588\u2588\u2588\u2588\u2588\u2588\u2588\u2588\u2588\u2588\u2588\u2588\u2588\u2588\u2588\u2588\u2588\u2588\u2588\u2588\u2588\u2588\u2588\u2588\u2588\u2588\u2588\u2588\u2588\u2588\u2588\u2588\u2588\u2588\u2588\u2588\u2588\u2588\u2588\u2588\u2588\u2588\u2588\u2588\u2588\u2588\u2588\u2588\u2588\u2588\u2588\u2588\u2588\u2588\u2588\u2588\u2588\u2588\u2588\u2588\u2588\u2588\u2588\u2588\u2588\u2588\u2588\u2588\u2588\u2588\u2588\u2588\u2588\u2588\u2588\u2588\u2588\u2588\u2588\u2588\u2588\u2588\u2588\u2588\u2588\u2588\u2588\u2588\u2588\u2588\u2588\u258d                                  | 925/1207 [00:13<00:04, 60.60it/s]", "step": null, "ts": 1730799719.4460545}]}, "version": 467, "at": 1730799719.4461322}
{"obj": {"type": "LogStrings", "path": ["monitoring", "552629ed", "stderr"], "values": [{"value": "\r 77%|\u2588\u2588\u2588\u2588\u2588\u2588\u2588\u2588\u2588\u2588\u2588\u2588\u2588\u2588\u2588\u2588\u2588\u2588\u2588\u2588\u2588\u2588\u2588\u2588\u2588\u2588\u2588\u2588\u2588\u2588\u2588\u2588\u2588\u2588\u2588\u2588\u2588\u2588\u2588\u2588\u2588\u2588\u2588\u2588\u2588\u2588\u2588\u2588\u2588\u2588\u2588\u2588\u2588\u2588\u2588\u2588\u2588\u2588\u2588\u2588\u2588\u2588\u2588\u2588\u2588\u2588\u2588\u2588\u2588\u2588\u2588\u2588\u2588\u2588\u2588\u2588\u2588\u2588\u2588\u2588\u2588\u2588\u2588\u2588\u2588\u2588\u2588\u2588\u2588\u2588\u2588\u2588\u2588\u2588\u2588\u2588\u2588\u2588\u2588\u2588\u2588\u2588\u2588\u2588\u2588\u2588\u2588\u2588\u2588\u2588\u2588\u2588\u2588\u2588\u258e                                 | 932/1207 [00:13<00:04, 62.15it/s]", "step": null, "ts": 1730799719.5519633}]}, "version": 468, "at": 1730799719.5520327}
{"obj": {"type": "LogStrings", "path": ["monitoring", "552629ed", "stderr"], "values": [{"value": "\r 78%|\u2588\u2588\u2588\u2588\u2588\u2588\u2588\u2588\u2588\u2588\u2588\u2588\u2588\u2588\u2588\u2588\u2588\u2588\u2588\u2588\u2588\u2588\u2588\u2588\u2588\u2588\u2588\u2588\u2588\u2588\u2588\u2588\u2588\u2588\u2588\u2588\u2588\u2588\u2588\u2588\u2588\u2588\u2588\u2588\u2588\u2588\u2588\u2588\u2588\u2588\u2588\u2588\u2588\u2588\u2588\u2588\u2588\u2588\u2588\u2588\u2588\u2588\u2588\u2588\u2588\u2588\u2588\u2588\u2588\u2588\u2588\u2588\u2588\u2588\u2588\u2588\u2588\u2588\u2588\u2588\u2588\u2588\u2588\u2588\u2588\u2588\u2588\u2588\u2588\u2588\u2588\u2588\u2588\u2588\u2588\u2588\u2588\u2588\u2588\u2588\u2588\u2588\u2588\u2588\u2588\u2588\u2588\u2588\u2588\u2588\u2588\u2588\u2588\u2588\u2588\u258f                                | 939/1207 [00:13<00:04, 62.98it/s]", "step": null, "ts": 1730799719.6596482}]}, "version": 469, "at": 1730799719.6597278}
{"obj": {"type": "LogStrings", "path": ["monitoring", "552629ed", "stderr"], "values": [{"value": "\r 78%|\u2588\u2588\u2588\u2588\u2588\u2588\u2588\u2588\u2588\u2588\u2588\u2588\u2588\u2588\u2588\u2588\u2588\u2588\u2588\u2588\u2588\u2588\u2588\u2588\u2588\u2588\u2588\u2588\u2588\u2588\u2588\u2588\u2588\u2588\u2588\u2588\u2588\u2588\u2588\u2588\u2588\u2588\u2588\u2588\u2588\u2588\u2588\u2588\u2588\u2588\u2588\u2588\u2588\u2588\u2588\u2588\u2588\u2588\u2588\u2588\u2588\u2588\u2588\u2588\u2588\u2588\u2588\u2588\u2588\u2588\u2588\u2588\u2588\u2588\u2588\u2588\u2588\u2588\u2588\u2588\u2588\u2588\u2588\u2588\u2588\u2588\u2588\u2588\u2588\u2588\u2588\u2588\u2588\u2588\u2588\u2588\u2588\u2588\u2588\u2588\u2588\u2588\u2588\u2588\u2588\u2588\u2588\u2588\u2588\u2588\u2588\u2588\u2588\u2588\u2588\u2589                                | 946/1207 [00:14<00:04, 63.70it/s]", "step": null, "ts": 1730799719.7667458}]}, "version": 470, "at": 1730799719.7668738}
{"obj": {"type": "LogStrings", "path": ["monitoring", "552629ed", "stderr"], "values": [{"value": "\r 79%|\u2588\u2588\u2588\u2588\u2588\u2588\u2588\u2588\u2588\u2588\u2588\u2588\u2588\u2588\u2588\u2588\u2588\u2588\u2588\u2588\u2588\u2588\u2588\u2588\u2588\u2588\u2588\u2588\u2588\u2588\u2588\u2588\u2588\u2588\u2588\u2588\u2588\u2588\u2588\u2588\u2588\u2588\u2588\u2588\u2588\u2588\u2588\u2588\u2588\u2588\u2588\u2588\u2588\u2588\u2588\u2588\u2588\u2588\u2588\u2588\u2588\u2588\u2588\u2588\u2588\u2588\u2588\u2588\u2588\u2588\u2588\u2588\u2588\u2588\u2588\u2588\u2588\u2588\u2588\u2588\u2588\u2588\u2588\u2588\u2588\u2588\u2588\u2588\u2588\u2588\u2588\u2588\u2588\u2588\u2588\u2588\u2588\u2588\u2588\u2588\u2588\u2588\u2588\u2588\u2588\u2588\u2588\u2588\u2588\u2588\u2588\u2588\u2588\u2588\u2588\u2588\u258a                               | 953/1207 [00:14<00:03, 64.05it/s]", "step": null, "ts": 1730799719.8744743}]}, "version": 471, "at": 1730799719.8745472}
{"obj": {"type": "LogStrings", "path": ["monitoring", "552629ed", "stderr"], "values": [{"value": "\r 80%|\u2588\u2588\u2588\u2588\u2588\u2588\u2588\u2588\u2588\u2588\u2588\u2588\u2588\u2588\u2588\u2588\u2588\u2588\u2588\u2588\u2588\u2588\u2588\u2588\u2588\u2588\u2588\u2588\u2588\u2588\u2588\u2588\u2588\u2588\u2588\u2588\u2588\u2588\u2588\u2588\u2588\u2588\u2588\u2588\u2588\u2588\u2588\u2588\u2588\u2588\u2588\u2588\u2588\u2588\u2588\u2588\u2588\u2588\u2588\u2588\u2588\u2588\u2588\u2588\u2588\u2588\u2588\u2588\u2588\u2588\u2588\u2588\u2588\u2588\u2588\u2588\u2588\u2588\u2588\u2588\u2588\u2588\u2588\u2588\u2588\u2588\u2588\u2588\u2588\u2588\u2588\u2588\u2588\u2588\u2588\u2588\u2588\u2588\u2588\u2588\u2588\u2588\u2588\u2588\u2588\u2588\u2588\u2588\u2588\u2588\u2588\u2588\u2588\u2588\u2588\u2588\u2588\u258b                              | 960/1207 [00:14<00:03, 64.78it/s]", "step": null, "ts": 1730799719.9796774}]}, "version": 472, "at": 1730799719.9797704}
{"obj": {"type": "LogStrings", "path": ["monitoring", "552629ed", "stderr"], "values": [{"value": "\r 80%|\u2588\u2588\u2588\u2588\u2588\u2588\u2588\u2588\u2588\u2588\u2588\u2588\u2588\u2588\u2588\u2588\u2588\u2588\u2588\u2588\u2588\u2588\u2588\u2588\u2588\u2588\u2588\u2588\u2588\u2588\u2588\u2588\u2588\u2588\u2588\u2588\u2588\u2588\u2588\u2588\u2588\u2588\u2588\u2588\u2588\u2588\u2588\u2588\u2588\u2588\u2588\u2588\u2588\u2588\u2588\u2588\u2588\u2588\u2588\u2588\u2588\u2588\u2588\u2588\u2588\u2588\u2588\u2588\u2588\u2588\u2588\u2588\u2588\u2588\u2588\u2588\u2588\u2588\u2588\u2588\u2588\u2588\u2588\u2588\u2588\u2588\u2588\u2588\u2588\u2588\u2588\u2588\u2588\u2588\u2588\u2588\u2588\u2588\u2588\u2588\u2588\u2588\u2588\u2588\u2588\u2588\u2588\u2588\u2588\u2588\u2588\u2588\u2588\u2588\u2588\u2588\u2588\u2588\u258c                             | 967/1207 [00:14<00:03, 65.13it/s]", "step": null, "ts": 1730799720.0858061}]}, "version": 473, "at": 1730799720.0858788}
{"obj": {"type": "LogStrings", "path": ["monitoring", "552629ed", "stderr"], "values": [{"value": "\r 81%|\u2588\u2588\u2588\u2588\u2588\u2588\u2588\u2588\u2588\u2588\u2588\u2588\u2588\u2588\u2588\u2588\u2588\u2588\u2588\u2588\u2588\u2588\u2588\u2588\u2588\u2588\u2588\u2588\u2588\u2588\u2588\u2588\u2588\u2588\u2588\u2588\u2588\u2588\u2588\u2588\u2588\u2588\u2588\u2588\u2588\u2588\u2588\u2588\u2588\u2588\u2588\u2588\u2588\u2588\u2588\u2588\u2588\u2588\u2588\u2588\u2588\u2588\u2588\u2588\u2588\u2588\u2588\u2588\u2588\u2588\u2588\u2588\u2588\u2588\u2588\u2588\u2588\u2588\u2588\u2588\u2588\u2588\u2588\u2588\u2588\u2588\u2588\u2588\u2588\u2588\u2588\u2588\u2588\u2588\u2588\u2588\u2588\u2588\u2588\u2588\u2588\u2588\u2588\u2588\u2588\u2588\u2588\u2588\u2588\u2588\u2588\u2588\u2588\u2588\u2588\u2588\u2588\u2588\u2588\u258d                            | 974/1207 [00:14<00:03, 65.83it/s]", "step": null, "ts": 1730799720.1895146}]}, "version": 474, "at": 1730799720.1895962}
{"obj": {"type": "LogStrings", "path": ["monitoring", "552629ed", "stderr"], "values": [{"value": "\r 81%|\u2588\u2588\u2588\u2588\u2588\u2588\u2588\u2588\u2588\u2588\u2588\u2588\u2588\u2588\u2588\u2588\u2588\u2588\u2588\u2588\u2588\u2588\u2588\u2588\u2588\u2588\u2588\u2588\u2588\u2588\u2588\u2588\u2588\u2588\u2588\u2588\u2588\u2588\u2588\u2588\u2588\u2588\u2588\u2588\u2588\u2588\u2588\u2588\u2588\u2588\u2588\u2588\u2588\u2588\u2588\u2588\u2588\u2588\u2588\u2588\u2588\u2588\u2588\u2588\u2588\u2588\u2588\u2588\u2588\u2588\u2588\u2588\u2588\u2588\u2588\u2588\u2588\u2588\u2588\u2588\u2588\u2588\u2588\u2588\u2588\u2588\u2588\u2588\u2588\u2588\u2588\u2588\u2588\u2588\u2588\u2588\u2588\u2588\u2588\u2588\u2588\u2588\u2588\u2588\u2588\u2588\u2588\u2588\u2588\u2588\u2588\u2588\u2588\u2588\u2588\u2588\u2588\u2588\u2588\u2588\u258d                           | 982/1207 [00:14<00:03, 67.13it/s]", "step": null, "ts": 1730799720.3038151}]}, "version": 475, "at": 1730799720.3038974}
{"obj": {"type": "LogStrings", "path": ["monitoring", "552629ed", "stderr"], "values": [{"value": "\r 82%|\u2588\u2588\u2588\u2588\u2588\u2588\u2588\u2588\u2588\u2588\u2588\u2588\u2588\u2588\u2588\u2588\u2588\u2588\u2588\u2588\u2588\u2588\u2588\u2588\u2588\u2588\u2588\u2588\u2588\u2588\u2588\u2588\u2588\u2588\u2588\u2588\u2588\u2588\u2588\u2588\u2588\u2588\u2588\u2588\u2588\u2588\u2588\u2588\u2588\u2588\u2588\u2588\u2588\u2588\u2588\u2588\u2588\u2588\u2588\u2588\u2588\u2588\u2588\u2588\u2588\u2588\u2588\u2588\u2588\u2588\u2588\u2588\u2588\u2588\u2588\u2588\u2588\u2588\u2588\u2588\u2588\u2588\u2588\u2588\u2588\u2588\u2588\u2588\u2588\u2588\u2588\u2588\u2588\u2588\u2588\u2588\u2588\u2588\u2588\u2588\u2588\u2588\u2588\u2588\u2588\u2588\u2588\u2588\u2588\u2588\u2588\u2588\u2588\u2588\u2588\u2588\u2588\u2588\u2588\u2588\u2588\u258e                          | 989/1207 [00:14<00:03, 59.63it/s]", "step": null, "ts": 1730799720.453115}]}, "version": 476, "at": 1730799720.4531758}
{"obj": {"type": "LogStrings", "path": ["monitoring", "552629ed", "stderr"], "values": [{"value": "\r 83%|\u2588\u2588\u2588\u2588\u2588\u2588\u2588\u2588\u2588\u2588\u2588\u2588\u2588\u2588\u2588\u2588\u2588\u2588\u2588\u2588\u2588\u2588\u2588\u2588\u2588\u2588\u2588\u2588\u2588\u2588\u2588\u2588\u2588\u2588\u2588\u2588\u2588\u2588\u2588\u2588\u2588\u2588\u2588\u2588\u2588\u2588\u2588\u2588\u2588\u2588\u2588\u2588\u2588\u2588\u2588\u2588\u2588\u2588\u2588\u2588\u2588\u2588\u2588\u2588\u2588\u2588\u2588\u2588\u2588\u2588\u2588\u2588\u2588\u2588\u2588\u2588\u2588\u2588\u2588\u2588\u2588\u2588\u2588\u2588\u2588\u2588\u2588\u2588\u2588\u2588\u2588\u2588\u2588\u2588\u2588\u2588\u2588\u2588\u2588\u2588\u2588\u2588\u2588\u2588\u2588\u2588\u2588\u2588\u2588\u2588\u2588\u2588\u2588\u2588\u2588\u2588\u2588\u2588\u2588\u2588\u2588\u2588\u258f                         | 996/1207 [00:14<00:03, 61.43it/s]", "step": null, "ts": 1730799720.5588176}]}, "version": 477, "at": 1730799720.5588844}
{"obj": {"type": "LogStrings", "path": ["monitoring", "552629ed", "stderr"], "values": [{"value": "\r 83%|\u2588\u2588\u2588\u2588\u2588\u2588\u2588\u2588\u2588\u2588\u2588\u2588\u2588\u2588\u2588\u2588\u2588\u2588\u2588\u2588\u2588\u2588\u2588\u2588\u2588\u2588\u2588\u2588\u2588\u2588\u2588\u2588\u2588\u2588\u2588\u2588\u2588\u2588\u2588\u2588\u2588\u2588\u2588\u2588\u2588\u2588\u2588\u2588\u2588\u2588\u2588\u2588\u2588\u2588\u2588\u2588\u2588\u2588\u2588\u2588\u2588\u2588\u2588\u2588\u2588\u2588\u2588\u2588\u2588\u2588\u2588\u2588\u2588\u2588\u2588\u2588\u2588\u2588\u2588\u2588\u2588\u2588\u2588\u2588\u2588\u2588\u2588\u2588\u2588\u2588\u2588\u2588\u2588\u2588\u2588\u2588\u2588\u2588\u2588\u2588\u2588\u2588\u2588\u2588\u2588\u2588\u2588\u2588\u2588\u2588\u2588\u2588\u2588\u2588\u2588\u2588\u2588\u2588\u2588\u2588\u2588\u2588\u258f                        | 1003/1207 [00:14<00:03, 63.03it/s]", "step": null, "ts": 1730799720.6629574}]}, "version": 478, "at": 1730799720.6630325}
{"obj": {"type": "LogStrings", "path": ["monitoring", "552629ed", "stderr"], "values": [{"value": "\r 84%|\u2588\u2588\u2588\u2588\u2588\u2588\u2588\u2588\u2588\u2588\u2588\u2588\u2588\u2588\u2588\u2588\u2588\u2588\u2588\u2588\u2588\u2588\u2588\u2588\u2588\u2588\u2588\u2588\u2588\u2588\u2588\u2588\u2588\u2588\u2588\u2588\u2588\u2588\u2588\u2588\u2588\u2588\u2588\u2588\u2588\u2588\u2588\u2588\u2588\u2588\u2588\u2588\u2588\u2588\u2588\u2588\u2588\u2588\u2588\u2588\u2588\u2588\u2588\u2588\u2588\u2588\u2588\u2588\u2588\u2588\u2588\u2588\u2588\u2588\u2588\u2588\u2588\u2588\u2588\u2588\u2588\u2588\u2588\u2588\u2588\u2588\u2588\u2588\u2588\u2588\u2588\u2588\u2588\u2588\u2588\u2588\u2588\u2588\u2588\u2588\u2588\u2588\u2588\u2588\u2588\u2588\u2588\u2588\u2588\u2588\u2588\u2588\u2588\u2588\u2588\u2588\u2588\u2588\u2588\u2588\u2588\u2588\u2588                        | 1010/1207 [00:15<00:03, 63.82it/s]", "step": null, "ts": 1730799720.7694454}]}, "version": 479, "at": 1730799720.7695255}
{"obj": {"type": "LogStrings", "path": ["monitoring", "552629ed", "stderr"], "values": [{"value": "\r 84%|\u2588\u2588\u2588\u2588\u2588\u2588\u2588\u2588\u2588\u2588\u2588\u2588\u2588\u2588\u2588\u2588\u2588\u2588\u2588\u2588\u2588\u2588\u2588\u2588\u2588\u2588\u2588\u2588\u2588\u2588\u2588\u2588\u2588\u2588\u2588\u2588\u2588\u2588\u2588\u2588\u2588\u2588\u2588\u2588\u2588\u2588\u2588\u2588\u2588\u2588\u2588\u2588\u2588\u2588\u2588\u2588\u2588\u2588\u2588\u2588\u2588\u2588\u2588\u2588\u2588\u2588\u2588\u2588\u2588\u2588\u2588\u2588\u2588\u2588\u2588\u2588\u2588\u2588\u2588\u2588\u2588\u2588\u2588\u2588\u2588\u2588\u2588\u2588\u2588\u2588\u2588\u2588\u2588\u2588\u2588\u2588\u2588\u2588\u2588\u2588\u2588\u2588\u2588\u2588\u2588\u2588\u2588\u2588\u2588\u2588\u2588\u2588\u2588\u2588\u2588\u2588\u2588\u2588\u2588\u2588\u2588\u2588\u2588\u258a                       | 1017/1207 [00:15<00:02, 64.18it/s]", "step": null, "ts": 1730799720.8770344}]}, "version": 480, "at": 1730799720.8770998}
{"obj": {"type": "LogStrings", "path": ["monitoring", "552629ed", "stderr"], "values": [{"value": "\r 85%|\u2588\u2588\u2588\u2588\u2588\u2588\u2588\u2588\u2588\u2588\u2588\u2588\u2588\u2588\u2588\u2588\u2588\u2588\u2588\u2588\u2588\u2588\u2588\u2588\u2588\u2588\u2588\u2588\u2588\u2588\u2588\u2588\u2588\u2588\u2588\u2588\u2588\u2588\u2588\u2588\u2588\u2588\u2588\u2588\u2588\u2588\u2588\u2588\u2588\u2588\u2588\u2588\u2588\u2588\u2588\u2588\u2588\u2588\u2588\u2588\u2588\u2588\u2588\u2588\u2588\u2588\u2588\u2588\u2588\u2588\u2588\u2588\u2588\u2588\u2588\u2588\u2588\u2588\u2588\u2588\u2588\u2588\u2588\u2588\u2588\u2588\u2588\u2588\u2588\u2588\u2588\u2588\u2588\u2588\u2588\u2588\u2588\u2588\u2588\u2588\u2588\u2588\u2588\u2588\u2588\u2588\u2588\u2588\u2588\u2588\u2588\u2588\u2588\u2588\u2588\u2588\u2588\u2588\u2588\u2588\u2588\u2588\u2588\u2588\u258b                      | 1024/1207 [00:15<00:02, 64.89it/s]", "step": null, "ts": 1730799720.9820998}]}, "version": 481, "at": 1730799720.9821835}
{"obj": {"type": "LogStrings", "path": ["monitoring", "552629ed", "stderr"], "values": [{"value": "\r 85%|\u2588\u2588\u2588\u2588\u2588\u2588\u2588\u2588\u2588\u2588\u2588\u2588\u2588\u2588\u2588\u2588\u2588\u2588\u2588\u2588\u2588\u2588\u2588\u2588\u2588\u2588\u2588\u2588\u2588\u2588\u2588\u2588\u2588\u2588\u2588\u2588\u2588\u2588\u2588\u2588\u2588\u2588\u2588\u2588\u2588\u2588\u2588\u2588\u2588\u2588\u2588\u2588\u2588\u2588\u2588\u2588\u2588\u2588\u2588\u2588\u2588\u2588\u2588\u2588\u2588\u2588\u2588\u2588\u2588\u2588\u2588\u2588\u2588\u2588\u2588\u2588\u2588\u2588\u2588\u2588\u2588\u2588\u2588\u2588\u2588\u2588\u2588\u2588\u2588\u2588\u2588\u2588\u2588\u2588\u2588\u2588\u2588\u2588\u2588\u2588\u2588\u2588\u2588\u2588\u2588\u2588\u2588\u2588\u2588\u2588\u2588\u2588\u2588\u2588\u2588\u2588\u2588\u2588\u2588\u2588\u2588\u2588\u2588\u2588\u2588\u258c                     | 1031/1207 [00:15<00:02, 65.38it/s]", "step": null, "ts": 1730799721.0872407}]}, "version": 482, "at": 1730799721.087307}
{"obj": {"type": "LogStrings", "path": ["monitoring", "552629ed", "stderr"], "values": [{"value": "\r 86%|\u2588\u2588\u2588\u2588\u2588\u2588\u2588\u2588\u2588\u2588\u2588\u2588\u2588\u2588\u2588\u2588\u2588\u2588\u2588\u2588\u2588\u2588\u2588\u2588\u2588\u2588\u2588\u2588\u2588\u2588\u2588\u2588\u2588\u2588\u2588\u2588\u2588\u2588\u2588\u2588\u2588\u2588\u2588\u2588\u2588\u2588\u2588\u2588\u2588\u2588\u2588\u2588\u2588\u2588\u2588\u2588\u2588\u2588\u2588\u2588\u2588\u2588\u2588\u2588\u2588\u2588\u2588\u2588\u2588\u2588\u2588\u2588\u2588\u2588\u2588\u2588\u2588\u2588\u2588\u2588\u2588\u2588\u2588\u2588\u2588\u2588\u2588\u2588\u2588\u2588\u2588\u2588\u2588\u2588\u2588\u2588\u2588\u2588\u2588\u2588\u2588\u2588\u2588\u2588\u2588\u2588\u2588\u2588\u2588\u2588\u2588\u2588\u2588\u2588\u2588\u2588\u2588\u2588\u2588\u2588\u2588\u2588\u2588\u2588\u2588\u2588\u258d                    | 1038/1207 [00:15<00:02, 65.44it/s]", "step": null, "ts": 1730799721.194106}]}, "version": 483, "at": 1730799721.194197}
{"obj": {"type": "LogStrings", "path": ["monitoring", "552629ed", "stderr"], "values": [{"value": "\r 87%|\u2588\u2588\u2588\u2588\u2588\u2588\u2588\u2588\u2588\u2588\u2588\u2588\u2588\u2588\u2588\u2588\u2588\u2588\u2588\u2588\u2588\u2588\u2588\u2588\u2588\u2588\u2588\u2588\u2588\u2588\u2588\u2588\u2588\u2588\u2588\u2588\u2588\u2588\u2588\u2588\u2588\u2588\u2588\u2588\u2588\u2588\u2588\u2588\u2588\u2588\u2588\u2588\u2588\u2588\u2588\u2588\u2588\u2588\u2588\u2588\u2588\u2588\u2588\u2588\u2588\u2588\u2588\u2588\u2588\u2588\u2588\u2588\u2588\u2588\u2588\u2588\u2588\u2588\u2588\u2588\u2588\u2588\u2588\u2588\u2588\u2588\u2588\u2588\u2588\u2588\u2588\u2588\u2588\u2588\u2588\u2588\u2588\u2588\u2588\u2588\u2588\u2588\u2588\u2588\u2588\u2588\u2588\u2588\u2588\u2588\u2588\u2588\u2588\u2588\u2588\u2588\u2588\u2588\u2588\u2588\u2588\u2588\u2588\u2588\u2588\u2588\u2588\u258e                   | 1045/1207 [00:15<00:02, 65.59it/s]", "step": null, "ts": 1730799721.3001754}]}, "version": 484, "at": 1730799721.3002644}
{"obj": {"type": "LogStrings", "path": ["monitoring", "552629ed", "stderr"], "values": [{"value": "\r 87%|\u2588\u2588\u2588\u2588\u2588\u2588\u2588\u2588\u2588\u2588\u2588\u2588\u2588\u2588\u2588\u2588\u2588\u2588\u2588\u2588\u2588\u2588\u2588\u2588\u2588\u2588\u2588\u2588\u2588\u2588\u2588\u2588\u2588\u2588\u2588\u2588\u2588\u2588\u2588\u2588\u2588\u2588\u2588\u2588\u2588\u2588\u2588\u2588\u2588\u2588\u2588\u2588\u2588\u2588\u2588\u2588\u2588\u2588\u2588\u2588\u2588\u2588\u2588\u2588\u2588\u2588\u2588\u2588\u2588\u2588\u2588\u2588\u2588\u2588\u2588\u2588\u2588\u2588\u2588\u2588\u2588\u2588\u2588\u2588\u2588\u2588\u2588\u2588\u2588\u2588\u2588\u2588\u2588\u2588\u2588\u2588\u2588\u2588\u2588\u2588\u2588\u2588\u2588\u2588\u2588\u2588\u2588\u2588\u2588\u2588\u2588\u2588\u2588\u2588\u2588\u2588\u2588\u2588\u2588\u2588\u2588\u2588\u2588\u2588\u2588\u2588\u2588\u2588                   | 1052/1207 [00:15<00:02, 65.43it/s]", "step": null, "ts": 1730799721.4077196}]}, "version": 485, "at": 1730799721.4077868}
{"obj": {"type": "LogStrings", "path": ["monitoring", "552629ed", "stderr"], "values": [{"value": "\r 88%|\u2588\u2588\u2588\u2588\u2588\u2588\u2588\u2588\u2588\u2588\u2588\u2588\u2588\u2588\u2588\u2588\u2588\u2588\u2588\u2588\u2588\u2588\u2588\u2588\u2588\u2588\u2588\u2588\u2588\u2588\u2588\u2588\u2588\u2588\u2588\u2588\u2588\u2588\u2588\u2588\u2588\u2588\u2588\u2588\u2588\u2588\u2588\u2588\u2588\u2588\u2588\u2588\u2588\u2588\u2588\u2588\u2588\u2588\u2588\u2588\u2588\u2588\u2588\u2588\u2588\u2588\u2588\u2588\u2588\u2588\u2588\u2588\u2588\u2588\u2588\u2588\u2588\u2588\u2588\u2588\u2588\u2588\u2588\u2588\u2588\u2588\u2588\u2588\u2588\u2588\u2588\u2588\u2588\u2588\u2588\u2588\u2588\u2588\u2588\u2588\u2588\u2588\u2588\u2588\u2588\u2588\u2588\u2588\u2588\u2588\u2588\u2588\u2588\u2588\u2588\u2588\u2588\u2588\u2588\u2588\u2588\u2588\u2588\u2588\u2588\u2588\u2588\u2588\u2589                  | 1059/1207 [00:15<00:02, 65.96it/s]", "step": null, "ts": 1730799721.5118136}]}, "version": 486, "at": 1730799721.5118723}
{"obj": {"type": "LogStrings", "path": ["monitoring", "552629ed", "stderr"], "values": [{"value": "\r 88%|\u2588\u2588\u2588\u2588\u2588\u2588\u2588\u2588\u2588\u2588\u2588\u2588\u2588\u2588\u2588\u2588\u2588\u2588\u2588\u2588\u2588\u2588\u2588\u2588\u2588\u2588\u2588\u2588\u2588\u2588\u2588\u2588\u2588\u2588\u2588\u2588\u2588\u2588\u2588\u2588\u2588\u2588\u2588\u2588\u2588\u2588\u2588\u2588\u2588\u2588\u2588\u2588\u2588\u2588\u2588\u2588\u2588\u2588\u2588\u2588\u2588\u2588\u2588\u2588\u2588\u2588\u2588\u2588\u2588\u2588\u2588\u2588\u2588\u2588\u2588\u2588\u2588\u2588\u2588\u2588\u2588\u2588\u2588\u2588\u2588\u2588\u2588\u2588\u2588\u2588\u2588\u2588\u2588\u2588\u2588\u2588\u2588\u2588\u2588\u2588\u2588\u2588\u2588\u2588\u2588\u2588\u2588\u2588\u2588\u2588\u2588\u2588\u2588\u2588\u2588\u2588\u2588\u2588\u2588\u2588\u2588\u2588\u2588\u2588\u2588\u2588\u2588\u2588\u2588\u258a                 | 1066/1207 [00:15<00:02, 66.64it/s]", "step": null, "ts": 1730799721.6143885}]}, "version": 487, "at": 1730799721.6144562}
{"obj": {"type": "LogStrings", "path": ["monitoring", "552629ed", "stderr"], "values": [{"value": "\r 89%|\u2588\u2588\u2588\u2588\u2588\u2588\u2588\u2588\u2588\u2588\u2588\u2588\u2588\u2588\u2588\u2588\u2588\u2588\u2588\u2588\u2588\u2588\u2588\u2588\u2588\u2588\u2588\u2588\u2588\u2588\u2588\u2588\u2588\u2588\u2588\u2588\u2588\u2588\u2588\u2588\u2588\u2588\u2588\u2588\u2588\u2588\u2588\u2588\u2588\u2588\u2588\u2588\u2588\u2588\u2588\u2588\u2588\u2588\u2588\u2588\u2588\u2588\u2588\u2588\u2588\u2588\u2588\u2588\u2588\u2588\u2588\u2588\u2588\u2588\u2588\u2588\u2588\u2588\u2588\u2588\u2588\u2588\u2588\u2588\u2588\u2588\u2588\u2588\u2588\u2588\u2588\u2588\u2588\u2588\u2588\u2588\u2588\u2588\u2588\u2588\u2588\u2588\u2588\u2588\u2588\u2588\u2588\u2588\u2588\u2588\u2588\u2588\u2588\u2588\u2588\u2588\u2588\u2588\u2588\u2588\u2588\u2588\u2588\u2588\u2588\u2588\u2588\u2588\u2588\u2588\u258a                | 1074/1207 [00:16<00:01, 68.14it/s]", "step": null, "ts": 1730799721.7264059}]}, "version": 488, "at": 1730799721.7264724}
{"obj": {"type": "LogStrings", "path": ["monitoring", "552629ed", "stderr"], "values": [{"value": "\r 90%|\u2588\u2588\u2588\u2588\u2588\u2588\u2588\u2588\u2588\u2588\u2588\u2588\u2588\u2588\u2588\u2588\u2588\u2588\u2588\u2588\u2588\u2588\u2588\u2588\u2588\u2588\u2588\u2588\u2588\u2588\u2588\u2588\u2588\u2588\u2588\u2588\u2588\u2588\u2588\u2588\u2588\u2588\u2588\u2588\u2588\u2588\u2588\u2588\u2588\u2588\u2588\u2588\u2588\u2588\u2588\u2588\u2588\u2588\u2588\u2588\u2588\u2588\u2588\u2588\u2588\u2588\u2588\u2588\u2588\u2588\u2588\u2588\u2588\u2588\u2588\u2588\u2588\u2588\u2588\u2588\u2588\u2588\u2588\u2588\u2588\u2588\u2588\u2588\u2588\u2588\u2588\u2588\u2588\u2588\u2588\u2588\u2588\u2588\u2588\u2588\u2588\u2588\u2588\u2588\u2588\u2588\u2588\u2588\u2588\u2588\u2588\u2588\u2588\u2588\u2588\u2588\u2588\u2588\u2588\u2588\u2588\u2588\u2588\u2588\u2588\u2588\u2588\u2588\u2588\u2588\u2588\u258a               | 1082/1207 [00:16<00:01, 70.03it/s]", "step": null, "ts": 1730799721.8338518}]}, "version": 489, "at": 1730799721.8339143}
{"obj": {"type": "LogStrings", "path": ["monitoring", "552629ed", "stderr"], "values": [{"value": "\r 90%|\u2588\u2588\u2588\u2588\u2588\u2588\u2588\u2588\u2588\u2588\u2588\u2588\u2588\u2588\u2588\u2588\u2588\u2588\u2588\u2588\u2588\u2588\u2588\u2588\u2588\u2588\u2588\u2588\u2588\u2588\u2588\u2588\u2588\u2588\u2588\u2588\u2588\u2588\u2588\u2588\u2588\u2588\u2588\u2588\u2588\u2588\u2588\u2588\u2588\u2588\u2588\u2588\u2588\u2588\u2588\u2588\u2588\u2588\u2588\u2588\u2588\u2588\u2588\u2588\u2588\u2588\u2588\u2588\u2588\u2588\u2588\u2588\u2588\u2588\u2588\u2588\u2588\u2588\u2588\u2588\u2588\u2588\u2588\u2588\u2588\u2588\u2588\u2588\u2588\u2588\u2588\u2588\u2588\u2588\u2588\u2588\u2588\u2588\u2588\u2588\u2588\u2588\u2588\u2588\u2588\u2588\u2588\u2588\u2588\u2588\u2588\u2588\u2588\u2588\u2588\u2588\u2588\u2588\u2588\u2588\u2588\u2588\u2588\u2588\u2588\u2588\u2588\u2588\u2588\u2588\u2588\u2588\u258a              | 1090/1207 [00:16<00:01, 70.07it/s]", "step": null, "ts": 1730799721.948284}]}, "version": 490, "at": 1730799721.9484234}
{"obj": {"type": "LogStrings", "path": ["monitoring", "552629ed", "stderr"], "values": [{"value": "\r 91%|\u2588\u2588\u2588\u2588\u2588\u2588\u2588\u2588\u2588\u2588\u2588\u2588\u2588\u2588\u2588\u2588\u2588\u2588\u2588\u2588\u2588\u2588\u2588\u2588\u2588\u2588\u2588\u2588\u2588\u2588\u2588\u2588\u2588\u2588\u2588\u2588\u2588\u2588\u2588\u2588\u2588\u2588\u2588\u2588\u2588\u2588\u2588\u2588\u2588\u2588\u2588\u2588\u2588\u2588\u2588\u2588\u2588\u2588\u2588\u2588\u2588\u2588\u2588\u2588\u2588\u2588\u2588\u2588\u2588\u2588\u2588\u2588\u2588\u2588\u2588\u2588\u2588\u2588\u2588\u2588\u2588\u2588\u2588\u2588\u2588\u2588\u2588\u2588\u2588\u2588\u2588\u2588\u2588\u2588\u2588\u2588\u2588\u2588\u2588\u2588\u2588\u2588\u2588\u2588\u2588\u2588\u2588\u2588\u2588\u2588\u2588\u2588\u2588\u2588\u2588\u2588\u2588\u2588\u2588\u2588\u2588\u2588\u2588\u2588\u2588\u2588\u2588\u2588\u2588\u2588\u2588\u2588\u2588\u258b             | 1098/1207 [00:16<00:01, 69.32it/s]", "step": null, "ts": 1730799722.066066}]}, "version": 491, "at": 1730799722.06614}
{"obj": {"type": "LogStrings", "path": ["monitoring", "552629ed", "stderr"], "values": [{"value": "\r 92%|\u2588\u2588\u2588\u2588\u2588\u2588\u2588\u2588\u2588\u2588\u2588\u2588\u2588\u2588\u2588\u2588\u2588\u2588\u2588\u2588\u2588\u2588\u2588\u2588\u2588\u2588\u2588\u2588\u2588\u2588\u2588\u2588\u2588\u2588\u2588\u2588\u2588\u2588\u2588\u2588\u2588\u2588\u2588\u2588\u2588\u2588\u2588\u2588\u2588\u2588\u2588\u2588\u2588\u2588\u2588\u2588\u2588\u2588\u2588\u2588\u2588\u2588\u2588\u2588\u2588\u2588\u2588\u2588\u2588\u2588\u2588\u2588\u2588\u2588\u2588\u2588\u2588\u2588\u2588\u2588\u2588\u2588\u2588\u2588\u2588\u2588\u2588\u2588\u2588\u2588\u2588\u2588\u2588\u2588\u2588\u2588\u2588\u2588\u2588\u2588\u2588\u2588\u2588\u2588\u2588\u2588\u2588\u2588\u2588\u2588\u2588\u2588\u2588\u2588\u2588\u2588\u2588\u2588\u2588\u2588\u2588\u2588\u2588\u2588\u2588\u2588\u2588\u2588\u2588\u2588\u2588\u2588\u2588\u2588\u258c            | 1105/1207 [00:16<00:01, 68.90it/s]", "step": null, "ts": 1730799722.1693494}]}, "version": 492, "at": 1730799722.1694443}
{"obj": {"type": "LogStrings", "path": ["monitoring", "552629ed", "stderr"], "values": [{"value": "\r 92%|\u2588\u2588\u2588\u2588\u2588\u2588\u2588\u2588\u2588\u2588\u2588\u2588\u2588\u2588\u2588\u2588\u2588\u2588\u2588\u2588\u2588\u2588\u2588\u2588\u2588\u2588\u2588\u2588\u2588\u2588\u2588\u2588\u2588\u2588\u2588\u2588\u2588\u2588\u2588\u2588\u2588\u2588\u2588\u2588\u2588\u2588\u2588\u2588\u2588\u2588\u2588\u2588\u2588\u2588\u2588\u2588\u2588\u2588\u2588\u2588\u2588\u2588\u2588\u2588\u2588\u2588\u2588\u2588\u2588\u2588\u2588\u2588\u2588\u2588\u2588\u2588\u2588\u2588\u2588\u2588\u2588\u2588\u2588\u2588\u2588\u2588\u2588\u2588\u2588\u2588\u2588\u2588\u2588\u2588\u2588\u2588\u2588\u2588\u2588\u2588\u2588\u2588\u2588\u2588\u2588\u2588\u2588\u2588\u2588\u2588\u2588\u2588\u2588\u2588\u2588\u2588\u2588\u2588\u2588\u2588\u2588\u2588\u2588\u2588\u2588\u2588\u2588\u2588\u2588\u2588\u2588\u2588\u2588\u2588\u2588\u258d           | 1112/1207 [00:16<00:01, 67.75it/s]", "step": null, "ts": 1730799722.2769682}]}, "version": 493, "at": 1730799722.2770455}
{"obj": {"type": "LogStrings", "path": ["monitoring", "552629ed", "stderr"], "values": [{"value": "\r 93%|\u2588\u2588\u2588\u2588\u2588\u2588\u2588\u2588\u2588\u2588\u2588\u2588\u2588\u2588\u2588\u2588\u2588\u2588\u2588\u2588\u2588\u2588\u2588\u2588\u2588\u2588\u2588\u2588\u2588\u2588\u2588\u2588\u2588\u2588\u2588\u2588\u2588\u2588\u2588\u2588\u2588\u2588\u2588\u2588\u2588\u2588\u2588\u2588\u2588\u2588\u2588\u2588\u2588\u2588\u2588\u2588\u2588\u2588\u2588\u2588\u2588\u2588\u2588\u2588\u2588\u2588\u2588\u2588\u2588\u2588\u2588\u2588\u2588\u2588\u2588\u2588\u2588\u2588\u2588\u2588\u2588\u2588\u2588\u2588\u2588\u2588\u2588\u2588\u2588\u2588\u2588\u2588\u2588\u2588\u2588\u2588\u2588\u2588\u2588\u2588\u2588\u2588\u2588\u2588\u2588\u2588\u2588\u2588\u2588\u2588\u2588\u2588\u2588\u2588\u2588\u2588\u2588\u2588\u2588\u2588\u2588\u2588\u2588\u2588\u2588\u2588\u2588\u2588\u2588\u2588\u2588\u2588\u2588\u2588\u2588\u2588\u258e          | 1119/1207 [00:16<00:01, 68.00it/s]", "step": null, "ts": 1730799722.3789406}]}, "version": 494, "at": 1730799722.3790193}
{"obj": {"type": "LogStrings", "path": ["monitoring", "552629ed", "stderr"], "values": [{"value": "\r 93%|\u2588\u2588\u2588\u2588\u2588\u2588\u2588\u2588\u2588\u2588\u2588\u2588\u2588\u2588\u2588\u2588\u2588\u2588\u2588\u2588\u2588\u2588\u2588\u2588\u2588\u2588\u2588\u2588\u2588\u2588\u2588\u2588\u2588\u2588\u2588\u2588\u2588\u2588\u2588\u2588\u2588\u2588\u2588\u2588\u2588\u2588\u2588\u2588\u2588\u2588\u2588\u2588\u2588\u2588\u2588\u2588\u2588\u2588\u2588\u2588\u2588\u2588\u2588\u2588\u2588\u2588\u2588\u2588\u2588\u2588\u2588\u2588\u2588\u2588\u2588\u2588\u2588\u2588\u2588\u2588\u2588\u2588\u2588\u2588\u2588\u2588\u2588\u2588\u2588\u2588\u2588\u2588\u2588\u2588\u2588\u2588\u2588\u2588\u2588\u2588\u2588\u2588\u2588\u2588\u2588\u2588\u2588\u2588\u2588\u2588\u2588\u2588\u2588\u2588\u2588\u2588\u2588\u2588\u2588\u2588\u2588\u2588\u2588\u2588\u2588\u2588\u2588\u2588\u2588\u2588\u2588\u2588\u2588\u2588\u2588\u2588\u2588\u258f         | 1126/1207 [00:16<00:01, 54.78it/s]", "step": null, "ts": 1730799722.5668519}]}, "version": 495, "at": 1730799722.5669165}
{"obj": {"type": "LogStrings", "path": ["monitoring", "552629ed", "stderr"], "values": [{"value": "\r 94%|\u2588\u2588\u2588\u2588\u2588\u2588\u2588\u2588\u2588\u2588\u2588\u2588\u2588\u2588\u2588\u2588\u2588\u2588\u2588\u2588\u2588\u2588\u2588\u2588\u2588\u2588\u2588\u2588\u2588\u2588\u2588\u2588\u2588\u2588\u2588\u2588\u2588\u2588\u2588\u2588\u2588\u2588\u2588\u2588\u2588\u2588\u2588\u2588\u2588\u2588\u2588\u2588\u2588\u2588\u2588\u2588\u2588\u2588\u2588\u2588\u2588\u2588\u2588\u2588\u2588\u2588\u2588\u2588\u2588\u2588\u2588\u2588\u2588\u2588\u2588\u2588\u2588\u2588\u2588\u2588\u2588\u2588\u2588\u2588\u2588\u2588\u2588\u2588\u2588\u2588\u2588\u2588\u2588\u2588\u2588\u2588\u2588\u2588\u2588\u2588\u2588\u2588\u2588\u2588\u2588\u2588\u2588\u2588\u2588\u2588\u2588\u2588\u2588\u2588\u2588\u2588\u2588\u2588\u2588\u2588\u2588\u2588\u2588\u2588\u2588\u2588\u2588\u2588\u2588\u2588\u2588\u2588\u2588\u2588\u2588\u2588\u2588\u2589         | 1133/1207 [00:16<00:01, 57.50it/s]", "step": null, "ts": 1730799722.6741025}]}, "version": 496, "at": 1730799722.6741662}
{"obj": {"type": "LogStrings", "path": ["monitoring", "552629ed", "stderr"], "values": [{"value": "\r 94%|\u2588\u2588\u2588\u2588\u2588\u2588\u2588\u2588\u2588\u2588\u2588\u2588\u2588\u2588\u2588\u2588\u2588\u2588\u2588\u2588\u2588\u2588\u2588\u2588\u2588\u2588\u2588\u2588\u2588\u2588\u2588\u2588\u2588\u2588\u2588\u2588\u2588\u2588\u2588\u2588\u2588\u2588\u2588\u2588\u2588\u2588\u2588\u2588\u2588\u2588\u2588\u2588\u2588\u2588\u2588\u2588\u2588\u2588\u2588\u2588\u2588\u2588\u2588\u2588\u2588\u2588\u2588\u2588\u2588\u2588\u2588\u2588\u2588\u2588\u2588\u2588\u2588\u2588\u2588\u2588\u2588\u2588\u2588\u2588\u2588\u2588\u2588\u2588\u2588\u2588\u2588\u2588\u2588\u2588\u2588\u2588\u2588\u2588\u2588\u2588\u2588\u2588\u2588\u2588\u2588\u2588\u2588\u2588\u2588\u2588\u2588\u2588\u2588\u2588\u2588\u2588\u2588\u2588\u2588\u2588\u2588\u2588\u2588\u2588\u2588\u2588\u2588\u2588\u2588\u2588\u2588\u2588\u2588\u2588\u2588\u2588\u2588\u2588\u258a        | 1140/1207 [00:17<00:01, 60.33it/s]", "step": null, "ts": 1730799722.7765656}]}, "version": 497, "at": 1730799722.776626}
{"obj": {"type": "LogStrings", "path": ["monitoring", "552629ed", "stderr"], "values": [{"value": "\r 95%|\u2588\u2588\u2588\u2588\u2588\u2588\u2588\u2588\u2588\u2588\u2588\u2588\u2588\u2588\u2588\u2588\u2588\u2588\u2588\u2588\u2588\u2588\u2588\u2588\u2588\u2588\u2588\u2588\u2588\u2588\u2588\u2588\u2588\u2588\u2588\u2588\u2588\u2588\u2588\u2588\u2588\u2588\u2588\u2588\u2588\u2588\u2588\u2588\u2588\u2588\u2588\u2588\u2588\u2588\u2588\u2588\u2588\u2588\u2588\u2588\u2588\u2588\u2588\u2588\u2588\u2588\u2588\u2588\u2588\u2588\u2588\u2588\u2588\u2588\u2588\u2588\u2588\u2588\u2588\u2588\u2588\u2588\u2588\u2588\u2588\u2588\u2588\u2588\u2588\u2588\u2588\u2588\u2588\u2588\u2588\u2588\u2588\u2588\u2588\u2588\u2588\u2588\u2588\u2588\u2588\u2588\u2588\u2588\u2588\u2588\u2588\u2588\u2588\u2588\u2588\u2588\u2588\u2588\u2588\u2588\u2588\u2588\u2588\u2588\u2588\u2588\u2588\u2588\u2588\u2588\u2588\u2588\u2588\u2588\u2588\u2588\u2588\u2588\u2588\u258b       | 1147/1207 [00:17<00:00, 61.75it/s]", "step": null, "ts": 1730799722.8836145}]}, "version": 498, "at": 1730799722.883688}
{"obj": {"type": "LogStrings", "path": ["monitoring", "552629ed", "stderr"], "values": [{"value": "\r 96%|\u2588\u2588\u2588\u2588\u2588\u2588\u2588\u2588\u2588\u2588\u2588\u2588\u2588\u2588\u2588\u2588\u2588\u2588\u2588\u2588\u2588\u2588\u2588\u2588\u2588\u2588\u2588\u2588\u2588\u2588\u2588\u2588\u2588\u2588\u2588\u2588\u2588\u2588\u2588\u2588\u2588\u2588\u2588\u2588\u2588\u2588\u2588\u2588\u2588\u2588\u2588\u2588\u2588\u2588\u2588\u2588\u2588\u2588\u2588\u2588\u2588\u2588\u2588\u2588\u2588\u2588\u2588\u2588\u2588\u2588\u2588\u2588\u2588\u2588\u2588\u2588\u2588\u2588\u2588\u2588\u2588\u2588\u2588\u2588\u2588\u2588\u2588\u2588\u2588\u2588\u2588\u2588\u2588\u2588\u2588\u2588\u2588\u2588\u2588\u2588\u2588\u2588\u2588\u2588\u2588\u2588\u2588\u2588\u2588\u2588\u2588\u2588\u2588\u2588\u2588\u2588\u2588\u2588\u2588\u2588\u2588\u2588\u2588\u2588\u2588\u2588\u2588\u2588\u2588\u2588\u2588\u2588\u2588\u2588\u2588\u2588\u2588\u2588\u2588\u2588\u258b      | 1155/1207 [00:17<00:00, 65.35it/s]", "step": null, "ts": 1730799722.9913661}]}, "version": 499, "at": 1730799722.9914372}
{"obj": {"type": "LogStrings", "path": ["monitoring", "552629ed", "stderr"], "values": [{"value": "\r 96%|\u2588\u2588\u2588\u2588\u2588\u2588\u2588\u2588\u2588\u2588\u2588\u2588\u2588\u2588\u2588\u2588\u2588\u2588\u2588\u2588\u2588\u2588\u2588\u2588\u2588\u2588\u2588\u2588\u2588\u2588\u2588\u2588\u2588\u2588\u2588\u2588\u2588\u2588\u2588\u2588\u2588\u2588\u2588\u2588\u2588\u2588\u2588\u2588\u2588\u2588\u2588\u2588\u2588\u2588\u2588\u2588\u2588\u2588\u2588\u2588\u2588\u2588\u2588\u2588\u2588\u2588\u2588\u2588\u2588\u2588\u2588\u2588\u2588\u2588\u2588\u2588\u2588\u2588\u2588\u2588\u2588\u2588\u2588\u2588\u2588\u2588\u2588\u2588\u2588\u2588\u2588\u2588\u2588\u2588\u2588\u2588\u2588\u2588\u2588\u2588\u2588\u2588\u2588\u2588\u2588\u2588\u2588\u2588\u2588\u2588\u2588\u2588\u2588\u2588\u2588\u2588\u2588\u2588\u2588\u2588\u2588\u2588\u2588\u2588\u2588\u2588\u2588\u2588\u2588\u2588\u2588\u2588\u2588\u2588\u2588\u2588\u2588\u2588\u2588\u2588\u2588\u258b     | 1163/1207 [00:17<00:00, 67.62it/s]", "step": null, "ts": 1730799723.1008675}]}, "version": 500, "at": 1730799723.1009324}
{"obj": {"type": "LogStrings", "path": ["monitoring", "552629ed", "stderr"], "values": [{"value": "\r 97%|\u2588\u2588\u2588\u2588\u2588\u2588\u2588\u2588\u2588\u2588\u2588\u2588\u2588\u2588\u2588\u2588\u2588\u2588\u2588\u2588\u2588\u2588\u2588\u2588\u2588\u2588\u2588\u2588\u2588\u2588\u2588\u2588\u2588\u2588\u2588\u2588\u2588\u2588\u2588\u2588\u2588\u2588\u2588\u2588\u2588\u2588\u2588\u2588\u2588\u2588\u2588\u2588\u2588\u2588\u2588\u2588\u2588\u2588\u2588\u2588\u2588\u2588\u2588\u2588\u2588\u2588\u2588\u2588\u2588\u2588\u2588\u2588\u2588\u2588\u2588\u2588\u2588\u2588\u2588\u2588\u2588\u2588\u2588\u2588\u2588\u2588\u2588\u2588\u2588\u2588\u2588\u2588\u2588\u2588\u2588\u2588\u2588\u2588\u2588\u2588\u2588\u2588\u2588\u2588\u2588\u2588\u2588\u2588\u2588\u2588\u2588\u2588\u2588\u2588\u2588\u2588\u2588\u2588\u2588\u2588\u2588\u2588\u2588\u2588\u2588\u2588\u2588\u2588\u2588\u2588\u2588\u2588\u2588\u2588\u2588\u2588\u2588\u2588\u2588\u2588\u2588\u2588\u258c    | 1171/1207 [00:17<00:00, 69.66it/s]", "step": null, "ts": 1730799723.2080712}]}, "version": 501, "at": 1730799723.2081487}
{"obj": {"type": "LogStrings", "path": ["monitoring", "552629ed", "stderr"], "values": [{"value": "\r 98%|\u2588\u2588\u2588\u2588\u2588\u2588\u2588\u2588\u2588\u2588\u2588\u2588\u2588\u2588\u2588\u2588\u2588\u2588\u2588\u2588\u2588\u2588\u2588\u2588\u2588\u2588\u2588\u2588\u2588\u2588\u2588\u2588\u2588\u2588\u2588\u2588\u2588\u2588\u2588\u2588\u2588\u2588\u2588\u2588\u2588\u2588\u2588\u2588\u2588\u2588\u2588\u2588\u2588\u2588\u2588\u2588\u2588\u2588\u2588\u2588\u2588\u2588\u2588\u2588\u2588\u2588\u2588\u2588\u2588\u2588\u2588\u2588\u2588\u2588\u2588\u2588\u2588\u2588\u2588\u2588\u2588\u2588\u2588\u2588\u2588\u2588\u2588\u2588\u2588\u2588\u2588\u2588\u2588\u2588\u2588\u2588\u2588\u2588\u2588\u2588\u2588\u2588\u2588\u2588\u2588\u2588\u2588\u2588\u2588\u2588\u2588\u2588\u2588\u2588\u2588\u2588\u2588\u2588\u2588\u2588\u2588\u2588\u2588\u2588\u2588\u2588\u2588\u2588\u2588\u2588\u2588\u2588\u2588\u2588\u2588\u2588\u2588\u2588\u2588\u2588\u2588\u2588\u2588\u258c   | 1179/1207 [00:17<00:00, 71.06it/s]", "step": null, "ts": 1730799723.3157809}]}, "version": 502, "at": 1730799723.3158467}
{"obj": {"type": "LogStrings", "path": ["monitoring", "552629ed", "stderr"], "values": [{"value": "\r 98%|\u2588\u2588\u2588\u2588\u2588\u2588\u2588\u2588\u2588\u2588\u2588\u2588\u2588\u2588\u2588\u2588\u2588\u2588\u2588\u2588\u2588\u2588\u2588\u2588\u2588\u2588\u2588\u2588\u2588\u2588\u2588\u2588\u2588\u2588\u2588\u2588\u2588\u2588\u2588\u2588\u2588\u2588\u2588\u2588\u2588\u2588\u2588\u2588\u2588\u2588\u2588\u2588\u2588\u2588\u2588\u2588\u2588\u2588\u2588\u2588\u2588\u2588\u2588\u2588\u2588\u2588\u2588\u2588\u2588\u2588\u2588\u2588\u2588\u2588\u2588\u2588\u2588\u2588\u2588\u2588\u2588\u2588\u2588\u2588\u2588\u2588\u2588\u2588\u2588\u2588\u2588\u2588\u2588\u2588\u2588\u2588\u2588\u2588\u2588\u2588\u2588\u2588\u2588\u2588\u2588\u2588\u2588\u2588\u2588\u2588\u2588\u2588\u2588\u2588\u2588\u2588\u2588\u2588\u2588\u2588\u2588\u2588\u2588\u2588\u2588\u2588\u2588\u2588\u2588\u2588\u2588\u2588\u2588\u2588\u2588\u2588\u2588\u2588\u2588\u2588\u2588\u2588\u2588\u2588\u258c  | 1187/1207 [00:17<00:00, 71.84it/s]", "step": null, "ts": 1730799723.424177}]}, "version": 503, "at": 1730799723.424238}
{"obj": {"type": "LogStrings", "path": ["monitoring", "552629ed", "stderr"], "values": [{"value": "\r 99%|\u2588\u2588\u2588\u2588\u2588\u2588\u2588\u2588\u2588\u2588\u2588\u2588\u2588\u2588\u2588\u2588\u2588\u2588\u2588\u2588\u2588\u2588\u2588\u2588\u2588\u2588\u2588\u2588\u2588\u2588\u2588\u2588\u2588\u2588\u2588\u2588\u2588\u2588\u2588\u2588\u2588\u2588\u2588\u2588\u2588\u2588\u2588\u2588\u2588\u2588\u2588\u2588\u2588\u2588\u2588\u2588\u2588\u2588\u2588\u2588\u2588\u2588\u2588\u2588\u2588\u2588\u2588\u2588\u2588\u2588\u2588\u2588\u2588\u2588\u2588\u2588\u2588\u2588\u2588\u2588\u2588\u2588\u2588\u2588\u2588\u2588\u2588\u2588\u2588\u2588\u2588\u2588\u2588\u2588\u2588\u2588\u2588\u2588\u2588\u2588\u2588\u2588\u2588\u2588\u2588\u2588\u2588\u2588\u2588\u2588\u2588\u2588\u2588\u2588\u2588\u2588\u2588\u2588\u2588\u2588\u2588\u2588\u2588\u2588\u2588\u2588\u2588\u2588\u2588\u2588\u2588\u2588\u2588\u2588\u2588\u2588\u2588\u2588\u2588\u2588\u2588\u2588\u2588\u2588\u2588\u258c | 1195/1207 [00:17<00:00, 71.71it/s]", "step": null, "ts": 1730799723.536174}]}, "version": 504, "at": 1730799723.5362313}
{"obj": {"type": "LogStrings", "path": ["monitoring", "552629ed", "stderr"], "values": [{"value": "\r100%|\u2588\u2588\u2588\u2588\u2588\u2588\u2588\u2588\u2588\u2588\u2588\u2588\u2588\u2588\u2588\u2588\u2588\u2588\u2588\u2588\u2588\u2588\u2588\u2588\u2588\u2588\u2588\u2588\u2588\u2588\u2588\u2588\u2588\u2588\u2588\u2588\u2588\u2588\u2588\u2588\u2588\u2588\u2588\u2588\u2588\u2588\u2588\u2588\u2588\u2588\u2588\u2588\u2588\u2588\u2588\u2588\u2588\u2588\u2588\u2588\u2588\u2588\u2588\u2588\u2588\u2588\u2588\u2588\u2588\u2588\u2588\u2588\u2588\u2588\u2588\u2588\u2588\u2588\u2588\u2588\u2588\u2588\u2588\u2588\u2588\u2588\u2588\u2588\u2588\u2588\u2588\u2588\u2588\u2588\u2588\u2588\u2588\u2588\u2588\u2588\u2588\u2588\u2588\u2588\u2588\u2588\u2588\u2588\u2588\u2588\u2588\u2588\u2588\u2588\u2588\u2588\u2588\u2588\u2588\u2588\u2588\u2588\u2588\u2588\u2588\u2588\u2588\u2588\u2588\u2588\u2588\u2588\u2588\u2588\u2588\u2588\u2588\u2588\u2588\u2588\u2588\u2588\u2588\u2588\u2588\u2588\u258c| 1203/1207 [00:17<00:00, 71.11it/s]", "step": null, "ts": 1730799723.650883}]}, "version": 505, "at": 1730799723.650945}
{"obj": {"type": "LogStrings", "path": ["monitoring", "552629ed", "stderr"], "values": [{"value": "", "step": null, "ts": 1730799723.70637}]}, "version": 506, "at": 1730799723.7064288}
{"obj": {"type": "LogStrings", "path": ["monitoring", "552629ed", "stderr"], "values": [{"value": "\r100%|\u2588\u2588\u2588\u2588\u2588\u2588\u2588\u2588\u2588\u2588\u2588\u2588\u2588\u2588\u2588\u2588\u2588\u2588\u2588\u2588\u2588\u2588\u2588\u2588\u2588\u2588\u2588\u2588\u2588\u2588\u2588\u2588\u2588\u2588\u2588\u2588\u2588\u2588\u2588\u2588\u2588\u2588\u2588\u2588\u2588\u2588\u2588\u2588\u2588\u2588\u2588\u2588\u2588\u2588\u2588\u2588\u2588\u2588\u2588\u2588\u2588\u2588\u2588\u2588\u2588\u2588\u2588\u2588\u2588\u2588\u2588\u2588\u2588\u2588\u2588\u2588\u2588\u2588\u2588\u2588\u2588\u2588\u2588\u2588\u2588\u2588\u2588\u2588\u2588\u2588\u2588\u2588\u2588\u2588\u2588\u2588\u2588\u2588\u2588\u2588\u2588\u2588\u2588\u2588\u2588\u2588\u2588\u2588\u2588\u2588\u2588\u2588\u2588\u2588\u2588\u2588\u2588\u2588\u2588\u2588\u2588\u2588\u2588\u2588\u2588\u2588\u2588\u2588\u2588\u2588\u2588\u2588\u2588\u2588\u2588\u2588\u2588\u2588\u2588\u2588\u2588\u2588\u2588\u2588\u2588\u2588\u2588| 1207/1207 [00:17<00:00, 67.08it/s]", "step": null, "ts": 1730799723.7068794}]}, "version": 507, "at": 1730799723.7069147}
{"obj": {"type": "LogStrings", "path": ["monitoring", "552629ed", "stderr"], "values": [{"value": "\n", "step": null, "ts": 1730799723.707747}]}, "version": 508, "at": 1730799723.707786}
{"obj": {"type": "LogFloats", "path": ["monitoring", "552629ed", "cpu"], "values": [{"value": 37.3, "step": null, "ts": 1730799726.743163}]}, "version": 509, "at": 1730799726.745221}
{"obj": {"type": "LogFloats", "path": ["monitoring", "552629ed", "memory"], "values": [{"value": 10.480758666992188, "step": null, "ts": 1730799726.743163}]}, "version": 510, "at": 1730799726.7454367}
{"obj": {"type": "LogFloats", "path": ["monitoring", "552629ed", "gpu_memory"], "values": [{"value": 1.07916259765625, "step": null, "ts": 1730799726.743163}]}, "version": 511, "at": 1730799726.7455337}
{"obj": {"type": "LogFloats", "path": ["monitoring", "552629ed", "gpu_power"], "values": [{"value": 44.653, "step": null, "ts": 1730799726.743163}]}, "version": 512, "at": 1730799726.7456203}
{"obj": {"type": "LogStrings", "path": ["monitoring", "552629ed", "stdout"], "values": [{"value": "[3/21]", "step": null, "ts": 1730799728.333193}]}, "version": 513, "at": 1730799728.3332443}
{"obj": {"type": "LogStrings", "path": ["monitoring", "552629ed", "stderr"], "values": [{"value": "\r  0%|                                                                                                                                                               | 0/919 [00:00<?, ?it/s]", "step": null, "ts": 1730799728.3336437}]}, "version": 514, "at": 1730799728.3337405}
{"obj": {"type": "LogStrings", "path": ["monitoring", "552629ed", "stdout"], "values": [{"value": "\n", "step": null, "ts": 1730799728.3340993}]}, "version": 515, "at": 1730799728.334132}
{"obj": {"type": "LogStrings", "path": ["monitoring", "552629ed", "stderr"], "values": [{"value": "\r  0%|\u258b                                                                                                                                                      | 4/919 [00:00<00:34, 26.84it/s]", "step": null, "ts": 1730799728.4828844}]}, "version": 516, "at": 1730799728.4830565}
{"obj": {"type": "LogStrings", "path": ["monitoring", "552629ed", "stderr"], "values": [{"value": "\r  1%|\u2588\u258a                                                                                                                                                    | 11/919 [00:00<00:19, 47.00it/s]", "step": null, "ts": 1730799728.5869477}]}, "version": 517, "at": 1730799728.5870574}
{"obj": {"type": "LogStrings", "path": ["monitoring", "552629ed", "stderr"], "values": [{"value": "\r  2%|\u2588\u2588\u2588                                                                                                                                                   | 19/919 [00:00<00:15, 58.51it/s]", "step": null, "ts": 1730799728.6949377}]}, "version": 518, "at": 1730799728.695033}
{"obj": {"type": "LogStrings", "path": ["monitoring", "552629ed", "stderr"], "values": [{"value": "\r  3%|\u2588\u2588\u2588\u2588\u258d                                                                                                                                                 | 27/919 [00:00<00:13, 63.80it/s]", "step": null, "ts": 1730799728.8056004}]}, "version": 519, "at": 1730799728.8057268}
{"obj": {"type": "LogStrings", "path": ["monitoring", "552629ed", "stderr"], "values": [{"value": "\r  4%|\u2588\u2588\u2588\u2588\u2588\u258b                                                                                                                                                | 35/919 [00:00<00:13, 67.37it/s]", "step": null, "ts": 1730799728.9137197}]}, "version": 520, "at": 1730799728.9137936}
{"obj": {"type": "LogStrings", "path": ["monitoring", "552629ed", "stderr"], "values": [{"value": "\r  5%|\u2588\u2588\u2588\u2588\u2588\u2588\u2588                                                                                                                                               | 43/919 [00:00<00:12, 68.80it/s]", "step": null, "ts": 1730799729.025495}]}, "version": 521, "at": 1730799729.0255947}
{"obj": {"type": "LogStrings", "path": ["monitoring", "552629ed", "stderr"], "values": [{"value": "\r  5%|\u2588\u2588\u2588\u2588\u2588\u2588\u2588\u2588\u258f                                                                                                                                             | 50/919 [00:00<00:12, 67.68it/s]", "step": null, "ts": 1730799729.132676}]}, "version": 522, "at": 1730799729.1327853}
{"obj": {"type": "LogStrings", "path": ["monitoring", "552629ed", "stderr"], "values": [{"value": "\r  6%|\u2588\u2588\u2588\u2588\u2588\u2588\u2588\u2588\u2588\u258d                                                                                                                                            | 58/919 [00:00<00:12, 69.39it/s]", "step": null, "ts": 1730799729.2421381}]}, "version": 523, "at": 1730799729.242243}
{"obj": {"type": "LogStrings", "path": ["monitoring", "552629ed", "stderr"], "values": [{"value": "\r  7%|\u2588\u2588\u2588\u2588\u2588\u2588\u2588\u2588\u2588\u2588\u258a                                                                                                                                           | 66/919 [00:01<00:12, 70.90it/s]", "step": null, "ts": 1730799729.3497705}]}, "version": 524, "at": 1730799729.3498795}
{"obj": {"type": "LogStrings", "path": ["monitoring", "552629ed", "stderr"], "values": [{"value": "\r  8%|\u2588\u2588\u2588\u2588\u2588\u2588\u2588\u2588\u2588\u2588\u2588\u2588                                                                                                                                          | 74/919 [00:01<00:14, 58.34it/s]", "step": null, "ts": 1730799729.5396347}]}, "version": 525, "at": 1730799729.5396993}
{"obj": {"type": "LogStrings", "path": ["monitoring", "552629ed", "stderr"], "values": [{"value": "\r  9%|\u2588\u2588\u2588\u2588\u2588\u2588\u2588\u2588\u2588\u2588\u2588\u2588\u2588\u258d                                                                                                                                        | 82/919 [00:01<00:13, 62.57it/s]", "step": null, "ts": 1730799729.6469502}]}, "version": 526, "at": 1730799729.6470253}
{"obj": {"type": "LogStrings", "path": ["monitoring", "552629ed", "stderr"], "values": [{"value": "\r 10%|\u2588\u2588\u2588\u2588\u2588\u2588\u2588\u2588\u2588\u2588\u2588\u2588\u2588\u2588\u258b                                                                                                                                       | 90/919 [00:01<00:12, 65.89it/s]", "step": null, "ts": 1730799729.7538683}]}, "version": 527, "at": 1730799729.75396}
{"obj": {"type": "LogStrings", "path": ["monitoring", "552629ed", "stderr"], "values": [{"value": "\r 11%|\u2588\u2588\u2588\u2588\u2588\u2588\u2588\u2588\u2588\u2588\u2588\u2588\u2588\u2588\u2588\u258a                                                                                                                                      | 97/919 [00:01<00:12, 66.47it/s]", "step": null, "ts": 1730799729.8567622}]}, "version": 528, "at": 1730799729.8568368}
{"obj": {"type": "LogStrings", "path": ["monitoring", "552629ed", "stderr"], "values": [{"value": "\r 11%|\u2588\u2588\u2588\u2588\u2588\u2588\u2588\u2588\u2588\u2588\u2588\u2588\u2588\u2588\u2588\u2588\u258a                                                                                                                                    | 104/919 [00:01<00:12, 67.01it/s]", "step": null, "ts": 1730799729.9591057}]}, "version": 529, "at": 1730799729.9591713}
{"obj": {"type": "LogStrings", "path": ["monitoring", "552629ed", "stderr"], "values": [{"value": "\r 12%|\u2588\u2588\u2588\u2588\u2588\u2588\u2588\u2588\u2588\u2588\u2588\u2588\u2588\u2588\u2588\u2588\u2588\u2589                                                                                                                                   | 111/919 [00:01<00:11, 67.45it/s]", "step": null, "ts": 1730799730.0612297}]}, "version": 530, "at": 1730799730.0613203}
{"obj": {"type": "LogStrings", "path": ["monitoring", "552629ed", "stderr"], "values": [{"value": "\r 13%|\u2588\u2588\u2588\u2588\u2588\u2588\u2588\u2588\u2588\u2588\u2588\u2588\u2588\u2588\u2588\u2588\u2588\u2588\u2588\u258e                                                                                                                                 | 119/919 [00:01<00:11, 69.61it/s]", "step": null, "ts": 1730799730.168566}]}, "version": 531, "at": 1730799730.1686485}
{"obj": {"type": "LogStrings", "path": ["monitoring", "552629ed", "stderr"], "values": [{"value": "\r 14%|\u2588\u2588\u2588\u2588\u2588\u2588\u2588\u2588\u2588\u2588\u2588\u2588\u2588\u2588\u2588\u2588\u2588\u2588\u2588\u2588\u258c                                                                                                                                | 127/919 [00:01<00:11, 68.57it/s]", "step": null, "ts": 1730799730.2887456}]}, "version": 532, "at": 1730799730.2888188}
{"obj": {"type": "LogStrings", "path": ["monitoring", "552629ed", "stderr"], "values": [{"value": "\r 15%|\u2588\u2588\u2588\u2588\u2588\u2588\u2588\u2588\u2588\u2588\u2588\u2588\u2588\u2588\u2588\u2588\u2588\u2588\u2588\u2588\u2588\u258b                                                                                                                               | 134/919 [00:02<00:11, 67.78it/s]", "step": null, "ts": 1730799730.3950443}]}, "version": 533, "at": 1730799730.3951135}
{"obj": {"type": "LogStrings", "path": ["monitoring", "552629ed", "stderr"], "values": [{"value": "\r 15%|\u2588\u2588\u2588\u2588\u2588\u2588\u2588\u2588\u2588\u2588\u2588\u2588\u2588\u2588\u2588\u2588\u2588\u2588\u2588\u2588\u2588\u2588\u258a                                                                                                                              | 141/919 [00:02<00:13, 59.48it/s]", "step": null, "ts": 1730799730.5486295}]}, "version": 534, "at": 1730799730.548693}
{"obj": {"type": "LogStrings", "path": ["monitoring", "552629ed", "stderr"], "values": [{"value": "\r 16%|\u2588\u2588\u2588\u2588\u2588\u2588\u2588\u2588\u2588\u2588\u2588\u2588\u2588\u2588\u2588\u2588\u2588\u2588\u2588\u2588\u2588\u2588\u2588\u2588\u258f                                                                                                                            | 149/919 [00:02<00:12, 62.87it/s]", "step": null, "ts": 1730799730.6603894}]}, "version": 535, "at": 1730799730.6604652}
{"obj": {"type": "LogStrings", "path": ["monitoring", "552629ed", "stderr"], "values": [{"value": "\r 17%|\u2588\u2588\u2588\u2588\u2588\u2588\u2588\u2588\u2588\u2588\u2588\u2588\u2588\u2588\u2588\u2588\u2588\u2588\u2588\u2588\u2588\u2588\u2588\u2588\u2588\u258e                                                                                                                           | 156/919 [00:02<00:11, 63.91it/s]", "step": null, "ts": 1730799730.7653685}]}, "version": 536, "at": 1730799730.765455}
{"obj": {"type": "LogStrings", "path": ["monitoring", "552629ed", "stderr"], "values": [{"value": "\r 18%|\u2588\u2588\u2588\u2588\u2588\u2588\u2588\u2588\u2588\u2588\u2588\u2588\u2588\u2588\u2588\u2588\u2588\u2588\u2588\u2588\u2588\u2588\u2588\u2588\u2588\u2588\u258d                                                                                                                          | 163/919 [00:02<00:11, 64.90it/s]", "step": null, "ts": 1730799730.8691065}]}, "version": 537, "at": 1730799730.8691835}
{"obj": {"type": "LogStrings", "path": ["monitoring", "552629ed", "stderr"], "values": [{"value": "\r 18%|\u2588\u2588\u2588\u2588\u2588\u2588\u2588\u2588\u2588\u2588\u2588\u2588\u2588\u2588\u2588\u2588\u2588\u2588\u2588\u2588\u2588\u2588\u2588\u2588\u2588\u2588\u2588\u258c                                                                                                                         | 170/919 [00:02<00:11, 64.91it/s]", "step": null, "ts": 1730799730.9768648}]}, "version": 538, "at": 1730799730.9769502}
{"obj": {"type": "LogStrings", "path": ["monitoring", "552629ed", "stderr"], "values": [{"value": "\r 19%|\u2588\u2588\u2588\u2588\u2588\u2588\u2588\u2588\u2588\u2588\u2588\u2588\u2588\u2588\u2588\u2588\u2588\u2588\u2588\u2588\u2588\u2588\u2588\u2588\u2588\u2588\u2588\u2588\u258b                                                                                                                        | 177/919 [00:02<00:11, 65.23it/s]", "step": null, "ts": 1730799731.08293}]}, "version": 539, "at": 1730799731.0830328}
{"obj": {"type": "LogStrings", "path": ["monitoring", "552629ed", "stderr"], "values": [{"value": "\r 20%|\u2588\u2588\u2588\u2588\u2588\u2588\u2588\u2588\u2588\u2588\u2588\u2588\u2588\u2588\u2588\u2588\u2588\u2588\u2588\u2588\u2588\u2588\u2588\u2588\u2588\u2588\u2588\u2588\u2588\u258a                                                                                                                       | 184/919 [00:02<00:11, 65.38it/s]", "step": null, "ts": 1730799731.1894493}]}, "version": 540, "at": 1730799731.1895146}
{"obj": {"type": "LogStrings", "path": ["monitoring", "552629ed", "stderr"], "values": [{"value": "\r 21%|\u2588\u2588\u2588\u2588\u2588\u2588\u2588\u2588\u2588\u2588\u2588\u2588\u2588\u2588\u2588\u2588\u2588\u2588\u2588\u2588\u2588\u2588\u2588\u2588\u2588\u2588\u2588\u2588\u2588\u2588\u2589                                                                                                                      | 191/919 [00:02<00:11, 65.36it/s]", "step": null, "ts": 1730799731.296659}]}, "version": 541, "at": 1730799731.2967405}
{"obj": {"type": "LogStrings", "path": ["monitoring", "552629ed", "stderr"], "values": [{"value": "\r 22%|\u2588\u2588\u2588\u2588\u2588\u2588\u2588\u2588\u2588\u2588\u2588\u2588\u2588\u2588\u2588\u2588\u2588\u2588\u2588\u2588\u2588\u2588\u2588\u2588\u2588\u2588\u2588\u2588\u2588\u2588\u2588\u2588                                                                                                                     | 198/919 [00:03<00:11, 64.17it/s]", "step": null, "ts": 1730799731.410424}]}, "version": 542, "at": 1730799731.4105093}
{"obj": {"type": "LogStrings", "path": ["monitoring", "552629ed", "stderr"], "values": [{"value": "\r 22%|\u2588\u2588\u2588\u2588\u2588\u2588\u2588\u2588\u2588\u2588\u2588\u2588\u2588\u2588\u2588\u2588\u2588\u2588\u2588\u2588\u2588\u2588\u2588\u2588\u2588\u2588\u2588\u2588\u2588\u2588\u2588\u2588\u2588\u258f                                                                                                                   | 205/919 [00:03<00:11, 64.66it/s]", "step": null, "ts": 1730799731.5167003}]}, "version": 543, "at": 1730799731.516775}
{"obj": {"type": "LogStrings", "path": ["monitoring", "552629ed", "stderr"], "values": [{"value": "\r 23%|\u2588\u2588\u2588\u2588\u2588\u2588\u2588\u2588\u2588\u2588\u2588\u2588\u2588\u2588\u2588\u2588\u2588\u2588\u2588\u2588\u2588\u2588\u2588\u2588\u2588\u2588\u2588\u2588\u2588\u2588\u2588\u2588\u2588\u2588\u258e                                                                                                                  | 212/919 [00:03<00:10, 65.13it/s]", "step": null, "ts": 1730799731.6223137}]}, "version": 544, "at": 1730799731.6224022}
{"obj": {"type": "LogStrings", "path": ["monitoring", "552629ed", "stderr"], "values": [{"value": "\r 24%|\u2588\u2588\u2588\u2588\u2588\u2588\u2588\u2588\u2588\u2588\u2588\u2588\u2588\u2588\u2588\u2588\u2588\u2588\u2588\u2588\u2588\u2588\u2588\u2588\u2588\u2588\u2588\u2588\u2588\u2588\u2588\u2588\u2588\u2588\u2588\u258c                                                                                                                 | 219/919 [00:03<00:10, 65.29it/s]", "step": null, "ts": 1730799731.7289243}]}, "version": 545, "at": 1730799731.7290044}
{"obj": {"type": "LogStrings", "path": ["monitoring", "552629ed", "stderr"], "values": [{"value": "\r 25%|\u2588\u2588\u2588\u2588\u2588\u2588\u2588\u2588\u2588\u2588\u2588\u2588\u2588\u2588\u2588\u2588\u2588\u2588\u2588\u2588\u2588\u2588\u2588\u2588\u2588\u2588\u2588\u2588\u2588\u2588\u2588\u2588\u2588\u2588\u2588\u2588\u258b                                                                                                                | 226/919 [00:03<00:10, 65.60it/s]", "step": null, "ts": 1730799731.8344433}]}, "version": 546, "at": 1730799731.8345168}
{"obj": {"type": "LogStrings", "path": ["monitoring", "552629ed", "stderr"], "values": [{"value": "\r 25%|\u2588\u2588\u2588\u2588\u2588\u2588\u2588\u2588\u2588\u2588\u2588\u2588\u2588\u2588\u2588\u2588\u2588\u2588\u2588\u2588\u2588\u2588\u2588\u2588\u2588\u2588\u2588\u2588\u2588\u2588\u2588\u2588\u2588\u2588\u2588\u2588\u2588\u258a                                                                                                               | 233/919 [00:03<00:10, 65.62it/s]", "step": null, "ts": 1730799731.9410586}]}, "version": 547, "at": 1730799731.941142}
{"obj": {"type": "LogStrings", "path": ["monitoring", "552629ed", "stderr"], "values": [{"value": "\r 26%|\u2588\u2588\u2588\u2588\u2588\u2588\u2588\u2588\u2588\u2588\u2588\u2588\u2588\u2588\u2588\u2588\u2588\u2588\u2588\u2588\u2588\u2588\u2588\u2588\u2588\u2588\u2588\u2588\u2588\u2588\u2588\u2588\u2588\u2588\u2588\u2588\u2588\u2588\u2589                                                                                                              | 240/919 [00:03<00:10, 65.79it/s]", "step": null, "ts": 1730799732.0467732}]}, "version": 548, "at": 1730799732.0468462}
{"obj": {"type": "LogStrings", "path": ["monitoring", "552629ed", "stderr"], "values": [{"value": "\r 27%|\u2588\u2588\u2588\u2588\u2588\u2588\u2588\u2588\u2588\u2588\u2588\u2588\u2588\u2588\u2588\u2588\u2588\u2588\u2588\u2588\u2588\u2588\u2588\u2588\u2588\u2588\u2588\u2588\u2588\u2588\u2588\u2588\u2588\u2588\u2588\u2588\u2588\u2588\u2588\u2588                                                                                                             | 247/919 [00:03<00:10, 65.81it/s]", "step": null, "ts": 1730799732.1530764}]}, "version": 549, "at": 1730799732.153159}
{"obj": {"type": "LogStrings", "path": ["monitoring", "552629ed", "stderr"], "values": [{"value": "\r 28%|\u2588\u2588\u2588\u2588\u2588\u2588\u2588\u2588\u2588\u2588\u2588\u2588\u2588\u2588\u2588\u2588\u2588\u2588\u2588\u2588\u2588\u2588\u2588\u2588\u2588\u2588\u2588\u2588\u2588\u2588\u2588\u2588\u2588\u2588\u2588\u2588\u2588\u2588\u2588\u2588\u2588\u258f                                                                                                           | 254/919 [00:03<00:10, 65.71it/s]", "step": null, "ts": 1730799732.2599254}]}, "version": 550, "at": 1730799732.2599957}
{"obj": {"type": "LogStrings", "path": ["monitoring", "552629ed", "stderr"], "values": [{"value": "\r 28%|\u2588\u2588\u2588\u2588\u2588\u2588\u2588\u2588\u2588\u2588\u2588\u2588\u2588\u2588\u2588\u2588\u2588\u2588\u2588\u2588\u2588\u2588\u2588\u2588\u2588\u2588\u2588\u2588\u2588\u2588\u2588\u2588\u2588\u2588\u2588\u2588\u2588\u2588\u2588\u2588\u2588\u2588\u258e                                                                                                          | 261/919 [00:04<00:09, 65.88it/s]", "step": null, "ts": 1730799732.3656628}]}, "version": 551, "at": 1730799732.365753}
{"obj": {"type": "LogStrings", "path": ["monitoring", "552629ed", "stderr"], "values": [{"value": "\r 29%|\u2588\u2588\u2588\u2588\u2588\u2588\u2588\u2588\u2588\u2588\u2588\u2588\u2588\u2588\u2588\u2588\u2588\u2588\u2588\u2588\u2588\u2588\u2588\u2588\u2588\u2588\u2588\u2588\u2588\u2588\u2588\u2588\u2588\u2588\u2588\u2588\u2588\u2588\u2588\u2588\u2588\u2588\u2588\u258d                                                                                                         | 268/919 [00:04<00:09, 65.65it/s]", "step": null, "ts": 1730799732.4730644}]}, "version": 552, "at": 1730799732.473139}
{"obj": {"type": "LogStrings", "path": ["monitoring", "552629ed", "stderr"], "values": [{"value": "\r 30%|\u2588\u2588\u2588\u2588\u2588\u2588\u2588\u2588\u2588\u2588\u2588\u2588\u2588\u2588\u2588\u2588\u2588\u2588\u2588\u2588\u2588\u2588\u2588\u2588\u2588\u2588\u2588\u2588\u2588\u2588\u2588\u2588\u2588\u2588\u2588\u2588\u2588\u2588\u2588\u2588\u2588\u2588\u2588\u2588\u258c                                                                                                        | 275/919 [00:04<00:09, 65.85it/s]", "step": null, "ts": 1730799732.578653}]}, "version": 553, "at": 1730799732.5787213}
{"obj": {"type": "LogStrings", "path": ["monitoring", "552629ed", "stderr"], "values": [{"value": "\r 31%|\u2588\u2588\u2588\u2588\u2588\u2588\u2588\u2588\u2588\u2588\u2588\u2588\u2588\u2588\u2588\u2588\u2588\u2588\u2588\u2588\u2588\u2588\u2588\u2588\u2588\u2588\u2588\u2588\u2588\u2588\u2588\u2588\u2588\u2588\u2588\u2588\u2588\u2588\u2588\u2588\u2588\u2588\u2588\u2588\u2588\u258b                                                                                                       | 282/919 [00:04<00:09, 65.41it/s]", "step": null, "ts": 1730799732.6873357}]}, "version": 554, "at": 1730799732.6873918}
{"obj": {"type": "LogStrings", "path": ["monitoring", "552629ed", "stderr"], "values": [{"value": "\r 31%|\u2588\u2588\u2588\u2588\u2588\u2588\u2588\u2588\u2588\u2588\u2588\u2588\u2588\u2588\u2588\u2588\u2588\u2588\u2588\u2588\u2588\u2588\u2588\u2588\u2588\u2588\u2588\u2588\u2588\u2588\u2588\u2588\u2588\u2588\u2588\u2588\u2588\u2588\u2588\u2588\u2588\u2588\u2588\u2588\u2588\u2588\u258a                                                                                                      | 289/919 [00:04<00:09, 65.20it/s]", "step": null, "ts": 1730799732.795483}]}, "version": 555, "at": 1730799732.7955523}
{"obj": {"type": "LogStrings", "path": ["monitoring", "552629ed", "stderr"], "values": [{"value": "\r 32%|\u2588\u2588\u2588\u2588\u2588\u2588\u2588\u2588\u2588\u2588\u2588\u2588\u2588\u2588\u2588\u2588\u2588\u2588\u2588\u2588\u2588\u2588\u2588\u2588\u2588\u2588\u2588\u2588\u2588\u2588\u2588\u2588\u2588\u2588\u2588\u2588\u2588\u2588\u2588\u2588\u2588\u2588\u2588\u2588\u2588\u2588\u2588\u2588\u258f                                                                                                    | 297/919 [00:04<00:09, 67.91it/s]", "step": null, "ts": 1730799732.9032853}]}, "version": 556, "at": 1730799732.9033575}
{"obj": {"type": "LogStrings", "path": ["monitoring", "552629ed", "stderr"], "values": [{"value": "\r 33%|\u2588\u2588\u2588\u2588\u2588\u2588\u2588\u2588\u2588\u2588\u2588\u2588\u2588\u2588\u2588\u2588\u2588\u2588\u2588\u2588\u2588\u2588\u2588\u2588\u2588\u2588\u2588\u2588\u2588\u2588\u2588\u2588\u2588\u2588\u2588\u2588\u2588\u2588\u2588\u2588\u2588\u2588\u2588\u2588\u2588\u2588\u2588\u2588\u2588\u258d                                                                                                   | 305/919 [00:04<00:08, 69.69it/s]", "step": null, "ts": 1730799733.0117419}]}, "version": 557, "at": 1730799733.011817}
{"obj": {"type": "LogStrings", "path": ["monitoring", "552629ed", "stderr"], "values": [{"value": "\r 34%|\u2588\u2588\u2588\u2588\u2588\u2588\u2588\u2588\u2588\u2588\u2588\u2588\u2588\u2588\u2588\u2588\u2588\u2588\u2588\u2588\u2588\u2588\u2588\u2588\u2588\u2588\u2588\u2588\u2588\u2588\u2588\u2588\u2588\u2588\u2588\u2588\u2588\u2588\u2588\u2588\u2588\u2588\u2588\u2588\u2588\u2588\u2588\u2588\u2588\u2588\u258b                                                                                                  | 313/919 [00:04<00:08, 70.94it/s]", "step": null, "ts": 1730799733.1200058}]}, "version": 558, "at": 1730799733.1200645}
{"obj": {"type": "LogStrings", "path": ["monitoring", "552629ed", "stderr"], "values": [{"value": "\r 35%|\u2588\u2588\u2588\u2588\u2588\u2588\u2588\u2588\u2588\u2588\u2588\u2588\u2588\u2588\u2588\u2588\u2588\u2588\u2588\u2588\u2588\u2588\u2588\u2588\u2588\u2588\u2588\u2588\u2588\u2588\u2588\u2588\u2588\u2588\u2588\u2588\u2588\u2588\u2588\u2588\u2588\u2588\u2588\u2588\u2588\u2588\u2588\u2588\u2588\u2588\u2588\u2588                                                                                                 | 321/919 [00:04<00:08, 71.85it/s]", "step": null, "ts": 1730799733.2281897}]}, "version": 559, "at": 1730799733.2282534}
{"obj": {"type": "LogStrings", "path": ["monitoring", "552629ed", "stderr"], "values": [{"value": "\r 36%|\u2588\u2588\u2588\u2588\u2588\u2588\u2588\u2588\u2588\u2588\u2588\u2588\u2588\u2588\u2588\u2588\u2588\u2588\u2588\u2588\u2588\u2588\u2588\u2588\u2588\u2588\u2588\u2588\u2588\u2588\u2588\u2588\u2588\u2588\u2588\u2588\u2588\u2588\u2588\u2588\u2588\u2588\u2588\u2588\u2588\u2588\u2588\u2588\u2588\u2588\u2588\u2588\u2588\u258e                                                                                               | 329/919 [00:05<00:08, 72.35it/s]", "step": null, "ts": 1730799733.337046}]}, "version": 560, "at": 1730799733.337121}
{"obj": {"type": "LogStrings", "path": ["monitoring", "552629ed", "stderr"], "values": [{"value": "\r 37%|\u2588\u2588\u2588\u2588\u2588\u2588\u2588\u2588\u2588\u2588\u2588\u2588\u2588\u2588\u2588\u2588\u2588\u2588\u2588\u2588\u2588\u2588\u2588\u2588\u2588\u2588\u2588\u2588\u2588\u2588\u2588\u2588\u2588\u2588\u2588\u2588\u2588\u2588\u2588\u2588\u2588\u2588\u2588\u2588\u2588\u2588\u2588\u2588\u2588\u2588\u2588\u2588\u2588\u2588\u258b                                                                                              | 337/919 [00:05<00:08, 72.41it/s]", "step": null, "ts": 1730799733.4473157}]}, "version": 561, "at": 1730799733.44738}
{"obj": {"type": "LogStrings", "path": ["monitoring", "552629ed", "stderr"], "values": [{"value": "\r 38%|\u2588\u2588\u2588\u2588\u2588\u2588\u2588\u2588\u2588\u2588\u2588\u2588\u2588\u2588\u2588\u2588\u2588\u2588\u2588\u2588\u2588\u2588\u2588\u2588\u2588\u2588\u2588\u2588\u2588\u2588\u2588\u2588\u2588\u2588\u2588\u2588\u2588\u2588\u2588\u2588\u2588\u2588\u2588\u2588\u2588\u2588\u2588\u2588\u2588\u2588\u2588\u2588\u2588\u2588\u2588\u2589                                                                                             | 345/919 [00:05<00:08, 70.46it/s]", "step": null, "ts": 1730799733.567872}]}, "version": 562, "at": 1730799733.5679355}
{"obj": {"type": "LogStrings", "path": ["monitoring", "552629ed", "stderr"], "values": [{"value": "\r 38%|\u2588\u2588\u2588\u2588\u2588\u2588\u2588\u2588\u2588\u2588\u2588\u2588\u2588\u2588\u2588\u2588\u2588\u2588\u2588\u2588\u2588\u2588\u2588\u2588\u2588\u2588\u2588\u2588\u2588\u2588\u2588\u2588\u2588\u2588\u2588\u2588\u2588\u2588\u2588\u2588\u2588\u2588\u2588\u2588\u2588\u2588\u2588\u2588\u2588\u2588\u2588\u2588\u2588\u2588\u2588\u2588\u2588\u258f                                                                                           | 353/919 [00:05<00:08, 69.52it/s]", "step": null, "ts": 1730799733.6867292}]}, "version": 563, "at": 1730799733.6868086}
{"obj": {"type": "LogStrings", "path": ["monitoring", "552629ed", "stderr"], "values": [{"value": "\r 39%|\u2588\u2588\u2588\u2588\u2588\u2588\u2588\u2588\u2588\u2588\u2588\u2588\u2588\u2588\u2588\u2588\u2588\u2588\u2588\u2588\u2588\u2588\u2588\u2588\u2588\u2588\u2588\u2588\u2588\u2588\u2588\u2588\u2588\u2588\u2588\u2588\u2588\u2588\u2588\u2588\u2588\u2588\u2588\u2588\u2588\u2588\u2588\u2588\u2588\u2588\u2588\u2588\u2588\u2588\u2588\u2588\u2588\u2588\u258e                                                                                          | 360/919 [00:05<00:08, 67.30it/s]", "step": null, "ts": 1730799733.799469}]}, "version": 564, "at": 1730799733.7995641}
{"obj": {"type": "LogStrings", "path": ["monitoring", "552629ed", "stderr"], "values": [{"value": "\r 40%|\u2588\u2588\u2588\u2588\u2588\u2588\u2588\u2588\u2588\u2588\u2588\u2588\u2588\u2588\u2588\u2588\u2588\u2588\u2588\u2588\u2588\u2588\u2588\u2588\u2588\u2588\u2588\u2588\u2588\u2588\u2588\u2588\u2588\u2588\u2588\u2588\u2588\u2588\u2588\u2588\u2588\u2588\u2588\u2588\u2588\u2588\u2588\u2588\u2588\u2588\u2588\u2588\u2588\u2588\u2588\u2588\u2588\u2588\u2588\u258c                                                                                         | 367/919 [00:05<00:08, 66.55it/s]", "step": null, "ts": 1730799733.90755}]}, "version": 565, "at": 1730799733.9076405}
{"obj": {"type": "LogStrings", "path": ["monitoring", "552629ed", "stderr"], "values": [{"value": "\r 41%|\u2588\u2588\u2588\u2588\u2588\u2588\u2588\u2588\u2588\u2588\u2588\u2588\u2588\u2588\u2588\u2588\u2588\u2588\u2588\u2588\u2588\u2588\u2588\u2588\u2588\u2588\u2588\u2588\u2588\u2588\u2588\u2588\u2588\u2588\u2588\u2588\u2588\u2588\u2588\u2588\u2588\u2588\u2588\u2588\u2588\u2588\u2588\u2588\u2588\u2588\u2588\u2588\u2588\u2588\u2588\u2588\u2588\u2588\u2588\u2588\u258b                                                                                        | 374/919 [00:05<00:08, 65.97it/s]", "step": null, "ts": 1730799734.0159335}]}, "version": 566, "at": 1730799734.0160158}
{"obj": {"type": "LogStrings", "path": ["monitoring", "552629ed", "stderr"], "values": [{"value": "\r 41%|\u2588\u2588\u2588\u2588\u2588\u2588\u2588\u2588\u2588\u2588\u2588\u2588\u2588\u2588\u2588\u2588\u2588\u2588\u2588\u2588\u2588\u2588\u2588\u2588\u2588\u2588\u2588\u2588\u2588\u2588\u2588\u2588\u2588\u2588\u2588\u2588\u2588\u2588\u2588\u2588\u2588\u2588\u2588\u2588\u2588\u2588\u2588\u2588\u2588\u2588\u2588\u2588\u2588\u2588\u2588\u2588\u2588\u2588\u2588\u2588\u2588\u258a                                                                                       | 381/919 [00:05<00:08, 65.80it/s]", "step": null, "ts": 1730799734.1230326}]}, "version": 567, "at": 1730799734.1231046}
{"obj": {"type": "LogStrings", "path": ["monitoring", "552629ed", "stderr"], "values": [{"value": "\r 42%|\u2588\u2588\u2588\u2588\u2588\u2588\u2588\u2588\u2588\u2588\u2588\u2588\u2588\u2588\u2588\u2588\u2588\u2588\u2588\u2588\u2588\u2588\u2588\u2588\u2588\u2588\u2588\u2588\u2588\u2588\u2588\u2588\u2588\u2588\u2588\u2588\u2588\u2588\u2588\u2588\u2588\u2588\u2588\u2588\u2588\u2588\u2588\u2588\u2588\u2588\u2588\u2588\u2588\u2588\u2588\u2588\u2588\u2588\u2588\u2588\u2588\u2588\u2589                                                                                      | 388/919 [00:05<00:07, 66.92it/s]", "step": null, "ts": 1730799734.2232995}]}, "version": 568, "at": 1730799734.2233748}
{"obj": {"type": "LogStrings", "path": ["monitoring", "552629ed", "stderr"], "values": [{"value": "\r 43%|\u2588\u2588\u2588\u2588\u2588\u2588\u2588\u2588\u2588\u2588\u2588\u2588\u2588\u2588\u2588\u2588\u2588\u2588\u2588\u2588\u2588\u2588\u2588\u2588\u2588\u2588\u2588\u2588\u2588\u2588\u2588\u2588\u2588\u2588\u2588\u2588\u2588\u2588\u2588\u2588\u2588\u2588\u2588\u2588\u2588\u2588\u2588\u2588\u2588\u2588\u2588\u2588\u2588\u2588\u2588\u2588\u2588\u2588\u2588\u2588\u2588\u2588\u2588\u2588                                                                                     | 395/919 [00:05<00:07, 67.03it/s]", "step": null, "ts": 1730799734.3273451}]}, "version": 569, "at": 1730799734.3274167}
{"obj": {"type": "LogStrings", "path": ["monitoring", "552629ed", "stderr"], "values": [{"value": "\r 44%|\u2588\u2588\u2588\u2588\u2588\u2588\u2588\u2588\u2588\u2588\u2588\u2588\u2588\u2588\u2588\u2588\u2588\u2588\u2588\u2588\u2588\u2588\u2588\u2588\u2588\u2588\u2588\u2588\u2588\u2588\u2588\u2588\u2588\u2588\u2588\u2588\u2588\u2588\u2588\u2588\u2588\u2588\u2588\u2588\u2588\u2588\u2588\u2588\u2588\u2588\u2588\u2588\u2588\u2588\u2588\u2588\u2588\u2588\u2588\u2588\u2588\u2588\u2588\u2588\u2588\u258f                                                                                   | 402/919 [00:06<00:07, 67.28it/s]", "step": null, "ts": 1730799734.4305234}]}, "version": 570, "at": 1730799734.4306114}
{"obj": {"type": "LogStrings", "path": ["monitoring", "552629ed", "stderr"], "values": [{"value": "\r 45%|\u2588\u2588\u2588\u2588\u2588\u2588\u2588\u2588\u2588\u2588\u2588\u2588\u2588\u2588\u2588\u2588\u2588\u2588\u2588\u2588\u2588\u2588\u2588\u2588\u2588\u2588\u2588\u2588\u2588\u2588\u2588\u2588\u2588\u2588\u2588\u2588\u2588\u2588\u2588\u2588\u2588\u2588\u2588\u2588\u2588\u2588\u2588\u2588\u2588\u2588\u2588\u2588\u2588\u2588\u2588\u2588\u2588\u2588\u2588\u2588\u2588\u2588\u2588\u2588\u2588\u2588\u258e                                                                                  | 409/919 [00:06<00:07, 66.68it/s]", "step": null, "ts": 1730799734.5376353}]}, "version": 571, "at": 1730799734.537708}
{"obj": {"type": "LogStrings", "path": ["monitoring", "552629ed", "stderr"], "values": [{"value": "\r 45%|\u2588\u2588\u2588\u2588\u2588\u2588\u2588\u2588\u2588\u2588\u2588\u2588\u2588\u2588\u2588\u2588\u2588\u2588\u2588\u2588\u2588\u2588\u2588\u2588\u2588\u2588\u2588\u2588\u2588\u2588\u2588\u2588\u2588\u2588\u2588\u2588\u2588\u2588\u2588\u2588\u2588\u2588\u2588\u2588\u2588\u2588\u2588\u2588\u2588\u2588\u2588\u2588\u2588\u2588\u2588\u2588\u2588\u2588\u2588\u2588\u2588\u2588\u2588\u2588\u2588\u2588\u2588\u258d                                                                                 | 416/919 [00:06<00:09, 53.69it/s]", "step": null, "ts": 1730799734.7277327}]}, "version": 572, "at": 1730799734.7277997}
{"obj": {"type": "LogStrings", "path": ["monitoring", "552629ed", "stderr"], "values": [{"value": "\r 46%|\u2588\u2588\u2588\u2588\u2588\u2588\u2588\u2588\u2588\u2588\u2588\u2588\u2588\u2588\u2588\u2588\u2588\u2588\u2588\u2588\u2588\u2588\u2588\u2588\u2588\u2588\u2588\u2588\u2588\u2588\u2588\u2588\u2588\u2588\u2588\u2588\u2588\u2588\u2588\u2588\u2588\u2588\u2588\u2588\u2588\u2588\u2588\u2588\u2588\u2588\u2588\u2588\u2588\u2588\u2588\u2588\u2588\u2588\u2588\u2588\u2588\u2588\u2588\u2588\u2588\u2588\u2588\u2588\u258c                                                                                | 423/919 [00:06<00:08, 56.90it/s]", "step": null, "ts": 1730799734.8335342}]}, "version": 573, "at": 1730799734.8336046}
{"obj": {"type": "LogStrings", "path": ["monitoring", "552629ed", "stderr"], "values": [{"value": "\r 47%|\u2588\u2588\u2588\u2588\u2588\u2588\u2588\u2588\u2588\u2588\u2588\u2588\u2588\u2588\u2588\u2588\u2588\u2588\u2588\u2588\u2588\u2588\u2588\u2588\u2588\u2588\u2588\u2588\u2588\u2588\u2588\u2588\u2588\u2588\u2588\u2588\u2588\u2588\u2588\u2588\u2588\u2588\u2588\u2588\u2588\u2588\u2588\u2588\u2588\u2588\u2588\u2588\u2588\u2588\u2588\u2588\u2588\u2588\u2588\u2588\u2588\u2588\u2588\u2588\u2588\u2588\u2588\u2588\u2588\u258b                                                                               | 430/919 [00:06<00:08, 59.14it/s]", "step": null, "ts": 1730799734.940996}]}, "version": 574, "at": 1730799734.9410715}
{"obj": {"type": "LogStrings", "path": ["monitoring", "552629ed", "stderr"], "values": [{"value": "\r 48%|\u2588\u2588\u2588\u2588\u2588\u2588\u2588\u2588\u2588\u2588\u2588\u2588\u2588\u2588\u2588\u2588\u2588\u2588\u2588\u2588\u2588\u2588\u2588\u2588\u2588\u2588\u2588\u2588\u2588\u2588\u2588\u2588\u2588\u2588\u2588\u2588\u2588\u2588\u2588\u2588\u2588\u2588\u2588\u2588\u2588\u2588\u2588\u2588\u2588\u2588\u2588\u2588\u2588\u2588\u2588\u2588\u2588\u2588\u2588\u2588\u2588\u2588\u2588\u2588\u2588\u2588\u2588\u2588\u2588\u2588\u258a                                                                              | 437/919 [00:06<00:07, 61.02it/s]", "step": null, "ts": 1730799735.0472655}]}, "version": 575, "at": 1730799735.0473518}
{"obj": {"type": "LogStrings", "path": ["monitoring", "552629ed", "stderr"], "values": [{"value": "\r 48%|\u2588\u2588\u2588\u2588\u2588\u2588\u2588\u2588\u2588\u2588\u2588\u2588\u2588\u2588\u2588\u2588\u2588\u2588\u2588\u2588\u2588\u2588\u2588\u2588\u2588\u2588\u2588\u2588\u2588\u2588\u2588\u2588\u2588\u2588\u2588\u2588\u2588\u2588\u2588\u2588\u2588\u2588\u2588\u2588\u2588\u2588\u2588\u2588\u2588\u2588\u2588\u2588\u2588\u2588\u2588\u2588\u2588\u2588\u2588\u2588\u2588\u2588\u2588\u2588\u2588\u2588\u2588\u2588\u2588\u2588\u2588\u2589                                                                             | 444/919 [00:06<00:07, 62.26it/s]", "step": null, "ts": 1730799735.1542501}]}, "version": 576, "at": 1730799735.1543093}
{"obj": {"type": "LogStrings", "path": ["monitoring", "552629ed", "stderr"], "values": [{"value": "\r 49%|\u2588\u2588\u2588\u2588\u2588\u2588\u2588\u2588\u2588\u2588\u2588\u2588\u2588\u2588\u2588\u2588\u2588\u2588\u2588\u2588\u2588\u2588\u2588\u2588\u2588\u2588\u2588\u2588\u2588\u2588\u2588\u2588\u2588\u2588\u2588\u2588\u2588\u2588\u2588\u2588\u2588\u2588\u2588\u2588\u2588\u2588\u2588\u2588\u2588\u2588\u2588\u2588\u2588\u2588\u2588\u2588\u2588\u2588\u2588\u2588\u2588\u2588\u2588\u2588\u2588\u2588\u2588\u2588\u2588\u2588\u2588\u2588\u2588                                                                            | 451/919 [00:06<00:07, 63.45it/s]", "step": null, "ts": 1730799735.2597125}]}, "version": 577, "at": 1730799735.2597997}
{"obj": {"type": "LogStrings", "path": ["monitoring", "552629ed", "stderr"], "values": [{"value": "\r 50%|\u2588\u2588\u2588\u2588\u2588\u2588\u2588\u2588\u2588\u2588\u2588\u2588\u2588\u2588\u2588\u2588\u2588\u2588\u2588\u2588\u2588\u2588\u2588\u2588\u2588\u2588\u2588\u2588\u2588\u2588\u2588\u2588\u2588\u2588\u2588\u2588\u2588\u2588\u2588\u2588\u2588\u2588\u2588\u2588\u2588\u2588\u2588\u2588\u2588\u2588\u2588\u2588\u2588\u2588\u2588\u2588\u2588\u2588\u2588\u2588\u2588\u2588\u2588\u2588\u2588\u2588\u2588\u2588\u2588\u2588\u2588\u2588\u2588\u2588\u258e                                                                          | 458/919 [00:07<00:07, 64.06it/s]", "step": null, "ts": 1730799735.366564}]}, "version": 578, "at": 1730799735.3666515}
{"obj": {"type": "LogStrings", "path": ["monitoring", "552629ed", "stderr"], "values": [{"value": "\r 51%|\u2588\u2588\u2588\u2588\u2588\u2588\u2588\u2588\u2588\u2588\u2588\u2588\u2588\u2588\u2588\u2588\u2588\u2588\u2588\u2588\u2588\u2588\u2588\u2588\u2588\u2588\u2588\u2588\u2588\u2588\u2588\u2588\u2588\u2588\u2588\u2588\u2588\u2588\u2588\u2588\u2588\u2588\u2588\u2588\u2588\u2588\u2588\u2588\u2588\u2588\u2588\u2588\u2588\u2588\u2588\u2588\u2588\u2588\u2588\u2588\u2588\u2588\u2588\u2588\u2588\u2588\u2588\u2588\u2588\u2588\u2588\u2588\u2588\u2588\u2588\u258d                                                                         | 465/919 [00:07<00:07, 64.40it/s]", "step": null, "ts": 1730799735.4740155}]}, "version": 579, "at": 1730799735.474124}
{"obj": {"type": "LogStrings", "path": ["monitoring", "552629ed", "stderr"], "values": [{"value": "\r 51%|\u2588\u2588\u2588\u2588\u2588\u2588\u2588\u2588\u2588\u2588\u2588\u2588\u2588\u2588\u2588\u2588\u2588\u2588\u2588\u2588\u2588\u2588\u2588\u2588\u2588\u2588\u2588\u2588\u2588\u2588\u2588\u2588\u2588\u2588\u2588\u2588\u2588\u2588\u2588\u2588\u2588\u2588\u2588\u2588\u2588\u2588\u2588\u2588\u2588\u2588\u2588\u2588\u2588\u2588\u2588\u2588\u2588\u2588\u2588\u2588\u2588\u2588\u2588\u2588\u2588\u2588\u2588\u2588\u2588\u2588\u2588\u2588\u2588\u2588\u2588\u2588\u258c                                                                        | 472/919 [00:07<00:06, 64.64it/s]", "step": null, "ts": 1730799735.5813808}]}, "version": 580, "at": 1730799735.5815024}
{"obj": {"type": "LogStrings", "path": ["monitoring", "552629ed", "stderr"], "values": [{"value": "\r 52%|\u2588\u2588\u2588\u2588\u2588\u2588\u2588\u2588\u2588\u2588\u2588\u2588\u2588\u2588\u2588\u2588\u2588\u2588\u2588\u2588\u2588\u2588\u2588\u2588\u2588\u2588\u2588\u2588\u2588\u2588\u2588\u2588\u2588\u2588\u2588\u2588\u2588\u2588\u2588\u2588\u2588\u2588\u2588\u2588\u2588\u2588\u2588\u2588\u2588\u2588\u2588\u2588\u2588\u2588\u2588\u2588\u2588\u2588\u2588\u2588\u2588\u2588\u2588\u2588\u2588\u2588\u2588\u2588\u2588\u2588\u2588\u2588\u2588\u2588\u2588\u2588\u2588\u258b                                                                       | 479/919 [00:07<00:06, 65.22it/s]", "step": null, "ts": 1730799735.6863544}]}, "version": 581, "at": 1730799735.6864388}
{"obj": {"type": "LogStrings", "path": ["monitoring", "552629ed", "stderr"], "values": [{"value": "\r 53%|\u2588\u2588\u2588\u2588\u2588\u2588\u2588\u2588\u2588\u2588\u2588\u2588\u2588\u2588\u2588\u2588\u2588\u2588\u2588\u2588\u2588\u2588\u2588\u2588\u2588\u2588\u2588\u2588\u2588\u2588\u2588\u2588\u2588\u2588\u2588\u2588\u2588\u2588\u2588\u2588\u2588\u2588\u2588\u2588\u2588\u2588\u2588\u2588\u2588\u2588\u2588\u2588\u2588\u2588\u2588\u2588\u2588\u2588\u2588\u2588\u2588\u2588\u2588\u2588\u2588\u2588\u2588\u2588\u2588\u2588\u2588\u2588\u2588\u2588\u2588\u2588\u2588\u2588\u258a                                                                      | 486/919 [00:07<00:06, 64.89it/s]", "step": null, "ts": 1730799735.7954676}]}, "version": 582, "at": 1730799735.7955537}
{"obj": {"type": "LogStrings", "path": ["monitoring", "552629ed", "stderr"], "values": [{"value": "\r 54%|\u2588\u2588\u2588\u2588\u2588\u2588\u2588\u2588\u2588\u2588\u2588\u2588\u2588\u2588\u2588\u2588\u2588\u2588\u2588\u2588\u2588\u2588\u2588\u2588\u2588\u2588\u2588\u2588\u2588\u2588\u2588\u2588\u2588\u2588\u2588\u2588\u2588\u2588\u2588\u2588\u2588\u2588\u2588\u2588\u2588\u2588\u2588\u2588\u2588\u2588\u2588\u2588\u2588\u2588\u2588\u2588\u2588\u2588\u2588\u2588\u2588\u2588\u2588\u2588\u2588\u2588\u2588\u2588\u2588\u2588\u2588\u2588\u2588\u2588\u2588\u2588\u2588\u2588\u2588\u2589                                                                     | 493/919 [00:07<00:06, 64.43it/s]", "step": null, "ts": 1730799735.9059637}]}, "version": 583, "at": 1730799735.906052}
{"obj": {"type": "LogStrings", "path": ["monitoring", "552629ed", "stderr"], "values": [{"value": "\r 54%|\u2588\u2588\u2588\u2588\u2588\u2588\u2588\u2588\u2588\u2588\u2588\u2588\u2588\u2588\u2588\u2588\u2588\u2588\u2588\u2588\u2588\u2588\u2588\u2588\u2588\u2588\u2588\u2588\u2588\u2588\u2588\u2588\u2588\u2588\u2588\u2588\u2588\u2588\u2588\u2588\u2588\u2588\u2588\u2588\u2588\u2588\u2588\u2588\u2588\u2588\u2588\u2588\u2588\u2588\u2588\u2588\u2588\u2588\u2588\u2588\u2588\u2588\u2588\u2588\u2588\u2588\u2588\u2588\u2588\u2588\u2588\u2588\u2588\u2588\u2588\u2588\u2588\u2588\u2588\u2588\u2588                                                                    | 500/919 [00:07<00:06, 65.30it/s]", "step": null, "ts": 1730799736.00976}]}, "version": 584, "at": 1730799736.0098493}
{"obj": {"type": "LogStrings", "path": ["monitoring", "552629ed", "stderr"], "values": [{"value": "\r 55%|\u2588\u2588\u2588\u2588\u2588\u2588\u2588\u2588\u2588\u2588\u2588\u2588\u2588\u2588\u2588\u2588\u2588\u2588\u2588\u2588\u2588\u2588\u2588\u2588\u2588\u2588\u2588\u2588\u2588\u2588\u2588\u2588\u2588\u2588\u2588\u2588\u2588\u2588\u2588\u2588\u2588\u2588\u2588\u2588\u2588\u2588\u2588\u2588\u2588\u2588\u2588\u2588\u2588\u2588\u2588\u2588\u2588\u2588\u2588\u2588\u2588\u2588\u2588\u2588\u2588\u2588\u2588\u2588\u2588\u2588\u2588\u2588\u2588\u2588\u2588\u2588\u2588\u2588\u2588\u2588\u2588\u2588\u258f                                                                  | 507/919 [00:07<00:06, 65.54it/s]", "step": null, "ts": 1730799736.1156027}]}, "version": 585, "at": 1730799736.1156912}
{"obj": {"type": "LogStrings", "path": ["monitoring", "552629ed", "stderr"], "values": [{"value": "\r 56%|\u2588\u2588\u2588\u2588\u2588\u2588\u2588\u2588\u2588\u2588\u2588\u2588\u2588\u2588\u2588\u2588\u2588\u2588\u2588\u2588\u2588\u2588\u2588\u2588\u2588\u2588\u2588\u2588\u2588\u2588\u2588\u2588\u2588\u2588\u2588\u2588\u2588\u2588\u2588\u2588\u2588\u2588\u2588\u2588\u2588\u2588\u2588\u2588\u2588\u2588\u2588\u2588\u2588\u2588\u2588\u2588\u2588\u2588\u2588\u2588\u2588\u2588\u2588\u2588\u2588\u2588\u2588\u2588\u2588\u2588\u2588\u2588\u2588\u2588\u2588\u2588\u2588\u2588\u2588\u2588\u2588\u2588\u2588\u258e                                                                 | 514/919 [00:07<00:06, 65.91it/s]", "step": null, "ts": 1730799736.2205348}]}, "version": 586, "at": 1730799736.2206218}
{"obj": {"type": "LogStrings", "path": ["monitoring", "552629ed", "stderr"], "values": [{"value": "\r 57%|\u2588\u2588\u2588\u2588\u2588\u2588\u2588\u2588\u2588\u2588\u2588\u2588\u2588\u2588\u2588\u2588\u2588\u2588\u2588\u2588\u2588\u2588\u2588\u2588\u2588\u2588\u2588\u2588\u2588\u2588\u2588\u2588\u2588\u2588\u2588\u2588\u2588\u2588\u2588\u2588\u2588\u2588\u2588\u2588\u2588\u2588\u2588\u2588\u2588\u2588\u2588\u2588\u2588\u2588\u2588\u2588\u2588\u2588\u2588\u2588\u2588\u2588\u2588\u2588\u2588\u2588\u2588\u2588\u2588\u2588\u2588\u2588\u2588\u2588\u2588\u2588\u2588\u2588\u2588\u2588\u2588\u2588\u2588\u2588\u258d                                                                | 521/919 [00:07<00:06, 65.62it/s]", "step": null, "ts": 1730799736.3281808}]}, "version": 587, "at": 1730799736.3282669}
{"obj": {"type": "LogStrings", "path": ["monitoring", "552629ed", "stderr"], "values": [{"value": "\r 57%|\u2588\u2588\u2588\u2588\u2588\u2588\u2588\u2588\u2588\u2588\u2588\u2588\u2588\u2588\u2588\u2588\u2588\u2588\u2588\u2588\u2588\u2588\u2588\u2588\u2588\u2588\u2588\u2588\u2588\u2588\u2588\u2588\u2588\u2588\u2588\u2588\u2588\u2588\u2588\u2588\u2588\u2588\u2588\u2588\u2588\u2588\u2588\u2588\u2588\u2588\u2588\u2588\u2588\u2588\u2588\u2588\u2588\u2588\u2588\u2588\u2588\u2588\u2588\u2588\u2588\u2588\u2588\u2588\u2588\u2588\u2588\u2588\u2588\u2588\u2588\u2588\u2588\u2588\u2588\u2588\u2588\u2588\u2588\u2588\u2588\u258c                                                               | 528/919 [00:08<00:05, 66.63it/s]", "step": null, "ts": 1730799736.4295108}]}, "version": 588, "at": 1730799736.429598}
{"obj": {"type": "LogStrings", "path": ["monitoring", "552629ed", "stderr"], "values": [{"value": "\r 58%|\u2588\u2588\u2588\u2588\u2588\u2588\u2588\u2588\u2588\u2588\u2588\u2588\u2588\u2588\u2588\u2588\u2588\u2588\u2588\u2588\u2588\u2588\u2588\u2588\u2588\u2588\u2588\u2588\u2588\u2588\u2588\u2588\u2588\u2588\u2588\u2588\u2588\u2588\u2588\u2588\u2588\u2588\u2588\u2588\u2588\u2588\u2588\u2588\u2588\u2588\u2588\u2588\u2588\u2588\u2588\u2588\u2588\u2588\u2588\u2588\u2588\u2588\u2588\u2588\u2588\u2588\u2588\u2588\u2588\u2588\u2588\u2588\u2588\u2588\u2588\u2588\u2588\u2588\u2588\u2588\u2588\u2588\u2588\u2588\u2588\u2588\u258b                                                              | 535/919 [00:08<00:05, 66.25it/s]", "step": null, "ts": 1730799736.5366414}]}, "version": 589, "at": 1730799736.5367334}
{"obj": {"type": "LogStrings", "path": ["monitoring", "552629ed", "stderr"], "values": [{"value": "\r 59%|\u2588\u2588\u2588\u2588\u2588\u2588\u2588\u2588\u2588\u2588\u2588\u2588\u2588\u2588\u2588\u2588\u2588\u2588\u2588\u2588\u2588\u2588\u2588\u2588\u2588\u2588\u2588\u2588\u2588\u2588\u2588\u2588\u2588\u2588\u2588\u2588\u2588\u2588\u2588\u2588\u2588\u2588\u2588\u2588\u2588\u2588\u2588\u2588\u2588\u2588\u2588\u2588\u2588\u2588\u2588\u2588\u2588\u2588\u2588\u2588\u2588\u2588\u2588\u2588\u2588\u2588\u2588\u2588\u2588\u2588\u2588\u2588\u2588\u2588\u2588\u2588\u2588\u2588\u2588\u2588\u2588\u2588\u2588\u2588\u2588\u2588\u2588\u2589                                                             | 542/919 [00:08<00:05, 65.62it/s]", "step": null, "ts": 1730799736.6456397}]}, "version": 590, "at": 1730799736.6457295}
{"obj": {"type": "LogFloats", "path": ["monitoring", "552629ed", "cpu"], "values": [{"value": 35.3, "step": null, "ts": 1730799736.746848}]}, "version": 591, "at": 1730799736.791462}
{"obj": {"type": "LogFloats", "path": ["monitoring", "552629ed", "memory"], "values": [{"value": 10.702789306640625, "step": null, "ts": 1730799736.746848}]}, "version": 592, "at": 1730799736.7916534}
{"obj": {"type": "LogFloats", "path": ["monitoring", "552629ed", "gpu"], "values": [{"value": 91.0, "step": null, "ts": 1730799736.746848}]}, "version": 593, "at": 1730799736.7917624}
{"obj": {"type": "LogFloats", "path": ["monitoring", "552629ed", "gpu_memory"], "values": [{"value": 1.07916259765625, "step": null, "ts": 1730799736.746848}]}, "version": 594, "at": 1730799736.791838}
{"obj": {"type": "LogFloats", "path": ["monitoring", "552629ed", "gpu_power"], "values": [{"value": 126.438, "step": null, "ts": 1730799736.746848}]}, "version": 595, "at": 1730799736.791924}
{"obj": {"type": "LogStrings", "path": ["monitoring", "552629ed", "stderr"], "values": [{"value": "\r 60%|\u2588\u2588\u2588\u2588\u2588\u2588\u2588\u2588\u2588\u2588\u2588\u2588\u2588\u2588\u2588\u2588\u2588\u2588\u2588\u2588\u2588\u2588\u2588\u2588\u2588\u2588\u2588\u2588\u2588\u2588\u2588\u2588\u2588\u2588\u2588\u2588\u2588\u2588\u2588\u2588\u2588\u2588\u2588\u2588\u2588\u2588\u2588\u2588\u2588\u2588\u2588\u2588\u2588\u2588\u2588\u2588\u2588\u2588\u2588\u2588\u2588\u2588\u2588\u2588\u2588\u2588\u2588\u2588\u2588\u2588\u2588\u2588\u2588\u2588\u2588\u2588\u2588\u2588\u2588\u2588\u2588\u2588\u2588\u2588\u2588\u2588\u2588\u2588\u2588                                                            | 549/919 [00:08<00:06, 52.94it/s]", "step": null, "ts": 1730799736.8374858}]}, "version": 596, "at": 1730799736.8375692}
{"obj": {"type": "LogStrings", "path": ["monitoring", "552629ed", "stderr"], "values": [{"value": "\r 61%|\u2588\u2588\u2588\u2588\u2588\u2588\u2588\u2588\u2588\u2588\u2588\u2588\u2588\u2588\u2588\u2588\u2588\u2588\u2588\u2588\u2588\u2588\u2588\u2588\u2588\u2588\u2588\u2588\u2588\u2588\u2588\u2588\u2588\u2588\u2588\u2588\u2588\u2588\u2588\u2588\u2588\u2588\u2588\u2588\u2588\u2588\u2588\u2588\u2588\u2588\u2588\u2588\u2588\u2588\u2588\u2588\u2588\u2588\u2588\u2588\u2588\u2588\u2588\u2588\u2588\u2588\u2588\u2588\u2588\u2588\u2588\u2588\u2588\u2588\u2588\u2588\u2588\u2588\u2588\u2588\u2588\u2588\u2588\u2588\u2588\u2588\u2588\u2588\u2588\u2588\u258f                                                          | 556/919 [00:08<00:06, 56.00it/s]", "step": null, "ts": 1730799736.9456887}]}, "version": 597, "at": 1730799736.9457781}
{"obj": {"type": "LogStrings", "path": ["monitoring", "552629ed", "stderr"], "values": [{"value": "\r 61%|\u2588\u2588\u2588\u2588\u2588\u2588\u2588\u2588\u2588\u2588\u2588\u2588\u2588\u2588\u2588\u2588\u2588\u2588\u2588\u2588\u2588\u2588\u2588\u2588\u2588\u2588\u2588\u2588\u2588\u2588\u2588\u2588\u2588\u2588\u2588\u2588\u2588\u2588\u2588\u2588\u2588\u2588\u2588\u2588\u2588\u2588\u2588\u2588\u2588\u2588\u2588\u2588\u2588\u2588\u2588\u2588\u2588\u2588\u2588\u2588\u2588\u2588\u2588\u2588\u2588\u2588\u2588\u2588\u2588\u2588\u2588\u2588\u2588\u2588\u2588\u2588\u2588\u2588\u2588\u2588\u2588\u2588\u2588\u2588\u2588\u2588\u2588\u2588\u2588\u2588\u2588\u258e                                                         | 563/919 [00:08<00:06, 57.65it/s]", "step": null, "ts": 1730799737.0586517}]}, "version": 598, "at": 1730799737.0587168}
{"obj": {"type": "LogStrings", "path": ["monitoring", "552629ed", "stderr"], "values": [{"value": "\r 62%|\u2588\u2588\u2588\u2588\u2588\u2588\u2588\u2588\u2588\u2588\u2588\u2588\u2588\u2588\u2588\u2588\u2588\u2588\u2588\u2588\u2588\u2588\u2588\u2588\u2588\u2588\u2588\u2588\u2588\u2588\u2588\u2588\u2588\u2588\u2588\u2588\u2588\u2588\u2588\u2588\u2588\u2588\u2588\u2588\u2588\u2588\u2588\u2588\u2588\u2588\u2588\u2588\u2588\u2588\u2588\u2588\u2588\u2588\u2588\u2588\u2588\u2588\u2588\u2588\u2588\u2588\u2588\u2588\u2588\u2588\u2588\u2588\u2588\u2588\u2588\u2588\u2588\u2588\u2588\u2588\u2588\u2588\u2588\u2588\u2588\u2588\u2588\u2588\u2588\u2588\u2588\u2588\u258d                                                        | 570/919 [00:08<00:05, 59.76it/s]", "step": null, "ts": 1730799737.16578}]}, "version": 599, "at": 1730799737.1658366}
{"obj": {"type": "LogStrings", "path": ["monitoring", "552629ed", "stderr"], "values": [{"value": "\r 63%|\u2588\u2588\u2588\u2588\u2588\u2588\u2588\u2588\u2588\u2588\u2588\u2588\u2588\u2588\u2588\u2588\u2588\u2588\u2588\u2588\u2588\u2588\u2588\u2588\u2588\u2588\u2588\u2588\u2588\u2588\u2588\u2588\u2588\u2588\u2588\u2588\u2588\u2588\u2588\u2588\u2588\u2588\u2588\u2588\u2588\u2588\u2588\u2588\u2588\u2588\u2588\u2588\u2588\u2588\u2588\u2588\u2588\u2588\u2588\u2588\u2588\u2588\u2588\u2588\u2588\u2588\u2588\u2588\u2588\u2588\u2588\u2588\u2588\u2588\u2588\u2588\u2588\u2588\u2588\u2588\u2588\u2588\u2588\u2588\u2588\u2588\u2588\u2588\u2588\u2588\u2588\u2588\u2588\u258c                                                       | 577/919 [00:08<00:05, 61.71it/s]", "step": null, "ts": 1730799737.2706761}]}, "version": 600, "at": 1730799737.2707655}
{"obj": {"type": "LogStrings", "path": ["monitoring", "552629ed", "stderr"], "values": [{"value": "\r 64%|\u2588\u2588\u2588\u2588\u2588\u2588\u2588\u2588\u2588\u2588\u2588\u2588\u2588\u2588\u2588\u2588\u2588\u2588\u2588\u2588\u2588\u2588\u2588\u2588\u2588\u2588\u2588\u2588\u2588\u2588\u2588\u2588\u2588\u2588\u2588\u2588\u2588\u2588\u2588\u2588\u2588\u2588\u2588\u2588\u2588\u2588\u2588\u2588\u2588\u2588\u2588\u2588\u2588\u2588\u2588\u2588\u2588\u2588\u2588\u2588\u2588\u2588\u2588\u2588\u2588\u2588\u2588\u2588\u2588\u2588\u2588\u2588\u2588\u2588\u2588\u2588\u2588\u2588\u2588\u2588\u2588\u2588\u2588\u2588\u2588\u2588\u2588\u2588\u2588\u2588\u2588\u2588\u2588\u2588\u258a                                                      | 585/919 [00:09<00:05, 65.13it/s]", "step": null, "ts": 1730799737.3795998}]}, "version": 601, "at": 1730799737.3796883}
{"obj": {"type": "LogStrings", "path": ["monitoring", "552629ed", "stderr"], "values": [{"value": "\r 65%|\u2588\u2588\u2588\u2588\u2588\u2588\u2588\u2588\u2588\u2588\u2588\u2588\u2588\u2588\u2588\u2588\u2588\u2588\u2588\u2588\u2588\u2588\u2588\u2588\u2588\u2588\u2588\u2588\u2588\u2588\u2588\u2588\u2588\u2588\u2588\u2588\u2588\u2588\u2588\u2588\u2588\u2588\u2588\u2588\u2588\u2588\u2588\u2588\u2588\u2588\u2588\u2588\u2588\u2588\u2588\u2588\u2588\u2588\u2588\u2588\u2588\u2588\u2588\u2588\u2588\u2588\u2588\u2588\u2588\u2588\u2588\u2588\u2588\u2588\u2588\u2588\u2588\u2588\u2588\u2588\u2588\u2588\u2588\u2588\u2588\u2588\u2588\u2588\u2588\u2588\u2588\u2588\u2588\u2588\u2588\u2588\u258f                                                    | 593/919 [00:09<00:04, 67.81it/s]", "step": null, "ts": 1730799737.4872692}]}, "version": 602, "at": 1730799737.4873552}
{"obj": {"type": "LogStrings", "path": ["monitoring", "552629ed", "stderr"], "values": [{"value": "\r 65%|\u2588\u2588\u2588\u2588\u2588\u2588\u2588\u2588\u2588\u2588\u2588\u2588\u2588\u2588\u2588\u2588\u2588\u2588\u2588\u2588\u2588\u2588\u2588\u2588\u2588\u2588\u2588\u2588\u2588\u2588\u2588\u2588\u2588\u2588\u2588\u2588\u2588\u2588\u2588\u2588\u2588\u2588\u2588\u2588\u2588\u2588\u2588\u2588\u2588\u2588\u2588\u2588\u2588\u2588\u2588\u2588\u2588\u2588\u2588\u2588\u2588\u2588\u2588\u2588\u2588\u2588\u2588\u2588\u2588\u2588\u2588\u2588\u2588\u2588\u2588\u2588\u2588\u2588\u2588\u2588\u2588\u2588\u2588\u2588\u2588\u2588\u2588\u2588\u2588\u2588\u2588\u2588\u2588\u2588\u2588\u2588\u2588\u258d                                                   | 601/919 [00:09<00:04, 69.28it/s]", "step": null, "ts": 1730799737.5972426}]}, "version": 603, "at": 1730799737.5973337}
{"obj": {"type": "LogStrings", "path": ["monitoring", "552629ed", "stderr"], "values": [{"value": "\r 66%|\u2588\u2588\u2588\u2588\u2588\u2588\u2588\u2588\u2588\u2588\u2588\u2588\u2588\u2588\u2588\u2588\u2588\u2588\u2588\u2588\u2588\u2588\u2588\u2588\u2588\u2588\u2588\u2588\u2588\u2588\u2588\u2588\u2588\u2588\u2588\u2588\u2588\u2588\u2588\u2588\u2588\u2588\u2588\u2588\u2588\u2588\u2588\u2588\u2588\u2588\u2588\u2588\u2588\u2588\u2588\u2588\u2588\u2588\u2588\u2588\u2588\u2588\u2588\u2588\u2588\u2588\u2588\u2588\u2588\u2588\u2588\u2588\u2588\u2588\u2588\u2588\u2588\u2588\u2588\u2588\u2588\u2588\u2588\u2588\u2588\u2588\u2588\u2588\u2588\u2588\u2588\u2588\u2588\u2588\u2588\u2588\u2588\u2588\u258b                                                  | 609/919 [00:09<00:04, 70.61it/s]", "step": null, "ts": 1730799737.7056384}]}, "version": 604, "at": 1730799737.7057264}
{"obj": {"type": "LogStrings", "path": ["monitoring", "552629ed", "stderr"], "values": [{"value": "\r 67%|\u2588\u2588\u2588\u2588\u2588\u2588\u2588\u2588\u2588\u2588\u2588\u2588\u2588\u2588\u2588\u2588\u2588\u2588\u2588\u2588\u2588\u2588\u2588\u2588\u2588\u2588\u2588\u2588\u2588\u2588\u2588\u2588\u2588\u2588\u2588\u2588\u2588\u2588\u2588\u2588\u2588\u2588\u2588\u2588\u2588\u2588\u2588\u2588\u2588\u2588\u2588\u2588\u2588\u2588\u2588\u2588\u2588\u2588\u2588\u2588\u2588\u2588\u2588\u2588\u2588\u2588\u2588\u2588\u2588\u2588\u2588\u2588\u2588\u2588\u2588\u2588\u2588\u2588\u2588\u2588\u2588\u2588\u2588\u2588\u2588\u2588\u2588\u2588\u2588\u2588\u2588\u2588\u2588\u2588\u2588\u2588\u2588\u2588\u2588\u2588                                                 | 617/919 [00:09<00:04, 71.89it/s]", "step": null, "ts": 1730799737.8123732}]}, "version": 605, "at": 1730799737.8124642}
{"obj": {"type": "LogStrings", "path": ["monitoring", "552629ed", "stderr"], "values": [{"value": "\r 68%|\u2588\u2588\u2588\u2588\u2588\u2588\u2588\u2588\u2588\u2588\u2588\u2588\u2588\u2588\u2588\u2588\u2588\u2588\u2588\u2588\u2588\u2588\u2588\u2588\u2588\u2588\u2588\u2588\u2588\u2588\u2588\u2588\u2588\u2588\u2588\u2588\u2588\u2588\u2588\u2588\u2588\u2588\u2588\u2588\u2588\u2588\u2588\u2588\u2588\u2588\u2588\u2588\u2588\u2588\u2588\u2588\u2588\u2588\u2588\u2588\u2588\u2588\u2588\u2588\u2588\u2588\u2588\u2588\u2588\u2588\u2588\u2588\u2588\u2588\u2588\u2588\u2588\u2588\u2588\u2588\u2588\u2588\u2588\u2588\u2588\u2588\u2588\u2588\u2588\u2588\u2588\u2588\u2588\u2588\u2588\u2588\u2588\u2588\u2588\u2588\u2588\u258e                                               | 625/919 [00:09<00:04, 71.50it/s]", "step": null, "ts": 1730799737.9257243}]}, "version": 606, "at": 1730799737.9258258}
{"obj": {"type": "LogStrings", "path": ["monitoring", "552629ed", "stderr"], "values": [{"value": "\r 69%|\u2588\u2588\u2588\u2588\u2588\u2588\u2588\u2588\u2588\u2588\u2588\u2588\u2588\u2588\u2588\u2588\u2588\u2588\u2588\u2588\u2588\u2588\u2588\u2588\u2588\u2588\u2588\u2588\u2588\u2588\u2588\u2588\u2588\u2588\u2588\u2588\u2588\u2588\u2588\u2588\u2588\u2588\u2588\u2588\u2588\u2588\u2588\u2588\u2588\u2588\u2588\u2588\u2588\u2588\u2588\u2588\u2588\u2588\u2588\u2588\u2588\u2588\u2588\u2588\u2588\u2588\u2588\u2588\u2588\u2588\u2588\u2588\u2588\u2588\u2588\u2588\u2588\u2588\u2588\u2588\u2588\u2588\u2588\u2588\u2588\u2588\u2588\u2588\u2588\u2588\u2588\u2588\u2588\u2588\u2588\u2588\u2588\u2588\u2588\u2588\u2588\u2588\u258b                                              | 633/919 [00:09<00:04, 69.96it/s]", "step": null, "ts": 1730799738.0456846}]}, "version": 607, "at": 1730799738.0457754}
{"obj": {"type": "LogStrings", "path": ["monitoring", "552629ed", "stderr"], "values": [{"value": "\r 70%|\u2588\u2588\u2588\u2588\u2588\u2588\u2588\u2588\u2588\u2588\u2588\u2588\u2588\u2588\u2588\u2588\u2588\u2588\u2588\u2588\u2588\u2588\u2588\u2588\u2588\u2588\u2588\u2588\u2588\u2588\u2588\u2588\u2588\u2588\u2588\u2588\u2588\u2588\u2588\u2588\u2588\u2588\u2588\u2588\u2588\u2588\u2588\u2588\u2588\u2588\u2588\u2588\u2588\u2588\u2588\u2588\u2588\u2588\u2588\u2588\u2588\u2588\u2588\u2588\u2588\u2588\u2588\u2588\u2588\u2588\u2588\u2588\u2588\u2588\u2588\u2588\u2588\u2588\u2588\u2588\u2588\u2588\u2588\u2588\u2588\u2588\u2588\u2588\u2588\u2588\u2588\u2588\u2588\u2588\u2588\u2588\u2588\u2588\u2588\u2588\u2588\u2588\u2588\u2589                                             | 641/919 [00:09<00:04, 68.67it/s]", "step": null, "ts": 1730799738.1671457}]}, "version": 608, "at": 1730799738.1672328}
{"obj": {"type": "LogStrings", "path": ["monitoring", "552629ed", "stderr"], "values": [{"value": "\r 71%|\u2588\u2588\u2588\u2588\u2588\u2588\u2588\u2588\u2588\u2588\u2588\u2588\u2588\u2588\u2588\u2588\u2588\u2588\u2588\u2588\u2588\u2588\u2588\u2588\u2588\u2588\u2588\u2588\u2588\u2588\u2588\u2588\u2588\u2588\u2588\u2588\u2588\u2588\u2588\u2588\u2588\u2588\u2588\u2588\u2588\u2588\u2588\u2588\u2588\u2588\u2588\u2588\u2588\u2588\u2588\u2588\u2588\u2588\u2588\u2588\u2588\u2588\u2588\u2588\u2588\u2588\u2588\u2588\u2588\u2588\u2588\u2588\u2588\u2588\u2588\u2588\u2588\u2588\u2588\u2588\u2588\u2588\u2588\u2588\u2588\u2588\u2588\u2588\u2588\u2588\u2588\u2588\u2588\u2588\u2588\u2588\u2588\u2588\u2588\u2588\u2588\u2588\u2588\u2588\u2588                                            | 648/919 [00:09<00:04, 67.73it/s]", "step": null, "ts": 1730799738.274246}]}, "version": 609, "at": 1730799738.274335}
{"obj": {"type": "LogStrings", "path": ["monitoring", "552629ed", "stderr"], "values": [{"value": "\r 71%|\u2588\u2588\u2588\u2588\u2588\u2588\u2588\u2588\u2588\u2588\u2588\u2588\u2588\u2588\u2588\u2588\u2588\u2588\u2588\u2588\u2588\u2588\u2588\u2588\u2588\u2588\u2588\u2588\u2588\u2588\u2588\u2588\u2588\u2588\u2588\u2588\u2588\u2588\u2588\u2588\u2588\u2588\u2588\u2588\u2588\u2588\u2588\u2588\u2588\u2588\u2588\u2588\u2588\u2588\u2588\u2588\u2588\u2588\u2588\u2588\u2588\u2588\u2588\u2588\u2588\u2588\u2588\u2588\u2588\u2588\u2588\u2588\u2588\u2588\u2588\u2588\u2588\u2588\u2588\u2588\u2588\u2588\u2588\u2588\u2588\u2588\u2588\u2588\u2588\u2588\u2588\u2588\u2588\u2588\u2588\u2588\u2588\u2588\u2588\u2588\u2588\u2588\u2588\u2588\u2588\u2588\u258f                                          | 655/919 [00:10<00:03, 66.96it/s]", "step": null, "ts": 1730799738.381811}]}, "version": 610, "at": 1730799738.3818974}
{"obj": {"type": "LogStrings", "path": ["monitoring", "552629ed", "stderr"], "values": [{"value": "\r 72%|\u2588\u2588\u2588\u2588\u2588\u2588\u2588\u2588\u2588\u2588\u2588\u2588\u2588\u2588\u2588\u2588\u2588\u2588\u2588\u2588\u2588\u2588\u2588\u2588\u2588\u2588\u2588\u2588\u2588\u2588\u2588\u2588\u2588\u2588\u2588\u2588\u2588\u2588\u2588\u2588\u2588\u2588\u2588\u2588\u2588\u2588\u2588\u2588\u2588\u2588\u2588\u2588\u2588\u2588\u2588\u2588\u2588\u2588\u2588\u2588\u2588\u2588\u2588\u2588\u2588\u2588\u2588\u2588\u2588\u2588\u2588\u2588\u2588\u2588\u2588\u2588\u2588\u2588\u2588\u2588\u2588\u2588\u2588\u2588\u2588\u2588\u2588\u2588\u2588\u2588\u2588\u2588\u2588\u2588\u2588\u2588\u2588\u2588\u2588\u2588\u2588\u2588\u2588\u2588\u2588\u2588\u2588\u258e                                         | 662/919 [00:10<00:03, 66.36it/s]", "step": null, "ts": 1730799738.4896188}]}, "version": 611, "at": 1730799738.489706}
{"obj": {"type": "LogStrings", "path": ["monitoring", "552629ed", "stderr"], "values": [{"value": "\r 73%|\u2588\u2588\u2588\u2588\u2588\u2588\u2588\u2588\u2588\u2588\u2588\u2588\u2588\u2588\u2588\u2588\u2588\u2588\u2588\u2588\u2588\u2588\u2588\u2588\u2588\u2588\u2588\u2588\u2588\u2588\u2588\u2588\u2588\u2588\u2588\u2588\u2588\u2588\u2588\u2588\u2588\u2588\u2588\u2588\u2588\u2588\u2588\u2588\u2588\u2588\u2588\u2588\u2588\u2588\u2588\u2588\u2588\u2588\u2588\u2588\u2588\u2588\u2588\u2588\u2588\u2588\u2588\u2588\u2588\u2588\u2588\u2588\u2588\u2588\u2588\u2588\u2588\u2588\u2588\u2588\u2588\u2588\u2588\u2588\u2588\u2588\u2588\u2588\u2588\u2588\u2588\u2588\u2588\u2588\u2588\u2588\u2588\u2588\u2588\u2588\u2588\u2588\u2588\u2588\u2588\u2588\u2588\u2588\u258d                                        | 669/919 [00:10<00:03, 65.99it/s]", "step": null, "ts": 1730799738.597159}]}, "version": 612, "at": 1730799738.59725}
{"obj": {"type": "LogStrings", "path": ["monitoring", "552629ed", "stderr"], "values": [{"value": "\r 74%|\u2588\u2588\u2588\u2588\u2588\u2588\u2588\u2588\u2588\u2588\u2588\u2588\u2588\u2588\u2588\u2588\u2588\u2588\u2588\u2588\u2588\u2588\u2588\u2588\u2588\u2588\u2588\u2588\u2588\u2588\u2588\u2588\u2588\u2588\u2588\u2588\u2588\u2588\u2588\u2588\u2588\u2588\u2588\u2588\u2588\u2588\u2588\u2588\u2588\u2588\u2588\u2588\u2588\u2588\u2588\u2588\u2588\u2588\u2588\u2588\u2588\u2588\u2588\u2588\u2588\u2588\u2588\u2588\u2588\u2588\u2588\u2588\u2588\u2588\u2588\u2588\u2588\u2588\u2588\u2588\u2588\u2588\u2588\u2588\u2588\u2588\u2588\u2588\u2588\u2588\u2588\u2588\u2588\u2588\u2588\u2588\u2588\u2588\u2588\u2588\u2588\u2588\u2588\u2588\u2588\u2588\u2588\u2588\u2588\u258c                                       | 676/919 [00:10<00:03, 65.75it/s]", "step": null, "ts": 1730799738.704469}]}, "version": 613, "at": 1730799738.704527}
{"obj": {"type": "LogStrings", "path": ["monitoring", "552629ed", "stderr"], "values": [{"value": "\r 74%|\u2588\u2588\u2588\u2588\u2588\u2588\u2588\u2588\u2588\u2588\u2588\u2588\u2588\u2588\u2588\u2588\u2588\u2588\u2588\u2588\u2588\u2588\u2588\u2588\u2588\u2588\u2588\u2588\u2588\u2588\u2588\u2588\u2588\u2588\u2588\u2588\u2588\u2588\u2588\u2588\u2588\u2588\u2588\u2588\u2588\u2588\u2588\u2588\u2588\u2588\u2588\u2588\u2588\u2588\u2588\u2588\u2588\u2588\u2588\u2588\u2588\u2588\u2588\u2588\u2588\u2588\u2588\u2588\u2588\u2588\u2588\u2588\u2588\u2588\u2588\u2588\u2588\u2588\u2588\u2588\u2588\u2588\u2588\u2588\u2588\u2588\u2588\u2588\u2588\u2588\u2588\u2588\u2588\u2588\u2588\u2588\u2588\u2588\u2588\u2588\u2588\u2588\u2588\u2588\u2588\u2588\u2588\u2588\u2588\u2588\u258b                                      | 683/919 [00:10<00:04, 58.98it/s]", "step": null, "ts": 1730799738.8523428}]}, "version": 614, "at": 1730799738.8524022}
{"obj": {"type": "LogStrings", "path": ["monitoring", "552629ed", "stderr"], "values": [{"value": "\r 75%|\u2588\u2588\u2588\u2588\u2588\u2588\u2588\u2588\u2588\u2588\u2588\u2588\u2588\u2588\u2588\u2588\u2588\u2588\u2588\u2588\u2588\u2588\u2588\u2588\u2588\u2588\u2588\u2588\u2588\u2588\u2588\u2588\u2588\u2588\u2588\u2588\u2588\u2588\u2588\u2588\u2588\u2588\u2588\u2588\u2588\u2588\u2588\u2588\u2588\u2588\u2588\u2588\u2588\u2588\u2588\u2588\u2588\u2588\u2588\u2588\u2588\u2588\u2588\u2588\u2588\u2588\u2588\u2588\u2588\u2588\u2588\u2588\u2588\u2588\u2588\u2588\u2588\u2588\u2588\u2588\u2588\u2588\u2588\u2588\u2588\u2588\u2588\u2588\u2588\u2588\u2588\u2588\u2588\u2588\u2588\u2588\u2588\u2588\u2588\u2588\u2588\u2588\u2588\u2588\u2588\u2588\u2588\u2588\u2588\u2588\u2588\u258a                                     | 690/919 [00:10<00:03, 60.88it/s]", "step": null, "ts": 1730799738.9585807}]}, "version": 615, "at": 1730799738.958669}
{"obj": {"type": "LogStrings", "path": ["monitoring", "552629ed", "stderr"], "values": [{"value": "\r 76%|\u2588\u2588\u2588\u2588\u2588\u2588\u2588\u2588\u2588\u2588\u2588\u2588\u2588\u2588\u2588\u2588\u2588\u2588\u2588\u2588\u2588\u2588\u2588\u2588\u2588\u2588\u2588\u2588\u2588\u2588\u2588\u2588\u2588\u2588\u2588\u2588\u2588\u2588\u2588\u2588\u2588\u2588\u2588\u2588\u2588\u2588\u2588\u2588\u2588\u2588\u2588\u2588\u2588\u2588\u2588\u2588\u2588\u2588\u2588\u2588\u2588\u2588\u2588\u2588\u2588\u2588\u2588\u2588\u2588\u2588\u2588\u2588\u2588\u2588\u2588\u2588\u2588\u2588\u2588\u2588\u2588\u2588\u2588\u2588\u2588\u2588\u2588\u2588\u2588\u2588\u2588\u2588\u2588\u2588\u2588\u2588\u2588\u2588\u2588\u2588\u2588\u2588\u2588\u2588\u2588\u2588\u2588\u2588\u2588\u2588\u2588\u2588\u2588                                    | 697/919 [00:10<00:03, 62.57it/s]", "step": null, "ts": 1730799739.063057}]}, "version": 616, "at": 1730799739.063138}
{"obj": {"type": "LogStrings", "path": ["monitoring", "552629ed", "stderr"], "values": [{"value": "\r 77%|\u2588\u2588\u2588\u2588\u2588\u2588\u2588\u2588\u2588\u2588\u2588\u2588\u2588\u2588\u2588\u2588\u2588\u2588\u2588\u2588\u2588\u2588\u2588\u2588\u2588\u2588\u2588\u2588\u2588\u2588\u2588\u2588\u2588\u2588\u2588\u2588\u2588\u2588\u2588\u2588\u2588\u2588\u2588\u2588\u2588\u2588\u2588\u2588\u2588\u2588\u2588\u2588\u2588\u2588\u2588\u2588\u2588\u2588\u2588\u2588\u2588\u2588\u2588\u2588\u2588\u2588\u2588\u2588\u2588\u2588\u2588\u2588\u2588\u2588\u2588\u2588\u2588\u2588\u2588\u2588\u2588\u2588\u2588\u2588\u2588\u2588\u2588\u2588\u2588\u2588\u2588\u2588\u2588\u2588\u2588\u2588\u2588\u2588\u2588\u2588\u2588\u2588\u2588\u2588\u2588\u2588\u2588\u2588\u2588\u2588\u2588\u2588\u2588\u2588\u258f                                  | 704/919 [00:10<00:03, 63.98it/s]", "step": null, "ts": 1730799739.1666794}]}, "version": 617, "at": 1730799739.1667445}
{"obj": {"type": "LogStrings", "path": ["monitoring", "552629ed", "stderr"], "values": [{"value": "\r 77%|\u2588\u2588\u2588\u2588\u2588\u2588\u2588\u2588\u2588\u2588\u2588\u2588\u2588\u2588\u2588\u2588\u2588\u2588\u2588\u2588\u2588\u2588\u2588\u2588\u2588\u2588\u2588\u2588\u2588\u2588\u2588\u2588\u2588\u2588\u2588\u2588\u2588\u2588\u2588\u2588\u2588\u2588\u2588\u2588\u2588\u2588\u2588\u2588\u2588\u2588\u2588\u2588\u2588\u2588\u2588\u2588\u2588\u2588\u2588\u2588\u2588\u2588\u2588\u2588\u2588\u2588\u2588\u2588\u2588\u2588\u2588\u2588\u2588\u2588\u2588\u2588\u2588\u2588\u2588\u2588\u2588\u2588\u2588\u2588\u2588\u2588\u2588\u2588\u2588\u2588\u2588\u2588\u2588\u2588\u2588\u2588\u2588\u2588\u2588\u2588\u2588\u2588\u2588\u2588\u2588\u2588\u2588\u2588\u2588\u2588\u2588\u2588\u2588\u2588\u2588\u258e                                 | 711/919 [00:10<00:03, 63.65it/s]", "step": null, "ts": 1730799739.2780366}]}, "version": 618, "at": 1730799739.2781065}
{"obj": {"type": "LogStrings", "path": ["monitoring", "552629ed", "stderr"], "values": [{"value": "\r 78%|\u2588\u2588\u2588\u2588\u2588\u2588\u2588\u2588\u2588\u2588\u2588\u2588\u2588\u2588\u2588\u2588\u2588\u2588\u2588\u2588\u2588\u2588\u2588\u2588\u2588\u2588\u2588\u2588\u2588\u2588\u2588\u2588\u2588\u2588\u2588\u2588\u2588\u2588\u2588\u2588\u2588\u2588\u2588\u2588\u2588\u2588\u2588\u2588\u2588\u2588\u2588\u2588\u2588\u2588\u2588\u2588\u2588\u2588\u2588\u2588\u2588\u2588\u2588\u2588\u2588\u2588\u2588\u2588\u2588\u2588\u2588\u2588\u2588\u2588\u2588\u2588\u2588\u2588\u2588\u2588\u2588\u2588\u2588\u2588\u2588\u2588\u2588\u2588\u2588\u2588\u2588\u2588\u2588\u2588\u2588\u2588\u2588\u2588\u2588\u2588\u2588\u2588\u2588\u2588\u2588\u2588\u2588\u2588\u2588\u2588\u2588\u2588\u2588\u2588\u2588\u2588\u258d                                | 718/919 [00:11<00:03, 64.14it/s]", "step": null, "ts": 1730799739.3851717}]}, "version": 619, "at": 1730799739.3852365}
{"obj": {"type": "LogStrings", "path": ["monitoring", "552629ed", "stderr"], "values": [{"value": "\r 79%|\u2588\u2588\u2588\u2588\u2588\u2588\u2588\u2588\u2588\u2588\u2588\u2588\u2588\u2588\u2588\u2588\u2588\u2588\u2588\u2588\u2588\u2588\u2588\u2588\u2588\u2588\u2588\u2588\u2588\u2588\u2588\u2588\u2588\u2588\u2588\u2588\u2588\u2588\u2588\u2588\u2588\u2588\u2588\u2588\u2588\u2588\u2588\u2588\u2588\u2588\u2588\u2588\u2588\u2588\u2588\u2588\u2588\u2588\u2588\u2588\u2588\u2588\u2588\u2588\u2588\u2588\u2588\u2588\u2588\u2588\u2588\u2588\u2588\u2588\u2588\u2588\u2588\u2588\u2588\u2588\u2588\u2588\u2588\u2588\u2588\u2588\u2588\u2588\u2588\u2588\u2588\u2588\u2588\u2588\u2588\u2588\u2588\u2588\u2588\u2588\u2588\u2588\u2588\u2588\u2588\u2588\u2588\u2588\u2588\u2588\u2588\u2588\u2588\u2588\u2588\u2588\u2588\u258c                               | 725/919 [00:11<00:03, 64.48it/s]", "step": null, "ts": 1730799739.4923499}]}, "version": 620, "at": 1730799739.4924245}
{"obj": {"type": "LogStrings", "path": ["monitoring", "552629ed", "stderr"], "values": [{"value": "\r 80%|\u2588\u2588\u2588\u2588\u2588\u2588\u2588\u2588\u2588\u2588\u2588\u2588\u2588\u2588\u2588\u2588\u2588\u2588\u2588\u2588\u2588\u2588\u2588\u2588\u2588\u2588\u2588\u2588\u2588\u2588\u2588\u2588\u2588\u2588\u2588\u2588\u2588\u2588\u2588\u2588\u2588\u2588\u2588\u2588\u2588\u2588\u2588\u2588\u2588\u2588\u2588\u2588\u2588\u2588\u2588\u2588\u2588\u2588\u2588\u2588\u2588\u2588\u2588\u2588\u2588\u2588\u2588\u2588\u2588\u2588\u2588\u2588\u2588\u2588\u2588\u2588\u2588\u2588\u2588\u2588\u2588\u2588\u2588\u2588\u2588\u2588\u2588\u2588\u2588\u2588\u2588\u2588\u2588\u2588\u2588\u2588\u2588\u2588\u2588\u2588\u2588\u2588\u2588\u2588\u2588\u2588\u2588\u2588\u2588\u2588\u2588\u2588\u2588\u2588\u2588\u2588\u2588\u2588\u258b                              | 732/919 [00:11<00:02, 64.82it/s]", "step": null, "ts": 1730799739.5991144}]}, "version": 621, "at": 1730799739.599182}
{"obj": {"type": "LogStrings", "path": ["monitoring", "552629ed", "stderr"], "values": [{"value": "\r 80%|\u2588\u2588\u2588\u2588\u2588\u2588\u2588\u2588\u2588\u2588\u2588\u2588\u2588\u2588\u2588\u2588\u2588\u2588\u2588\u2588\u2588\u2588\u2588\u2588\u2588\u2588\u2588\u2588\u2588\u2588\u2588\u2588\u2588\u2588\u2588\u2588\u2588\u2588\u2588\u2588\u2588\u2588\u2588\u2588\u2588\u2588\u2588\u2588\u2588\u2588\u2588\u2588\u2588\u2588\u2588\u2588\u2588\u2588\u2588\u2588\u2588\u2588\u2588\u2588\u2588\u2588\u2588\u2588\u2588\u2588\u2588\u2588\u2588\u2588\u2588\u2588\u2588\u2588\u2588\u2588\u2588\u2588\u2588\u2588\u2588\u2588\u2588\u2588\u2588\u2588\u2588\u2588\u2588\u2588\u2588\u2588\u2588\u2588\u2588\u2588\u2588\u2588\u2588\u2588\u2588\u2588\u2588\u2588\u2588\u2588\u2588\u2588\u2588\u2588\u2588\u2588\u2588\u2588\u2588\u258a                             | 739/919 [00:11<00:02, 64.96it/s]", "step": null, "ts": 1730799739.7063594}]}, "version": 622, "at": 1730799739.7064543}
{"obj": {"type": "LogStrings", "path": ["monitoring", "552629ed", "stderr"], "values": [{"value": "\r 81%|\u2588\u2588\u2588\u2588\u2588\u2588\u2588\u2588\u2588\u2588\u2588\u2588\u2588\u2588\u2588\u2588\u2588\u2588\u2588\u2588\u2588\u2588\u2588\u2588\u2588\u2588\u2588\u2588\u2588\u2588\u2588\u2588\u2588\u2588\u2588\u2588\u2588\u2588\u2588\u2588\u2588\u2588\u2588\u2588\u2588\u2588\u2588\u2588\u2588\u2588\u2588\u2588\u2588\u2588\u2588\u2588\u2588\u2588\u2588\u2588\u2588\u2588\u2588\u2588\u2588\u2588\u2588\u2588\u2588\u2588\u2588\u2588\u2588\u2588\u2588\u2588\u2588\u2588\u2588\u2588\u2588\u2588\u2588\u2588\u2588\u2588\u2588\u2588\u2588\u2588\u2588\u2588\u2588\u2588\u2588\u2588\u2588\u2588\u2588\u2588\u2588\u2588\u2588\u2588\u2588\u2588\u2588\u2588\u2588\u2588\u2588\u2588\u2588\u2588\u2588\u2588\u2588\u2588\u2588\u2588\u2589                            | 746/919 [00:11<00:02, 64.81it/s]", "step": null, "ts": 1730799739.814903}]}, "version": 623, "at": 1730799739.814978}
{"obj": {"type": "LogStrings", "path": ["monitoring", "552629ed", "stderr"], "values": [{"value": "\r 82%|\u2588\u2588\u2588\u2588\u2588\u2588\u2588\u2588\u2588\u2588\u2588\u2588\u2588\u2588\u2588\u2588\u2588\u2588\u2588\u2588\u2588\u2588\u2588\u2588\u2588\u2588\u2588\u2588\u2588\u2588\u2588\u2588\u2588\u2588\u2588\u2588\u2588\u2588\u2588\u2588\u2588\u2588\u2588\u2588\u2588\u2588\u2588\u2588\u2588\u2588\u2588\u2588\u2588\u2588\u2588\u2588\u2588\u2588\u2588\u2588\u2588\u2588\u2588\u2588\u2588\u2588\u2588\u2588\u2588\u2588\u2588\u2588\u2588\u2588\u2588\u2588\u2588\u2588\u2588\u2588\u2588\u2588\u2588\u2588\u2588\u2588\u2588\u2588\u2588\u2588\u2588\u2588\u2588\u2588\u2588\u2588\u2588\u2588\u2588\u2588\u2588\u2588\u2588\u2588\u2588\u2588\u2588\u2588\u2588\u2588\u2588\u2588\u2588\u2588\u2588\u2588\u2588\u2588\u2588\u2588\u2588\u2588                           | 753/919 [00:11<00:02, 65.13it/s]", "step": null, "ts": 1730799739.921071}]}, "version": 624, "at": 1730799739.9211414}
{"obj": {"type": "LogStrings", "path": ["monitoring", "552629ed", "stderr"], "values": [{"value": "\r 83%|\u2588\u2588\u2588\u2588\u2588\u2588\u2588\u2588\u2588\u2588\u2588\u2588\u2588\u2588\u2588\u2588\u2588\u2588\u2588\u2588\u2588\u2588\u2588\u2588\u2588\u2588\u2588\u2588\u2588\u2588\u2588\u2588\u2588\u2588\u2588\u2588\u2588\u2588\u2588\u2588\u2588\u2588\u2588\u2588\u2588\u2588\u2588\u2588\u2588\u2588\u2588\u2588\u2588\u2588\u2588\u2588\u2588\u2588\u2588\u2588\u2588\u2588\u2588\u2588\u2588\u2588\u2588\u2588\u2588\u2588\u2588\u2588\u2588\u2588\u2588\u2588\u2588\u2588\u2588\u2588\u2588\u2588\u2588\u2588\u2588\u2588\u2588\u2588\u2588\u2588\u2588\u2588\u2588\u2588\u2588\u2588\u2588\u2588\u2588\u2588\u2588\u2588\u2588\u2588\u2588\u2588\u2588\u2588\u2588\u2588\u2588\u2588\u2588\u2588\u2588\u2588\u2588\u2588\u2588\u2588\u2588\u2588\u2588\u258f                         | 760/919 [00:11<00:02, 65.32it/s]", "step": null, "ts": 1730799740.027624}]}, "version": 625, "at": 1730799740.0277133}
{"obj": {"type": "LogStrings", "path": ["monitoring", "552629ed", "stderr"], "values": [{"value": "\r 83%|\u2588\u2588\u2588\u2588\u2588\u2588\u2588\u2588\u2588\u2588\u2588\u2588\u2588\u2588\u2588\u2588\u2588\u2588\u2588\u2588\u2588\u2588\u2588\u2588\u2588\u2588\u2588\u2588\u2588\u2588\u2588\u2588\u2588\u2588\u2588\u2588\u2588\u2588\u2588\u2588\u2588\u2588\u2588\u2588\u2588\u2588\u2588\u2588\u2588\u2588\u2588\u2588\u2588\u2588\u2588\u2588\u2588\u2588\u2588\u2588\u2588\u2588\u2588\u2588\u2588\u2588\u2588\u2588\u2588\u2588\u2588\u2588\u2588\u2588\u2588\u2588\u2588\u2588\u2588\u2588\u2588\u2588\u2588\u2588\u2588\u2588\u2588\u2588\u2588\u2588\u2588\u2588\u2588\u2588\u2588\u2588\u2588\u2588\u2588\u2588\u2588\u2588\u2588\u2588\u2588\u2588\u2588\u2588\u2588\u2588\u2588\u2588\u2588\u2588\u2588\u2588\u2588\u2588\u2588\u2588\u2588\u2588\u2588\u2588\u258e                        | 767/919 [00:11<00:02, 65.41it/s]", "step": null, "ts": 1730799740.134212}]}, "version": 626, "at": 1730799740.1342685}
{"obj": {"type": "LogStrings", "path": ["monitoring", "552629ed", "stderr"], "values": [{"value": "\r 84%|\u2588\u2588\u2588\u2588\u2588\u2588\u2588\u2588\u2588\u2588\u2588\u2588\u2588\u2588\u2588\u2588\u2588\u2588\u2588\u2588\u2588\u2588\u2588\u2588\u2588\u2588\u2588\u2588\u2588\u2588\u2588\u2588\u2588\u2588\u2588\u2588\u2588\u2588\u2588\u2588\u2588\u2588\u2588\u2588\u2588\u2588\u2588\u2588\u2588\u2588\u2588\u2588\u2588\u2588\u2588\u2588\u2588\u2588\u2588\u2588\u2588\u2588\u2588\u2588\u2588\u2588\u2588\u2588\u2588\u2588\u2588\u2588\u2588\u2588\u2588\u2588\u2588\u2588\u2588\u2588\u2588\u2588\u2588\u2588\u2588\u2588\u2588\u2588\u2588\u2588\u2588\u2588\u2588\u2588\u2588\u2588\u2588\u2588\u2588\u2588\u2588\u2588\u2588\u2588\u2588\u2588\u2588\u2588\u2588\u2588\u2588\u2588\u2588\u2588\u2588\u2588\u2588\u2588\u2588\u2588\u2588\u2588\u2588\u2588\u2588\u258d                       | 774/919 [00:11<00:02, 65.32it/s]", "step": null, "ts": 1730799740.2417808}]}, "version": 627, "at": 1730799740.2418754}
{"obj": {"type": "LogStrings", "path": ["monitoring", "552629ed", "stderr"], "values": [{"value": "\r 85%|\u2588\u2588\u2588\u2588\u2588\u2588\u2588\u2588\u2588\u2588\u2588\u2588\u2588\u2588\u2588\u2588\u2588\u2588\u2588\u2588\u2588\u2588\u2588\u2588\u2588\u2588\u2588\u2588\u2588\u2588\u2588\u2588\u2588\u2588\u2588\u2588\u2588\u2588\u2588\u2588\u2588\u2588\u2588\u2588\u2588\u2588\u2588\u2588\u2588\u2588\u2588\u2588\u2588\u2588\u2588\u2588\u2588\u2588\u2588\u2588\u2588\u2588\u2588\u2588\u2588\u2588\u2588\u2588\u2588\u2588\u2588\u2588\u2588\u2588\u2588\u2588\u2588\u2588\u2588\u2588\u2588\u2588\u2588\u2588\u2588\u2588\u2588\u2588\u2588\u2588\u2588\u2588\u2588\u2588\u2588\u2588\u2588\u2588\u2588\u2588\u2588\u2588\u2588\u2588\u2588\u2588\u2588\u2588\u2588\u2588\u2588\u2588\u2588\u2588\u2588\u2588\u2588\u2588\u2588\u2588\u2588\u2588\u2588\u2588\u2588\u2588\u258b                      | 781/919 [00:12<00:02, 65.40it/s]", "step": null, "ts": 1730799740.3484704}]}, "version": 628, "at": 1730799740.348541}
{"obj": {"type": "LogStrings", "path": ["monitoring", "552629ed", "stderr"], "values": [{"value": "\r 86%|\u2588\u2588\u2588\u2588\u2588\u2588\u2588\u2588\u2588\u2588\u2588\u2588\u2588\u2588\u2588\u2588\u2588\u2588\u2588\u2588\u2588\u2588\u2588\u2588\u2588\u2588\u2588\u2588\u2588\u2588\u2588\u2588\u2588\u2588\u2588\u2588\u2588\u2588\u2588\u2588\u2588\u2588\u2588\u2588\u2588\u2588\u2588\u2588\u2588\u2588\u2588\u2588\u2588\u2588\u2588\u2588\u2588\u2588\u2588\u2588\u2588\u2588\u2588\u2588\u2588\u2588\u2588\u2588\u2588\u2588\u2588\u2588\u2588\u2588\u2588\u2588\u2588\u2588\u2588\u2588\u2588\u2588\u2588\u2588\u2588\u2588\u2588\u2588\u2588\u2588\u2588\u2588\u2588\u2588\u2588\u2588\u2588\u2588\u2588\u2588\u2588\u2588\u2588\u2588\u2588\u2588\u2588\u2588\u2588\u2588\u2588\u2588\u2588\u2588\u2588\u2588\u2588\u2588\u2588\u2588\u2588\u2588\u2588\u2588\u2588\u2588\u2588\u258a                     | 788/919 [00:12<00:01, 65.51it/s]", "step": null, "ts": 1730799740.4549344}]}, "version": 629, "at": 1730799740.4550326}
{"obj": {"type": "LogStrings", "path": ["monitoring", "552629ed", "stderr"], "values": [{"value": "\r 87%|\u2588\u2588\u2588\u2588\u2588\u2588\u2588\u2588\u2588\u2588\u2588\u2588\u2588\u2588\u2588\u2588\u2588\u2588\u2588\u2588\u2588\u2588\u2588\u2588\u2588\u2588\u2588\u2588\u2588\u2588\u2588\u2588\u2588\u2588\u2588\u2588\u2588\u2588\u2588\u2588\u2588\u2588\u2588\u2588\u2588\u2588\u2588\u2588\u2588\u2588\u2588\u2588\u2588\u2588\u2588\u2588\u2588\u2588\u2588\u2588\u2588\u2588\u2588\u2588\u2588\u2588\u2588\u2588\u2588\u2588\u2588\u2588\u2588\u2588\u2588\u2588\u2588\u2588\u2588\u2588\u2588\u2588\u2588\u2588\u2588\u2588\u2588\u2588\u2588\u2588\u2588\u2588\u2588\u2588\u2588\u2588\u2588\u2588\u2588\u2588\u2588\u2588\u2588\u2588\u2588\u2588\u2588\u2588\u2588\u2588\u2588\u2588\u2588\u2588\u2588\u2588\u2588\u2588\u2588\u2588\u2588\u2588\u2588\u2588\u2588\u2588\u2588\u2588\u2589                    | 795/919 [00:12<00:01, 65.68it/s]", "step": null, "ts": 1730799740.560835}]}, "version": 630, "at": 1730799740.5609136}
{"obj": {"type": "LogStrings", "path": ["monitoring", "552629ed", "stderr"], "values": [{"value": "\r 87%|\u2588\u2588\u2588\u2588\u2588\u2588\u2588\u2588\u2588\u2588\u2588\u2588\u2588\u2588\u2588\u2588\u2588\u2588\u2588\u2588\u2588\u2588\u2588\u2588\u2588\u2588\u2588\u2588\u2588\u2588\u2588\u2588\u2588\u2588\u2588\u2588\u2588\u2588\u2588\u2588\u2588\u2588\u2588\u2588\u2588\u2588\u2588\u2588\u2588\u2588\u2588\u2588\u2588\u2588\u2588\u2588\u2588\u2588\u2588\u2588\u2588\u2588\u2588\u2588\u2588\u2588\u2588\u2588\u2588\u2588\u2588\u2588\u2588\u2588\u2588\u2588\u2588\u2588\u2588\u2588\u2588\u2588\u2588\u2588\u2588\u2588\u2588\u2588\u2588\u2588\u2588\u2588\u2588\u2588\u2588\u2588\u2588\u2588\u2588\u2588\u2588\u2588\u2588\u2588\u2588\u2588\u2588\u2588\u2588\u2588\u2588\u2588\u2588\u2588\u2588\u2588\u2588\u2588\u2588\u2588\u2588\u2588\u2588\u2588\u2588\u2588\u2588\u2588\u2588\u2588                   | 802/919 [00:12<00:01, 65.78it/s]", "step": null, "ts": 1730799740.6669319}]}, "version": 631, "at": 1730799740.6670332}
{"obj": {"type": "LogStrings", "path": ["monitoring", "552629ed", "stderr"], "values": [{"value": "\r 88%|\u2588\u2588\u2588\u2588\u2588\u2588\u2588\u2588\u2588\u2588\u2588\u2588\u2588\u2588\u2588\u2588\u2588\u2588\u2588\u2588\u2588\u2588\u2588\u2588\u2588\u2588\u2588\u2588\u2588\u2588\u2588\u2588\u2588\u2588\u2588\u2588\u2588\u2588\u2588\u2588\u2588\u2588\u2588\u2588\u2588\u2588\u2588\u2588\u2588\u2588\u2588\u2588\u2588\u2588\u2588\u2588\u2588\u2588\u2588\u2588\u2588\u2588\u2588\u2588\u2588\u2588\u2588\u2588\u2588\u2588\u2588\u2588\u2588\u2588\u2588\u2588\u2588\u2588\u2588\u2588\u2588\u2588\u2588\u2588\u2588\u2588\u2588\u2588\u2588\u2588\u2588\u2588\u2588\u2588\u2588\u2588\u2588\u2588\u2588\u2588\u2588\u2588\u2588\u2588\u2588\u2588\u2588\u2588\u2588\u2588\u2588\u2588\u2588\u2588\u2588\u2588\u2588\u2588\u2588\u2588\u2588\u2588\u2588\u2588\u2588\u2588\u2588\u2588\u2588\u2588\u2588\u258f                 | 809/919 [00:12<00:01, 65.66it/s]", "step": null, "ts": 1730799740.773892}]}, "version": 632, "at": 1730799740.773963}
{"obj": {"type": "LogStrings", "path": ["monitoring", "552629ed", "stderr"], "values": [{"value": "\r 89%|\u2588\u2588\u2588\u2588\u2588\u2588\u2588\u2588\u2588\u2588\u2588\u2588\u2588\u2588\u2588\u2588\u2588\u2588\u2588\u2588\u2588\u2588\u2588\u2588\u2588\u2588\u2588\u2588\u2588\u2588\u2588\u2588\u2588\u2588\u2588\u2588\u2588\u2588\u2588\u2588\u2588\u2588\u2588\u2588\u2588\u2588\u2588\u2588\u2588\u2588\u2588\u2588\u2588\u2588\u2588\u2588\u2588\u2588\u2588\u2588\u2588\u2588\u2588\u2588\u2588\u2588\u2588\u2588\u2588\u2588\u2588\u2588\u2588\u2588\u2588\u2588\u2588\u2588\u2588\u2588\u2588\u2588\u2588\u2588\u2588\u2588\u2588\u2588\u2588\u2588\u2588\u2588\u2588\u2588\u2588\u2588\u2588\u2588\u2588\u2588\u2588\u2588\u2588\u2588\u2588\u2588\u2588\u2588\u2588\u2588\u2588\u2588\u2588\u2588\u2588\u2588\u2588\u2588\u2588\u2588\u2588\u2588\u2588\u2588\u2588\u2588\u2588\u2588\u2588\u2588\u2588\u2588\u258e                | 816/919 [00:12<00:01, 65.61it/s]", "step": null, "ts": 1730799740.8808124}]}, "version": 633, "at": 1730799740.880887}
{"obj": {"type": "LogStrings", "path": ["monitoring", "552629ed", "stderr"], "values": [{"value": "\r 90%|\u2588\u2588\u2588\u2588\u2588\u2588\u2588\u2588\u2588\u2588\u2588\u2588\u2588\u2588\u2588\u2588\u2588\u2588\u2588\u2588\u2588\u2588\u2588\u2588\u2588\u2588\u2588\u2588\u2588\u2588\u2588\u2588\u2588\u2588\u2588\u2588\u2588\u2588\u2588\u2588\u2588\u2588\u2588\u2588\u2588\u2588\u2588\u2588\u2588\u2588\u2588\u2588\u2588\u2588\u2588\u2588\u2588\u2588\u2588\u2588\u2588\u2588\u2588\u2588\u2588\u2588\u2588\u2588\u2588\u2588\u2588\u2588\u2588\u2588\u2588\u2588\u2588\u2588\u2588\u2588\u2588\u2588\u2588\u2588\u2588\u2588\u2588\u2588\u2588\u2588\u2588\u2588\u2588\u2588\u2588\u2588\u2588\u2588\u2588\u2588\u2588\u2588\u2588\u2588\u2588\u2588\u2588\u2588\u2588\u2588\u2588\u2588\u2588\u2588\u2588\u2588\u2588\u2588\u2588\u2588\u2588\u2588\u2588\u2588\u2588\u2588\u2588\u2588\u2588\u2588\u2588\u2588\u2588\u258d               | 823/919 [00:12<00:01, 65.58it/s]", "step": null, "ts": 1730799740.9876242}]}, "version": 634, "at": 1730799740.9877005}
{"obj": {"type": "LogStrings", "path": ["monitoring", "552629ed", "stderr"], "values": [{"value": "\r 90%|\u2588\u2588\u2588\u2588\u2588\u2588\u2588\u2588\u2588\u2588\u2588\u2588\u2588\u2588\u2588\u2588\u2588\u2588\u2588\u2588\u2588\u2588\u2588\u2588\u2588\u2588\u2588\u2588\u2588\u2588\u2588\u2588\u2588\u2588\u2588\u2588\u2588\u2588\u2588\u2588\u2588\u2588\u2588\u2588\u2588\u2588\u2588\u2588\u2588\u2588\u2588\u2588\u2588\u2588\u2588\u2588\u2588\u2588\u2588\u2588\u2588\u2588\u2588\u2588\u2588\u2588\u2588\u2588\u2588\u2588\u2588\u2588\u2588\u2588\u2588\u2588\u2588\u2588\u2588\u2588\u2588\u2588\u2588\u2588\u2588\u2588\u2588\u2588\u2588\u2588\u2588\u2588\u2588\u2588\u2588\u2588\u2588\u2588\u2588\u2588\u2588\u2588\u2588\u2588\u2588\u2588\u2588\u2588\u2588\u2588\u2588\u2588\u2588\u2588\u2588\u2588\u2588\u2588\u2588\u2588\u2588\u2588\u2588\u2588\u2588\u2588\u2588\u2588\u2588\u2588\u2588\u2588\u2588\u2588\u258c              | 830/919 [00:12<00:01, 65.62it/s]", "step": null, "ts": 1730799741.0941918}]}, "version": 635, "at": 1730799741.094277}
{"obj": {"type": "LogStrings", "path": ["monitoring", "552629ed", "stderr"], "values": [{"value": "\r 91%|\u2588\u2588\u2588\u2588\u2588\u2588\u2588\u2588\u2588\u2588\u2588\u2588\u2588\u2588\u2588\u2588\u2588\u2588\u2588\u2588\u2588\u2588\u2588\u2588\u2588\u2588\u2588\u2588\u2588\u2588\u2588\u2588\u2588\u2588\u2588\u2588\u2588\u2588\u2588\u2588\u2588\u2588\u2588\u2588\u2588\u2588\u2588\u2588\u2588\u2588\u2588\u2588\u2588\u2588\u2588\u2588\u2588\u2588\u2588\u2588\u2588\u2588\u2588\u2588\u2588\u2588\u2588\u2588\u2588\u2588\u2588\u2588\u2588\u2588\u2588\u2588\u2588\u2588\u2588\u2588\u2588\u2588\u2588\u2588\u2588\u2588\u2588\u2588\u2588\u2588\u2588\u2588\u2588\u2588\u2588\u2588\u2588\u2588\u2588\u2588\u2588\u2588\u2588\u2588\u2588\u2588\u2588\u2588\u2588\u2588\u2588\u2588\u2588\u2588\u2588\u2588\u2588\u2588\u2588\u2588\u2588\u2588\u2588\u2588\u2588\u2588\u2588\u2588\u2588\u2588\u2588\u2588\u2588\u2588\u2588\u258b             | 837/919 [00:12<00:01, 65.68it/s]", "step": null, "ts": 1730799741.2005603}]}, "version": 636, "at": 1730799741.200628}
{"obj": {"type": "LogStrings", "path": ["monitoring", "552629ed", "stderr"], "values": [{"value": "\r 92%|\u2588\u2588\u2588\u2588\u2588\u2588\u2588\u2588\u2588\u2588\u2588\u2588\u2588\u2588\u2588\u2588\u2588\u2588\u2588\u2588\u2588\u2588\u2588\u2588\u2588\u2588\u2588\u2588\u2588\u2588\u2588\u2588\u2588\u2588\u2588\u2588\u2588\u2588\u2588\u2588\u2588\u2588\u2588\u2588\u2588\u2588\u2588\u2588\u2588\u2588\u2588\u2588\u2588\u2588\u2588\u2588\u2588\u2588\u2588\u2588\u2588\u2588\u2588\u2588\u2588\u2588\u2588\u2588\u2588\u2588\u2588\u2588\u2588\u2588\u2588\u2588\u2588\u2588\u2588\u2588\u2588\u2588\u2588\u2588\u2588\u2588\u2588\u2588\u2588\u2588\u2588\u2588\u2588\u2588\u2588\u2588\u2588\u2588\u2588\u2588\u2588\u2588\u2588\u2588\u2588\u2588\u2588\u2588\u2588\u2588\u2588\u2588\u2588\u2588\u2588\u2588\u2588\u2588\u2588\u2588\u2588\u2588\u2588\u2588\u2588\u2588\u2588\u2588\u2588\u2588\u2588\u2588\u2588\u2588\u2588\u2588\u258a            | 844/919 [00:12<00:01, 65.64it/s]", "step": null, "ts": 1730799741.3073335}]}, "version": 637, "at": 1730799741.3074117}
{"obj": {"type": "LogStrings", "path": ["monitoring", "552629ed", "stderr"], "values": [{"value": "\r 93%|\u2588\u2588\u2588\u2588\u2588\u2588\u2588\u2588\u2588\u2588\u2588\u2588\u2588\u2588\u2588\u2588\u2588\u2588\u2588\u2588\u2588\u2588\u2588\u2588\u2588\u2588\u2588\u2588\u2588\u2588\u2588\u2588\u2588\u2588\u2588\u2588\u2588\u2588\u2588\u2588\u2588\u2588\u2588\u2588\u2588\u2588\u2588\u2588\u2588\u2588\u2588\u2588\u2588\u2588\u2588\u2588\u2588\u2588\u2588\u2588\u2588\u2588\u2588\u2588\u2588\u2588\u2588\u2588\u2588\u2588\u2588\u2588\u2588\u2588\u2588\u2588\u2588\u2588\u2588\u2588\u2588\u2588\u2588\u2588\u2588\u2588\u2588\u2588\u2588\u2588\u2588\u2588\u2588\u2588\u2588\u2588\u2588\u2588\u2588\u2588\u2588\u2588\u2588\u2588\u2588\u2588\u2588\u2588\u2588\u2588\u2588\u2588\u2588\u2588\u2588\u2588\u2588\u2588\u2588\u2588\u2588\u2588\u2588\u2588\u2588\u2588\u2588\u2588\u2588\u2588\u2588\u2588\u2588\u2588\u2588\u2588\u2588\u2589           | 851/919 [00:13<00:01, 65.73it/s]", "step": null, "ts": 1730799741.4134803}]}, "version": 638, "at": 1730799741.4135547}
{"obj": {"type": "LogStrings", "path": ["monitoring", "552629ed", "stderr"], "values": [{"value": "\r 93%|\u2588\u2588\u2588\u2588\u2588\u2588\u2588\u2588\u2588\u2588\u2588\u2588\u2588\u2588\u2588\u2588\u2588\u2588\u2588\u2588\u2588\u2588\u2588\u2588\u2588\u2588\u2588\u2588\u2588\u2588\u2588\u2588\u2588\u2588\u2588\u2588\u2588\u2588\u2588\u2588\u2588\u2588\u2588\u2588\u2588\u2588\u2588\u2588\u2588\u2588\u2588\u2588\u2588\u2588\u2588\u2588\u2588\u2588\u2588\u2588\u2588\u2588\u2588\u2588\u2588\u2588\u2588\u2588\u2588\u2588\u2588\u2588\u2588\u2588\u2588\u2588\u2588\u2588\u2588\u2588\u2588\u2588\u2588\u2588\u2588\u2588\u2588\u2588\u2588\u2588\u2588\u2588\u2588\u2588\u2588\u2588\u2588\u2588\u2588\u2588\u2588\u2588\u2588\u2588\u2588\u2588\u2588\u2588\u2588\u2588\u2588\u2588\u2588\u2588\u2588\u2588\u2588\u2588\u2588\u2588\u2588\u2588\u2588\u2588\u2588\u2588\u2588\u2588\u2588\u2588\u2588\u2588\u2588\u2588\u2588\u2588\u2588\u2588\u2588          | 858/919 [00:13<00:00, 65.56it/s]", "step": null, "ts": 1730799741.5208538}]}, "version": 639, "at": 1730799741.5209222}
{"obj": {"type": "LogStrings", "path": ["monitoring", "552629ed", "stderr"], "values": [{"value": "\r 94%|\u2588\u2588\u2588\u2588\u2588\u2588\u2588\u2588\u2588\u2588\u2588\u2588\u2588\u2588\u2588\u2588\u2588\u2588\u2588\u2588\u2588\u2588\u2588\u2588\u2588\u2588\u2588\u2588\u2588\u2588\u2588\u2588\u2588\u2588\u2588\u2588\u2588\u2588\u2588\u2588\u2588\u2588\u2588\u2588\u2588\u2588\u2588\u2588\u2588\u2588\u2588\u2588\u2588\u2588\u2588\u2588\u2588\u2588\u2588\u2588\u2588\u2588\u2588\u2588\u2588\u2588\u2588\u2588\u2588\u2588\u2588\u2588\u2588\u2588\u2588\u2588\u2588\u2588\u2588\u2588\u2588\u2588\u2588\u2588\u2588\u2588\u2588\u2588\u2588\u2588\u2588\u2588\u2588\u2588\u2588\u2588\u2588\u2588\u2588\u2588\u2588\u2588\u2588\u2588\u2588\u2588\u2588\u2588\u2588\u2588\u2588\u2588\u2588\u2588\u2588\u2588\u2588\u2588\u2588\u2588\u2588\u2588\u2588\u2588\u2588\u2588\u2588\u2588\u2588\u2588\u2588\u2588\u2588\u2588\u2588\u2588\u2588\u2588\u2588\u2588\u258f        | 865/919 [00:13<00:00, 65.62it/s]", "step": null, "ts": 1730799741.627364}]}, "version": 640, "at": 1730799741.627445}
{"obj": {"type": "LogStrings", "path": ["monitoring", "552629ed", "stderr"], "values": [{"value": "\r 95%|\u2588\u2588\u2588\u2588\u2588\u2588\u2588\u2588\u2588\u2588\u2588\u2588\u2588\u2588\u2588\u2588\u2588\u2588\u2588\u2588\u2588\u2588\u2588\u2588\u2588\u2588\u2588\u2588\u2588\u2588\u2588\u2588\u2588\u2588\u2588\u2588\u2588\u2588\u2588\u2588\u2588\u2588\u2588\u2588\u2588\u2588\u2588\u2588\u2588\u2588\u2588\u2588\u2588\u2588\u2588\u2588\u2588\u2588\u2588\u2588\u2588\u2588\u2588\u2588\u2588\u2588\u2588\u2588\u2588\u2588\u2588\u2588\u2588\u2588\u2588\u2588\u2588\u2588\u2588\u2588\u2588\u2588\u2588\u2588\u2588\u2588\u2588\u2588\u2588\u2588\u2588\u2588\u2588\u2588\u2588\u2588\u2588\u2588\u2588\u2588\u2588\u2588\u2588\u2588\u2588\u2588\u2588\u2588\u2588\u2588\u2588\u2588\u2588\u2588\u2588\u2588\u2588\u2588\u2588\u2588\u2588\u2588\u2588\u2588\u2588\u2588\u2588\u2588\u2588\u2588\u2588\u2588\u2588\u2588\u2588\u2588\u2588\u2588\u2588\u2588\u2588\u258d       | 872/919 [00:13<00:00, 65.79it/s]", "step": null, "ts": 1730799741.7330709}]}, "version": 641, "at": 1730799741.733143}
{"obj": {"type": "LogStrings", "path": ["monitoring", "552629ed", "stderr"], "values": [{"value": "\r 96%|\u2588\u2588\u2588\u2588\u2588\u2588\u2588\u2588\u2588\u2588\u2588\u2588\u2588\u2588\u2588\u2588\u2588\u2588\u2588\u2588\u2588\u2588\u2588\u2588\u2588\u2588\u2588\u2588\u2588\u2588\u2588\u2588\u2588\u2588\u2588\u2588\u2588\u2588\u2588\u2588\u2588\u2588\u2588\u2588\u2588\u2588\u2588\u2588\u2588\u2588\u2588\u2588\u2588\u2588\u2588\u2588\u2588\u2588\u2588\u2588\u2588\u2588\u2588\u2588\u2588\u2588\u2588\u2588\u2588\u2588\u2588\u2588\u2588\u2588\u2588\u2588\u2588\u2588\u2588\u2588\u2588\u2588\u2588\u2588\u2588\u2588\u2588\u2588\u2588\u2588\u2588\u2588\u2588\u2588\u2588\u2588\u2588\u2588\u2588\u2588\u2588\u2588\u2588\u2588\u2588\u2588\u2588\u2588\u2588\u2588\u2588\u2588\u2588\u2588\u2588\u2588\u2588\u2588\u2588\u2588\u2588\u2588\u2588\u2588\u2588\u2588\u2588\u2588\u2588\u2588\u2588\u2588\u2588\u2588\u2588\u2588\u2588\u2588\u2588\u2588\u2588\u2588\u258c      | 879/919 [00:13<00:00, 65.60it/s]", "step": null, "ts": 1730799741.8405879}]}, "version": 642, "at": 1730799741.8406847}
{"obj": {"type": "LogStrings", "path": ["monitoring", "552629ed", "stderr"], "values": [{"value": "\r 96%|\u2588\u2588\u2588\u2588\u2588\u2588\u2588\u2588\u2588\u2588\u2588\u2588\u2588\u2588\u2588\u2588\u2588\u2588\u2588\u2588\u2588\u2588\u2588\u2588\u2588\u2588\u2588\u2588\u2588\u2588\u2588\u2588\u2588\u2588\u2588\u2588\u2588\u2588\u2588\u2588\u2588\u2588\u2588\u2588\u2588\u2588\u2588\u2588\u2588\u2588\u2588\u2588\u2588\u2588\u2588\u2588\u2588\u2588\u2588\u2588\u2588\u2588\u2588\u2588\u2588\u2588\u2588\u2588\u2588\u2588\u2588\u2588\u2588\u2588\u2588\u2588\u2588\u2588\u2588\u2588\u2588\u2588\u2588\u2588\u2588\u2588\u2588\u2588\u2588\u2588\u2588\u2588\u2588\u2588\u2588\u2588\u2588\u2588\u2588\u2588\u2588\u2588\u2588\u2588\u2588\u2588\u2588\u2588\u2588\u2588\u2588\u2588\u2588\u2588\u2588\u2588\u2588\u2588\u2588\u2588\u2588\u2588\u2588\u2588\u2588\u2588\u2588\u2588\u2588\u2588\u2588\u2588\u2588\u2588\u2588\u2588\u2588\u2588\u2588\u2588\u2588\u2588\u2588\u258b     | 886/919 [00:13<00:00, 65.56it/s]", "step": null, "ts": 1730799741.9473925}]}, "version": 643, "at": 1730799741.9474618}
{"obj": {"type": "LogStrings", "path": ["monitoring", "552629ed", "stderr"], "values": [{"value": "\r 97%|\u2588\u2588\u2588\u2588\u2588\u2588\u2588\u2588\u2588\u2588\u2588\u2588\u2588\u2588\u2588\u2588\u2588\u2588\u2588\u2588\u2588\u2588\u2588\u2588\u2588\u2588\u2588\u2588\u2588\u2588\u2588\u2588\u2588\u2588\u2588\u2588\u2588\u2588\u2588\u2588\u2588\u2588\u2588\u2588\u2588\u2588\u2588\u2588\u2588\u2588\u2588\u2588\u2588\u2588\u2588\u2588\u2588\u2588\u2588\u2588\u2588\u2588\u2588\u2588\u2588\u2588\u2588\u2588\u2588\u2588\u2588\u2588\u2588\u2588\u2588\u2588\u2588\u2588\u2588\u2588\u2588\u2588\u2588\u2588\u2588\u2588\u2588\u2588\u2588\u2588\u2588\u2588\u2588\u2588\u2588\u2588\u2588\u2588\u2588\u2588\u2588\u2588\u2588\u2588\u2588\u2588\u2588\u2588\u2588\u2588\u2588\u2588\u2588\u2588\u2588\u2588\u2588\u2588\u2588\u2588\u2588\u2588\u2588\u2588\u2588\u2588\u2588\u2588\u2588\u2588\u2588\u2588\u2588\u2588\u2588\u2588\u2588\u2588\u2588\u2588\u2588\u2588\u2588\u2588\u258a    | 893/919 [00:13<00:00, 65.39it/s]", "step": null, "ts": 1730799742.0551481}]}, "version": 644, "at": 1730799742.0552382}
{"obj": {"type": "LogStrings", "path": ["monitoring", "552629ed", "stderr"], "values": [{"value": "\r 98%|\u2588\u2588\u2588\u2588\u2588\u2588\u2588\u2588\u2588\u2588\u2588\u2588\u2588\u2588\u2588\u2588\u2588\u2588\u2588\u2588\u2588\u2588\u2588\u2588\u2588\u2588\u2588\u2588\u2588\u2588\u2588\u2588\u2588\u2588\u2588\u2588\u2588\u2588\u2588\u2588\u2588\u2588\u2588\u2588\u2588\u2588\u2588\u2588\u2588\u2588\u2588\u2588\u2588\u2588\u2588\u2588\u2588\u2588\u2588\u2588\u2588\u2588\u2588\u2588\u2588\u2588\u2588\u2588\u2588\u2588\u2588\u2588\u2588\u2588\u2588\u2588\u2588\u2588\u2588\u2588\u2588\u2588\u2588\u2588\u2588\u2588\u2588\u2588\u2588\u2588\u2588\u2588\u2588\u2588\u2588\u2588\u2588\u2588\u2588\u2588\u2588\u2588\u2588\u2588\u2588\u2588\u2588\u2588\u2588\u2588\u2588\u2588\u2588\u2588\u2588\u2588\u2588\u2588\u2588\u2588\u2588\u2588\u2588\u2588\u2588\u2588\u2588\u2588\u2588\u2588\u2588\u2588\u2588\u2588\u2588\u2588\u2588\u2588\u2588\u2588\u2588\u2588\u2588\u2588\u2588\u2589   | 900/919 [00:13<00:00, 65.53it/s]", "step": null, "ts": 1730799742.1614103}]}, "version": 645, "at": 1730799742.1614847}
{"obj": {"type": "LogStrings", "path": ["monitoring", "552629ed", "stderr"], "values": [{"value": "\r 99%|\u2588\u2588\u2588\u2588\u2588\u2588\u2588\u2588\u2588\u2588\u2588\u2588\u2588\u2588\u2588\u2588\u2588\u2588\u2588\u2588\u2588\u2588\u2588\u2588\u2588\u2588\u2588\u2588\u2588\u2588\u2588\u2588\u2588\u2588\u2588\u2588\u2588\u2588\u2588\u2588\u2588\u2588\u2588\u2588\u2588\u2588\u2588\u2588\u2588\u2588\u2588\u2588\u2588\u2588\u2588\u2588\u2588\u2588\u2588\u2588\u2588\u2588\u2588\u2588\u2588\u2588\u2588\u2588\u2588\u2588\u2588\u2588\u2588\u2588\u2588\u2588\u2588\u2588\u2588\u2588\u2588\u2588\u2588\u2588\u2588\u2588\u2588\u2588\u2588\u2588\u2588\u2588\u2588\u2588\u2588\u2588\u2588\u2588\u2588\u2588\u2588\u2588\u2588\u2588\u2588\u2588\u2588\u2588\u2588\u2588\u2588\u2588\u2588\u2588\u2588\u2588\u2588\u2588\u2588\u2588\u2588\u2588\u2588\u2588\u2588\u2588\u2588\u2588\u2588\u2588\u2588\u2588\u2588\u2588\u2588\u2588\u2588\u2588\u2588\u2588\u2588\u2588\u2588\u2588\u2588\u2588\u2588  | 907/919 [00:13<00:00, 65.39it/s]", "step": null, "ts": 1730799742.2689564}]}, "version": 646, "at": 1730799742.2690318}
{"obj": {"type": "LogStrings", "path": ["monitoring", "552629ed", "stderr"], "values": [{"value": "\r 99%|\u2588\u2588\u2588\u2588\u2588\u2588\u2588\u2588\u2588\u2588\u2588\u2588\u2588\u2588\u2588\u2588\u2588\u2588\u2588\u2588\u2588\u2588\u2588\u2588\u2588\u2588\u2588\u2588\u2588\u2588\u2588\u2588\u2588\u2588\u2588\u2588\u2588\u2588\u2588\u2588\u2588\u2588\u2588\u2588\u2588\u2588\u2588\u2588\u2588\u2588\u2588\u2588\u2588\u2588\u2588\u2588\u2588\u2588\u2588\u2588\u2588\u2588\u2588\u2588\u2588\u2588\u2588\u2588\u2588\u2588\u2588\u2588\u2588\u2588\u2588\u2588\u2588\u2588\u2588\u2588\u2588\u2588\u2588\u2588\u2588\u2588\u2588\u2588\u2588\u2588\u2588\u2588\u2588\u2588\u2588\u2588\u2588\u2588\u2588\u2588\u2588\u2588\u2588\u2588\u2588\u2588\u2588\u2588\u2588\u2588\u2588\u2588\u2588\u2588\u2588\u2588\u2588\u2588\u2588\u2588\u2588\u2588\u2588\u2588\u2588\u2588\u2588\u2588\u2588\u2588\u2588\u2588\u2588\u2588\u2588\u2588\u2588\u2588\u2588\u2588\u2588\u2588\u2588\u2588\u2588\u2588\u2588\u2588\u258f| 914/919 [00:14<00:00, 65.25it/s]", "step": null, "ts": 1730799742.3769226}]}, "version": 647, "at": 1730799742.3770196}
{"obj": {"type": "LogStrings", "path": ["monitoring", "552629ed", "stderr"], "values": [{"value": "", "step": null, "ts": 1730799742.4546063}]}, "version": 648, "at": 1730799742.4546642}
{"obj": {"type": "LogStrings", "path": ["monitoring", "552629ed", "stderr"], "values": [{"value": "\r100%|\u2588\u2588\u2588\u2588\u2588\u2588\u2588\u2588\u2588\u2588\u2588\u2588\u2588\u2588\u2588\u2588\u2588\u2588\u2588\u2588\u2588\u2588\u2588\u2588\u2588\u2588\u2588\u2588\u2588\u2588\u2588\u2588\u2588\u2588\u2588\u2588\u2588\u2588\u2588\u2588\u2588\u2588\u2588\u2588\u2588\u2588\u2588\u2588\u2588\u2588\u2588\u2588\u2588\u2588\u2588\u2588\u2588\u2588\u2588\u2588\u2588\u2588\u2588\u2588\u2588\u2588\u2588\u2588\u2588\u2588\u2588\u2588\u2588\u2588\u2588\u2588\u2588\u2588\u2588\u2588\u2588\u2588\u2588\u2588\u2588\u2588\u2588\u2588\u2588\u2588\u2588\u2588\u2588\u2588\u2588\u2588\u2588\u2588\u2588\u2588\u2588\u2588\u2588\u2588\u2588\u2588\u2588\u2588\u2588\u2588\u2588\u2588\u2588\u2588\u2588\u2588\u2588\u2588\u2588\u2588\u2588\u2588\u2588\u2588\u2588\u2588\u2588\u2588\u2588\u2588\u2588\u2588\u2588\u2588\u2588\u2588\u2588\u2588\u2588\u2588\u2588\u2588\u2588\u2588\u2588\u2588\u2588\u2588\u2588| 919/919 [00:14<00:00, 65.08it/s]", "step": null, "ts": 1730799742.4552062}]}, "version": 649, "at": 1730799742.4552457}
{"obj": {"type": "LogStrings", "path": ["monitoring", "552629ed", "stderr"], "values": [{"value": "\n", "step": null, "ts": 1730799742.4554625}]}, "version": 650, "at": 1730799742.455492}
{"obj": {"type": "LogFloats", "path": ["monitoring", "552629ed", "cpu"], "values": [{"value": 39.6, "step": null, "ts": 1730799746.7920778}]}, "version": 651, "at": 1730799746.7940068}
{"obj": {"type": "LogFloats", "path": ["monitoring", "552629ed", "memory"], "values": [{"value": 10.716621398925781, "step": null, "ts": 1730799746.7920778}]}, "version": 652, "at": 1730799746.794231}
{"obj": {"type": "LogFloats", "path": ["monitoring", "552629ed", "gpu_memory"], "values": [{"value": 1.07916259765625, "step": null, "ts": 1730799746.7920778}]}, "version": 653, "at": 1730799746.7943652}
{"obj": {"type": "LogFloats", "path": ["monitoring", "552629ed", "gpu_power"], "values": [{"value": 46.056, "step": null, "ts": 1730799746.7920778}]}, "version": 654, "at": 1730799746.7944856}
{"obj": {"type": "LogStrings", "path": ["monitoring", "552629ed", "stdout"], "values": [{"value": "[4/21]", "step": null, "ts": 1730799747.2243705}]}, "version": 655, "at": 1730799747.2244253}
{"obj": {"type": "LogStrings", "path": ["monitoring", "552629ed", "stdout"], "values": [{"value": "\n", "step": null, "ts": 1730799747.2247903}]}, "version": 656, "at": 1730799747.224961}
{"obj": {"type": "LogStrings", "path": ["monitoring", "552629ed", "stderr"], "values": [{"value": "\r  0%|                                                                                                                                                               | 0/943 [00:00<?, ?it/s]", "step": null, "ts": 1730799747.2252018}]}, "version": 657, "at": 1730799747.2252438}
{"obj": {"type": "LogStrings", "path": ["monitoring", "552629ed", "stderr"], "values": [{"value": "\r  1%|\u2589                                                                                                                                                      | 6/943 [00:00<00:15, 59.92it/s]", "step": null, "ts": 1730799747.3250234}]}, "version": 658, "at": 1730799747.3251026}
{"obj": {"type": "LogStrings", "path": ["monitoring", "552629ed", "stderr"], "values": [{"value": "\r  1%|\u2588\u2588                                                                                                                                                    | 13/943 [00:00<00:15, 61.22it/s]", "step": null, "ts": 1730799747.437933}]}, "version": 659, "at": 1730799747.438035}
{"obj": {"type": "LogStrings", "path": ["monitoring", "552629ed", "stderr"], "values": [{"value": "\r  2%|\u2588\u2588\u2588\u258f                                                                                                                                                  | 20/943 [00:00<00:14, 63.32it/s]", "step": null, "ts": 1730799747.5441487}]}, "version": 660, "at": 1730799747.5442336}
{"obj": {"type": "LogStrings", "path": ["monitoring", "552629ed", "stderr"], "values": [{"value": "\r  3%|\u2588\u2588\u2588\u2588\u258e                                                                                                                                                 | 27/943 [00:00<00:14, 64.75it/s]", "step": null, "ts": 1730799747.6486826}]}, "version": 661, "at": 1730799747.6487615}
{"obj": {"type": "LogStrings", "path": ["monitoring", "552629ed", "stderr"], "values": [{"value": "\r  4%|\u2588\u2588\u2588\u2588\u2588\u258d                                                                                                                                                | 34/943 [00:00<00:13, 65.05it/s]", "step": null, "ts": 1730799747.7554402}]}, "version": 662, "at": 1730799747.7555072}
{"obj": {"type": "LogStrings", "path": ["monitoring", "552629ed", "stderr"], "values": [{"value": "\r  4%|\u2588\u2588\u2588\u2588\u2588\u2588\u258c                                                                                                                                               | 41/943 [00:00<00:13, 66.22it/s]", "step": null, "ts": 1730799747.857519}]}, "version": 663, "at": 1730799747.8575861}
{"obj": {"type": "LogStrings", "path": ["monitoring", "552629ed", "stderr"], "values": [{"value": "\r  5%|\u2588\u2588\u2588\u2588\u2588\u2588\u2588\u258b                                                                                                                                              | 48/943 [00:00<00:13, 66.26it/s]", "step": null, "ts": 1730799747.9630394}]}, "version": 664, "at": 1730799747.963141}
{"obj": {"type": "LogStrings", "path": ["monitoring", "552629ed", "stderr"], "values": [{"value": "\r  6%|\u2588\u2588\u2588\u2588\u2588\u2588\u2588\u2588\u258b                                                                                                                                             | 55/943 [00:00<00:13, 65.70it/s]", "step": null, "ts": 1730799748.0714786}]}, "version": 665, "at": 1730799748.071568}
{"obj": {"type": "LogStrings", "path": ["monitoring", "552629ed", "stderr"], "values": [{"value": "\r  7%|\u2588\u2588\u2588\u2588\u2588\u2588\u2588\u2588\u2588\u2588                                                                                                                                            | 63/943 [00:00<00:13, 67.16it/s]", "step": null, "ts": 1730799748.1855068}]}, "version": 666, "at": 1730799748.1855898}
{"obj": {"type": "LogStrings", "path": ["monitoring", "552629ed", "stderr"], "values": [{"value": "\r  7%|\u2588\u2588\u2588\u2588\u2588\u2588\u2588\u2588\u2588\u2588\u2588\u258f                                                                                                                                          | 70/943 [00:01<00:13, 66.51it/s]", "step": null, "ts": 1730799748.2931194}]}, "version": 667, "at": 1730799748.2931826}
{"obj": {"type": "LogStrings", "path": ["monitoring", "552629ed", "stderr"], "values": [{"value": "\r  8%|\u2588\u2588\u2588\u2588\u2588\u2588\u2588\u2588\u2588\u2588\u2588\u2588\u258f                                                                                                                                         | 77/943 [00:01<00:13, 66.58it/s]", "step": null, "ts": 1730799748.3979795}]}, "version": 668, "at": 1730799748.3980567}
{"obj": {"type": "LogStrings", "path": ["monitoring", "552629ed", "stderr"], "values": [{"value": "\r  9%|\u2588\u2588\u2588\u2588\u2588\u2588\u2588\u2588\u2588\u2588\u2588\u2588\u2588\u258c                                                                                                                                        | 85/943 [00:01<00:12, 68.07it/s]", "step": null, "ts": 1730799748.510173}]}, "version": 669, "at": 1730799748.5102475}
{"obj": {"type": "LogStrings", "path": ["monitoring", "552629ed", "stderr"], "values": [{"value": "\r 10%|\u2588\u2588\u2588\u2588\u2588\u2588\u2588\u2588\u2588\u2588\u2588\u2588\u2588\u2588\u258a                                                                                                                                       | 93/943 [00:01<00:12, 70.17it/s]", "step": null, "ts": 1730799748.6166296}]}, "version": 670, "at": 1730799748.6167233}
{"obj": {"type": "LogStrings", "path": ["monitoring", "552629ed", "stderr"], "values": [{"value": "\r 11%|\u2588\u2588\u2588\u2588\u2588\u2588\u2588\u2588\u2588\u2588\u2588\u2588\u2588\u2588\u2588\u2589                                                                                                                                     | 101/943 [00:01<00:11, 70.37it/s]", "step": null, "ts": 1730799748.7296743}]}, "version": 671, "at": 1730799748.7297359}
{"obj": {"type": "LogStrings", "path": ["monitoring", "552629ed", "stderr"], "values": [{"value": "\r 12%|\u2588\u2588\u2588\u2588\u2588\u2588\u2588\u2588\u2588\u2588\u2588\u2588\u2588\u2588\u2588\u2588\u2588\u258f                                                                                                                                   | 109/943 [00:01<00:11, 70.64it/s]", "step": null, "ts": 1730799748.8419535}]}, "version": 672, "at": 1730799748.8420434}
{"obj": {"type": "LogStrings", "path": ["monitoring", "552629ed", "stderr"], "values": [{"value": "\r 12%|\u2588\u2588\u2588\u2588\u2588\u2588\u2588\u2588\u2588\u2588\u2588\u2588\u2588\u2588\u2588\u2588\u2588\u2588\u258d                                                                                                                                  | 117/943 [00:01<00:11, 70.99it/s]", "step": null, "ts": 1730799748.9533703}]}, "version": 673, "at": 1730799748.953446}
{"obj": {"type": "LogStrings", "path": ["monitoring", "552629ed", "stderr"], "values": [{"value": "\r 13%|\u2588\u2588\u2588\u2588\u2588\u2588\u2588\u2588\u2588\u2588\u2588\u2588\u2588\u2588\u2588\u2588\u2588\u2588\u2588\u258a                                                                                                                                 | 125/943 [00:01<00:11, 71.41it/s]", "step": null, "ts": 1730799749.0638523}]}, "version": 674, "at": 1730799749.0639489}
{"obj": {"type": "LogStrings", "path": ["monitoring", "552629ed", "stderr"], "values": [{"value": "\r 14%|\u2588\u2588\u2588\u2588\u2588\u2588\u2588\u2588\u2588\u2588\u2588\u2588\u2588\u2588\u2588\u2588\u2588\u2588\u2588\u2588\u2588                                                                                                                                | 133/943 [00:01<00:11, 69.58it/s]", "step": null, "ts": 1730799749.1856747}]}, "version": 675, "at": 1730799749.1857457}
{"obj": {"type": "LogStrings", "path": ["monitoring", "552629ed", "stderr"], "values": [{"value": "\r 15%|\u2588\u2588\u2588\u2588\u2588\u2588\u2588\u2588\u2588\u2588\u2588\u2588\u2588\u2588\u2588\u2588\u2588\u2588\u2588\u2588\u2588\u2588                                                                                                                               | 140/943 [00:02<00:11, 68.35it/s]", "step": null, "ts": 1730799749.2928526}]}, "version": 676, "at": 1730799749.2929246}
{"obj": {"type": "LogStrings", "path": ["monitoring", "552629ed", "stderr"], "values": [{"value": "\r 16%|\u2588\u2588\u2588\u2588\u2588\u2588\u2588\u2588\u2588\u2588\u2588\u2588\u2588\u2588\u2588\u2588\u2588\u2588\u2588\u2588\u2588\u2588\u2588\u258f                                                                                                                             | 147/943 [00:02<00:14, 54.93it/s]", "step": null, "ts": 1730799749.4839783}]}, "version": 677, "at": 1730799749.484073}
{"obj": {"type": "LogStrings", "path": ["monitoring", "552629ed", "stderr"], "values": [{"value": "\r 16%|\u2588\u2588\u2588\u2588\u2588\u2588\u2588\u2588\u2588\u2588\u2588\u2588\u2588\u2588\u2588\u2588\u2588\u2588\u2588\u2588\u2588\u2588\u2588\u2588\u258e                                                                                                                            | 154/943 [00:02<00:13, 58.09it/s]", "step": null, "ts": 1730799749.5872521}]}, "version": 678, "at": 1730799749.5873375}
{"obj": {"type": "LogStrings", "path": ["monitoring", "552629ed", "stderr"], "values": [{"value": "\r 17%|\u2588\u2588\u2588\u2588\u2588\u2588\u2588\u2588\u2588\u2588\u2588\u2588\u2588\u2588\u2588\u2588\u2588\u2588\u2588\u2588\u2588\u2588\u2588\u2588\u2588\u258d                                                                                                                           | 161/943 [00:02<00:13, 60.10it/s]", "step": null, "ts": 1730799749.6939096}]}, "version": 679, "at": 1730799749.6939745}
{"obj": {"type": "LogStrings", "path": ["monitoring", "552629ed", "stderr"], "values": [{"value": "\r 18%|\u2588\u2588\u2588\u2588\u2588\u2588\u2588\u2588\u2588\u2588\u2588\u2588\u2588\u2588\u2588\u2588\u2588\u2588\u2588\u2588\u2588\u2588\u2588\u2588\u2588\u2588\u258c                                                                                                                          | 168/943 [00:02<00:12, 61.71it/s]", "step": null, "ts": 1730799749.8000715}]}, "version": 680, "at": 1730799749.8001409}
{"obj": {"type": "LogStrings", "path": ["monitoring", "552629ed", "stderr"], "values": [{"value": "\r 19%|\u2588\u2588\u2588\u2588\u2588\u2588\u2588\u2588\u2588\u2588\u2588\u2588\u2588\u2588\u2588\u2588\u2588\u2588\u2588\u2588\u2588\u2588\u2588\u2588\u2588\u2588\u2588\u258b                                                                                                                         | 175/943 [00:02<00:12, 63.15it/s]", "step": null, "ts": 1730799749.9047298}]}, "version": 681, "at": 1730799749.9048085}
{"obj": {"type": "LogStrings", "path": ["monitoring", "552629ed", "stderr"], "values": [{"value": "\r 19%|\u2588\u2588\u2588\u2588\u2588\u2588\u2588\u2588\u2588\u2588\u2588\u2588\u2588\u2588\u2588\u2588\u2588\u2588\u2588\u2588\u2588\u2588\u2588\u2588\u2588\u2588\u2588\u2588\u258a                                                                                                                        | 182/943 [00:02<00:11, 64.47it/s]", "step": null, "ts": 1730799750.007906}]}, "version": 682, "at": 1730799750.0079854}
{"obj": {"type": "LogStrings", "path": ["monitoring", "552629ed", "stderr"], "values": [{"value": "\r 20%|\u2588\u2588\u2588\u2588\u2588\u2588\u2588\u2588\u2588\u2588\u2588\u2588\u2588\u2588\u2588\u2588\u2588\u2588\u2588\u2588\u2588\u2588\u2588\u2588\u2588\u2588\u2588\u2588\u2588\u2588                                                                                                                       | 190/943 [00:02<00:11, 66.94it/s]", "step": null, "ts": 1730799750.1180158}]}, "version": 683, "at": 1730799750.1180978}
{"obj": {"type": "LogStrings", "path": ["monitoring", "552629ed", "stderr"], "values": [{"value": "\r 21%|\u2588\u2588\u2588\u2588\u2588\u2588\u2588\u2588\u2588\u2588\u2588\u2588\u2588\u2588\u2588\u2588\u2588\u2588\u2588\u2588\u2588\u2588\u2588\u2588\u2588\u2588\u2588\u2588\u2588\u2588\u2588\u258e                                                                                                                     | 198/943 [00:03<00:11, 66.91it/s]", "step": null, "ts": 1730799750.2377112}]}, "version": 684, "at": 1730799750.2377958}
{"obj": {"type": "LogStrings", "path": ["monitoring", "552629ed", "stderr"], "values": [{"value": "\r 22%|\u2588\u2588\u2588\u2588\u2588\u2588\u2588\u2588\u2588\u2588\u2588\u2588\u2588\u2588\u2588\u2588\u2588\u2588\u2588\u2588\u2588\u2588\u2588\u2588\u2588\u2588\u2588\u2588\u2588\u2588\u2588\u2588\u258d                                                                                                                    | 205/943 [00:03<00:11, 66.34it/s]", "step": null, "ts": 1730799750.3454924}]}, "version": 685, "at": 1730799750.345572}
{"obj": {"type": "LogStrings", "path": ["monitoring", "552629ed", "stderr"], "values": [{"value": "\r 22%|\u2588\u2588\u2588\u2588\u2588\u2588\u2588\u2588\u2588\u2588\u2588\u2588\u2588\u2588\u2588\u2588\u2588\u2588\u2588\u2588\u2588\u2588\u2588\u2588\u2588\u2588\u2588\u2588\u2588\u2588\u2588\u2588\u2588\u258d                                                                                                                   | 212/943 [00:03<00:13, 53.76it/s]", "step": null, "ts": 1730799750.5364578}]}, "version": 686, "at": 1730799750.5365372}
{"obj": {"type": "LogStrings", "path": ["monitoring", "552629ed", "stderr"], "values": [{"value": "\r 23%|\u2588\u2588\u2588\u2588\u2588\u2588\u2588\u2588\u2588\u2588\u2588\u2588\u2588\u2588\u2588\u2588\u2588\u2588\u2588\u2588\u2588\u2588\u2588\u2588\u2588\u2588\u2588\u2588\u2588\u2588\u2588\u2588\u2588\u2588\u258c                                                                                                                  | 219/943 [00:03<00:12, 56.67it/s]", "step": null, "ts": 1730799750.6439567}]}, "version": 687, "at": 1730799750.6440203}
{"obj": {"type": "LogStrings", "path": ["monitoring", "552629ed", "stderr"], "values": [{"value": "\r 24%|\u2588\u2588\u2588\u2588\u2588\u2588\u2588\u2588\u2588\u2588\u2588\u2588\u2588\u2588\u2588\u2588\u2588\u2588\u2588\u2588\u2588\u2588\u2588\u2588\u2588\u2588\u2588\u2588\u2588\u2588\u2588\u2588\u2588\u2588\u2588\u258b                                                                                                                 | 226/943 [00:03<00:12, 59.42it/s]", "step": null, "ts": 1730799750.747925}]}, "version": 688, "at": 1730799750.748012}
{"obj": {"type": "LogStrings", "path": ["monitoring", "552629ed", "stderr"], "values": [{"value": "\r 25%|\u2588\u2588\u2588\u2588\u2588\u2588\u2588\u2588\u2588\u2588\u2588\u2588\u2588\u2588\u2588\u2588\u2588\u2588\u2588\u2588\u2588\u2588\u2588\u2588\u2588\u2588\u2588\u2588\u2588\u2588\u2588\u2588\u2588\u2588\u2588\u2588\u258a                                                                                                                | 233/943 [00:03<00:11, 61.62it/s]", "step": null, "ts": 1730799750.8514268}]}, "version": 689, "at": 1730799750.8515115}
{"obj": {"type": "LogStrings", "path": ["monitoring", "552629ed", "stderr"], "values": [{"value": "\r 25%|\u2588\u2588\u2588\u2588\u2588\u2588\u2588\u2588\u2588\u2588\u2588\u2588\u2588\u2588\u2588\u2588\u2588\u2588\u2588\u2588\u2588\u2588\u2588\u2588\u2588\u2588\u2588\u2588\u2588\u2588\u2588\u2588\u2588\u2588\u2588\u2588\u2588\u2589                                                                                                               | 240/943 [00:03<00:11, 62.93it/s]", "step": null, "ts": 1730799750.9571648}]}, "version": 690, "at": 1730799750.9572344}
{"obj": {"type": "LogStrings", "path": ["monitoring", "552629ed", "stderr"], "values": [{"value": "\r 26%|\u2588\u2588\u2588\u2588\u2588\u2588\u2588\u2588\u2588\u2588\u2588\u2588\u2588\u2588\u2588\u2588\u2588\u2588\u2588\u2588\u2588\u2588\u2588\u2588\u2588\u2588\u2588\u2588\u2588\u2588\u2588\u2588\u2588\u2588\u2588\u2588\u2588\u2588\u2588                                                                                                              | 247/943 [00:03<00:10, 64.37it/s]", "step": null, "ts": 1730799751.0600393}]}, "version": 691, "at": 1730799751.060108}
{"obj": {"type": "LogStrings", "path": ["monitoring", "552629ed", "stderr"], "values": [{"value": "\r 27%|\u2588\u2588\u2588\u2588\u2588\u2588\u2588\u2588\u2588\u2588\u2588\u2588\u2588\u2588\u2588\u2588\u2588\u2588\u2588\u2588\u2588\u2588\u2588\u2588\u2588\u2588\u2588\u2588\u2588\u2588\u2588\u2588\u2588\u2588\u2588\u2588\u2588\u2588\u2588\u2588\u258e                                                                                                            | 255/943 [00:03<00:10, 67.45it/s]", "step": null, "ts": 1730799751.1669798}]}, "version": 692, "at": 1730799751.167058}
{"obj": {"type": "LogStrings", "path": ["monitoring", "552629ed", "stderr"], "values": [{"value": "\r 28%|\u2588\u2588\u2588\u2588\u2588\u2588\u2588\u2588\u2588\u2588\u2588\u2588\u2588\u2588\u2588\u2588\u2588\u2588\u2588\u2588\u2588\u2588\u2588\u2588\u2588\u2588\u2588\u2588\u2588\u2588\u2588\u2588\u2588\u2588\u2588\u2588\u2588\u2588\u2588\u2588\u2588\u258c                                                                                                           | 263/943 [00:04<00:09, 69.29it/s]", "step": null, "ts": 1730799751.2757401}]}, "version": 693, "at": 1730799751.2758338}
{"obj": {"type": "LogStrings", "path": ["monitoring", "552629ed", "stderr"], "values": [{"value": "\r 29%|\u2588\u2588\u2588\u2588\u2588\u2588\u2588\u2588\u2588\u2588\u2588\u2588\u2588\u2588\u2588\u2588\u2588\u2588\u2588\u2588\u2588\u2588\u2588\u2588\u2588\u2588\u2588\u2588\u2588\u2588\u2588\u2588\u2588\u2588\u2588\u2588\u2588\u2588\u2588\u2588\u2588\u2588\u258b                                                                                                          | 270/943 [00:04<00:09, 69.45it/s]", "step": null, "ts": 1730799751.3758893}]}, "version": 694, "at": 1730799751.3759823}
{"obj": {"type": "LogStrings", "path": ["monitoring", "552629ed", "stderr"], "values": [{"value": "\r 29%|\u2588\u2588\u2588\u2588\u2588\u2588\u2588\u2588\u2588\u2588\u2588\u2588\u2588\u2588\u2588\u2588\u2588\u2588\u2588\u2588\u2588\u2588\u2588\u2588\u2588\u2588\u2588\u2588\u2588\u2588\u2588\u2588\u2588\u2588\u2588\u2588\u2588\u2588\u2588\u2588\u2588\u2588\u2588\u258a                                                                                                         | 277/943 [00:04<00:10, 61.34it/s]", "step": null, "ts": 1730799751.5227482}]}, "version": 695, "at": 1730799751.5228226}
{"obj": {"type": "LogStrings", "path": ["monitoring", "552629ed", "stderr"], "values": [{"value": "\r 30%|\u2588\u2588\u2588\u2588\u2588\u2588\u2588\u2588\u2588\u2588\u2588\u2588\u2588\u2588\u2588\u2588\u2588\u2588\u2588\u2588\u2588\u2588\u2588\u2588\u2588\u2588\u2588\u2588\u2588\u2588\u2588\u2588\u2588\u2588\u2588\u2588\u2588\u2588\u2588\u2588\u2588\u2588\u2588\u2588\u2588                                                                                                        | 285/943 [00:04<00:10, 64.57it/s]", "step": null, "ts": 1730799751.6329029}]}, "version": 696, "at": 1730799751.6329856}
{"obj": {"type": "LogStrings", "path": ["monitoring", "552629ed", "stderr"], "values": [{"value": "\r 31%|\u2588\u2588\u2588\u2588\u2588\u2588\u2588\u2588\u2588\u2588\u2588\u2588\u2588\u2588\u2588\u2588\u2588\u2588\u2588\u2588\u2588\u2588\u2588\u2588\u2588\u2588\u2588\u2588\u2588\u2588\u2588\u2588\u2588\u2588\u2588\u2588\u2588\u2588\u2588\u2588\u2588\u2588\u2588\u2588\u2588\u2588\u258e                                                                                                      | 293/943 [00:04<00:09, 67.31it/s]", "step": null, "ts": 1730799751.7407339}]}, "version": 697, "at": 1730799751.7408078}
{"obj": {"type": "LogStrings", "path": ["monitoring", "552629ed", "stderr"], "values": [{"value": "\r 32%|\u2588\u2588\u2588\u2588\u2588\u2588\u2588\u2588\u2588\u2588\u2588\u2588\u2588\u2588\u2588\u2588\u2588\u2588\u2588\u2588\u2588\u2588\u2588\u2588\u2588\u2588\u2588\u2588\u2588\u2588\u2588\u2588\u2588\u2588\u2588\u2588\u2588\u2588\u2588\u2588\u2588\u2588\u2588\u2588\u2588\u2588\u2588\u258c                                                                                                     | 301/943 [00:04<00:09, 68.80it/s]", "step": null, "ts": 1730799751.851312}]}, "version": 698, "at": 1730799751.8513892}
{"obj": {"type": "LogStrings", "path": ["monitoring", "552629ed", "stderr"], "values": [{"value": "\r 33%|\u2588\u2588\u2588\u2588\u2588\u2588\u2588\u2588\u2588\u2588\u2588\u2588\u2588\u2588\u2588\u2588\u2588\u2588\u2588\u2588\u2588\u2588\u2588\u2588\u2588\u2588\u2588\u2588\u2588\u2588\u2588\u2588\u2588\u2588\u2588\u2588\u2588\u2588\u2588\u2588\u2588\u2588\u2588\u2588\u2588\u2588\u2588\u2588\u258b                                                                                                    | 308/943 [00:04<00:09, 68.99it/s]", "step": null, "ts": 1730799751.9521372}]}, "version": 699, "at": 1730799751.9522383}
{"obj": {"type": "LogStrings", "path": ["monitoring", "552629ed", "stderr"], "values": [{"value": "\r 34%|\u2588\u2588\u2588\u2588\u2588\u2588\u2588\u2588\u2588\u2588\u2588\u2588\u2588\u2588\u2588\u2588\u2588\u2588\u2588\u2588\u2588\u2588\u2588\u2588\u2588\u2588\u2588\u2588\u2588\u2588\u2588\u2588\u2588\u2588\u2588\u2588\u2588\u2588\u2588\u2588\u2588\u2588\u2588\u2588\u2588\u2588\u2588\u2588\u2588\u2589                                                                                                   | 316/943 [00:04<00:08, 69.71it/s]", "step": null, "ts": 1730799752.064172}]}, "version": 700, "at": 1730799752.0642426}
{"obj": {"type": "LogStrings", "path": ["monitoring", "552629ed", "stderr"], "values": [{"value": "\r 34%|\u2588\u2588\u2588\u2588\u2588\u2588\u2588\u2588\u2588\u2588\u2588\u2588\u2588\u2588\u2588\u2588\u2588\u2588\u2588\u2588\u2588\u2588\u2588\u2588\u2588\u2588\u2588\u2588\u2588\u2588\u2588\u2588\u2588\u2588\u2588\u2588\u2588\u2588\u2588\u2588\u2588\u2588\u2588\u2588\u2588\u2588\u2588\u2588\u2588\u2588\u2588\u258f                                                                                                 | 324/943 [00:04<00:08, 71.18it/s]", "step": null, "ts": 1730799752.1712878}]}, "version": 701, "at": 1730799752.1713512}
{"obj": {"type": "LogStrings", "path": ["monitoring", "552629ed", "stderr"], "values": [{"value": "\r 35%|\u2588\u2588\u2588\u2588\u2588\u2588\u2588\u2588\u2588\u2588\u2588\u2588\u2588\u2588\u2588\u2588\u2588\u2588\u2588\u2588\u2588\u2588\u2588\u2588\u2588\u2588\u2588\u2588\u2588\u2588\u2588\u2588\u2588\u2588\u2588\u2588\u2588\u2588\u2588\u2588\u2588\u2588\u2588\u2588\u2588\u2588\u2588\u2588\u2588\u2588\u2588\u2588\u258d                                                                                                | 332/943 [00:05<00:08, 72.09it/s]", "step": null, "ts": 1730799752.2789485}]}, "version": 702, "at": 1730799752.2790208}
{"obj": {"type": "LogStrings", "path": ["monitoring", "552629ed", "stderr"], "values": [{"value": "\r 36%|\u2588\u2588\u2588\u2588\u2588\u2588\u2588\u2588\u2588\u2588\u2588\u2588\u2588\u2588\u2588\u2588\u2588\u2588\u2588\u2588\u2588\u2588\u2588\u2588\u2588\u2588\u2588\u2588\u2588\u2588\u2588\u2588\u2588\u2588\u2588\u2588\u2588\u2588\u2588\u2588\u2588\u2588\u2588\u2588\u2588\u2588\u2588\u2588\u2588\u2588\u2588\u2588\u2588\u258b                                                                                               | 340/943 [00:05<00:08, 71.57it/s]", "step": null, "ts": 1730799752.3926334}]}, "version": 703, "at": 1730799752.3926983}
{"obj": {"type": "LogStrings", "path": ["monitoring", "552629ed", "stderr"], "values": [{"value": "\r 37%|\u2588\u2588\u2588\u2588\u2588\u2588\u2588\u2588\u2588\u2588\u2588\u2588\u2588\u2588\u2588\u2588\u2588\u2588\u2588\u2588\u2588\u2588\u2588\u2588\u2588\u2588\u2588\u2588\u2588\u2588\u2588\u2588\u2588\u2588\u2588\u2588\u2588\u2588\u2588\u2588\u2588\u2588\u2588\u2588\u2588\u2588\u2588\u2588\u2588\u2588\u2588\u2588\u2588\u2588\u2589                                                                                              | 348/943 [00:05<00:10, 58.76it/s]", "step": null, "ts": 1730799752.5847569}]}, "version": 704, "at": 1730799752.5848403}
{"obj": {"type": "LogStrings", "path": ["monitoring", "552629ed", "stderr"], "values": [{"value": "\r 38%|\u2588\u2588\u2588\u2588\u2588\u2588\u2588\u2588\u2588\u2588\u2588\u2588\u2588\u2588\u2588\u2588\u2588\u2588\u2588\u2588\u2588\u2588\u2588\u2588\u2588\u2588\u2588\u2588\u2588\u2588\u2588\u2588\u2588\u2588\u2588\u2588\u2588\u2588\u2588\u2588\u2588\u2588\u2588\u2588\u2588\u2588\u2588\u2588\u2588\u2588\u2588\u2588\u2588\u2588\u2588\u2588                                                                                             | 355/943 [00:05<00:09, 61.10it/s]", "step": null, "ts": 1730799752.6873393}]}, "version": 705, "at": 1730799752.6874027}
{"obj": {"type": "LogStrings", "path": ["monitoring", "552629ed", "stderr"], "values": [{"value": "\r 38%|\u2588\u2588\u2588\u2588\u2588\u2588\u2588\u2588\u2588\u2588\u2588\u2588\u2588\u2588\u2588\u2588\u2588\u2588\u2588\u2588\u2588\u2588\u2588\u2588\u2588\u2588\u2588\u2588\u2588\u2588\u2588\u2588\u2588\u2588\u2588\u2588\u2588\u2588\u2588\u2588\u2588\u2588\u2588\u2588\u2588\u2588\u2588\u2588\u2588\u2588\u2588\u2588\u2588\u2588\u2588\u2588\u2588\u258e                                                                                           | 363/943 [00:05<00:09, 64.26it/s]", "step": null, "ts": 1730799752.7974608}]}, "version": 706, "at": 1730799752.7975438}
{"obj": {"type": "LogStrings", "path": ["monitoring", "552629ed", "stderr"], "values": [{"value": "\r 39%|\u2588\u2588\u2588\u2588\u2588\u2588\u2588\u2588\u2588\u2588\u2588\u2588\u2588\u2588\u2588\u2588\u2588\u2588\u2588\u2588\u2588\u2588\u2588\u2588\u2588\u2588\u2588\u2588\u2588\u2588\u2588\u2588\u2588\u2588\u2588\u2588\u2588\u2588\u2588\u2588\u2588\u2588\u2588\u2588\u2588\u2588\u2588\u2588\u2588\u2588\u2588\u2588\u2588\u2588\u2588\u2588\u2588\u2588\u258c                                                                                          | 371/943 [00:05<00:08, 66.76it/s]", "step": null, "ts": 1730799752.9067636}]}, "version": 707, "at": 1730799752.906837}
{"obj": {"type": "LogStrings", "path": ["monitoring", "552629ed", "stderr"], "values": [{"value": "\r 40%|\u2588\u2588\u2588\u2588\u2588\u2588\u2588\u2588\u2588\u2588\u2588\u2588\u2588\u2588\u2588\u2588\u2588\u2588\u2588\u2588\u2588\u2588\u2588\u2588\u2588\u2588\u2588\u2588\u2588\u2588\u2588\u2588\u2588\u2588\u2588\u2588\u2588\u2588\u2588\u2588\u2588\u2588\u2588\u2588\u2588\u2588\u2588\u2588\u2588\u2588\u2588\u2588\u2588\u2588\u2588\u2588\u2588\u2588\u2588\u2589                                                                                         | 379/943 [00:05<00:08, 68.93it/s]", "step": null, "ts": 1730799753.0142436}]}, "version": 708, "at": 1730799753.0143213}
{"obj": {"type": "LogStrings", "path": ["monitoring", "552629ed", "stderr"], "values": [{"value": "\r 41%|\u2588\u2588\u2588\u2588\u2588\u2588\u2588\u2588\u2588\u2588\u2588\u2588\u2588\u2588\u2588\u2588\u2588\u2588\u2588\u2588\u2588\u2588\u2588\u2588\u2588\u2588\u2588\u2588\u2588\u2588\u2588\u2588\u2588\u2588\u2588\u2588\u2588\u2588\u2588\u2588\u2588\u2588\u2588\u2588\u2588\u2588\u2588\u2588\u2588\u2588\u2588\u2588\u2588\u2588\u2588\u2588\u2588\u2588\u2588\u2588\u2588\u258f                                                                                       | 387/943 [00:05<00:07, 70.57it/s]", "step": null, "ts": 1730799753.1213856}]}, "version": 709, "at": 1730799753.1214473}
{"obj": {"type": "LogStrings", "path": ["monitoring", "552629ed", "stderr"], "values": [{"value": "\r 42%|\u2588\u2588\u2588\u2588\u2588\u2588\u2588\u2588\u2588\u2588\u2588\u2588\u2588\u2588\u2588\u2588\u2588\u2588\u2588\u2588\u2588\u2588\u2588\u2588\u2588\u2588\u2588\u2588\u2588\u2588\u2588\u2588\u2588\u2588\u2588\u2588\u2588\u2588\u2588\u2588\u2588\u2588\u2588\u2588\u2588\u2588\u2588\u2588\u2588\u2588\u2588\u2588\u2588\u2588\u2588\u2588\u2588\u2588\u2588\u2588\u2588\u2588\u258d                                                                                      | 395/943 [00:06<00:07, 71.41it/s]", "step": null, "ts": 1730799753.2303007}]}, "version": 710, "at": 1730799753.230378}
{"obj": {"type": "LogStrings", "path": ["monitoring", "552629ed", "stderr"], "values": [{"value": "\r 43%|\u2588\u2588\u2588\u2588\u2588\u2588\u2588\u2588\u2588\u2588\u2588\u2588\u2588\u2588\u2588\u2588\u2588\u2588\u2588\u2588\u2588\u2588\u2588\u2588\u2588\u2588\u2588\u2588\u2588\u2588\u2588\u2588\u2588\u2588\u2588\u2588\u2588\u2588\u2588\u2588\u2588\u2588\u2588\u2588\u2588\u2588\u2588\u2588\u2588\u2588\u2588\u2588\u2588\u2588\u2588\u2588\u2588\u2588\u2588\u2588\u2588\u2588\u2588\u258b                                                                                     | 403/943 [00:06<00:07, 72.34it/s]", "step": null, "ts": 1730799753.3375962}]}, "version": 711, "at": 1730799753.3376744}
{"obj": {"type": "LogStrings", "path": ["monitoring", "552629ed", "stderr"], "values": [{"value": "\r 44%|\u2588\u2588\u2588\u2588\u2588\u2588\u2588\u2588\u2588\u2588\u2588\u2588\u2588\u2588\u2588\u2588\u2588\u2588\u2588\u2588\u2588\u2588\u2588\u2588\u2588\u2588\u2588\u2588\u2588\u2588\u2588\u2588\u2588\u2588\u2588\u2588\u2588\u2588\u2588\u2588\u2588\u2588\u2588\u2588\u2588\u2588\u2588\u2588\u2588\u2588\u2588\u2588\u2588\u2588\u2588\u2588\u2588\u2588\u2588\u2588\u2588\u2588\u2588\u2588\u2589                                                                                    | 411/943 [00:06<00:07, 73.00it/s]", "step": null, "ts": 1730799753.4447834}]}, "version": 712, "at": 1730799753.445059}
{"obj": {"type": "LogStrings", "path": ["monitoring", "552629ed", "stderr"], "values": [{"value": "\r 44%|\u2588\u2588\u2588\u2588\u2588\u2588\u2588\u2588\u2588\u2588\u2588\u2588\u2588\u2588\u2588\u2588\u2588\u2588\u2588\u2588\u2588\u2588\u2588\u2588\u2588\u2588\u2588\u2588\u2588\u2588\u2588\u2588\u2588\u2588\u2588\u2588\u2588\u2588\u2588\u2588\u2588\u2588\u2588\u2588\u2588\u2588\u2588\u2588\u2588\u2588\u2588\u2588\u2588\u2588\u2588\u2588\u2588\u2588\u2588\u2588\u2588\u2588\u2588\u2588\u2588\u2588\u258f                                                                                  | 419/943 [00:06<00:09, 58.20it/s]", "step": null, "ts": 1730799753.6470916}]}, "version": 713, "at": 1730799753.6471708}
{"obj": {"type": "LogStrings", "path": ["monitoring", "552629ed", "stderr"], "values": [{"value": "\r 45%|\u2588\u2588\u2588\u2588\u2588\u2588\u2588\u2588\u2588\u2588\u2588\u2588\u2588\u2588\u2588\u2588\u2588\u2588\u2588\u2588\u2588\u2588\u2588\u2588\u2588\u2588\u2588\u2588\u2588\u2588\u2588\u2588\u2588\u2588\u2588\u2588\u2588\u2588\u2588\u2588\u2588\u2588\u2588\u2588\u2588\u2588\u2588\u2588\u2588\u2588\u2588\u2588\u2588\u2588\u2588\u2588\u2588\u2588\u2588\u2588\u2588\u2588\u2588\u2588\u2588\u2588\u2588\u258d                                                                                 | 427/943 [00:06<00:08, 62.09it/s]", "step": null, "ts": 1730799753.7559266}]}, "version": 714, "at": 1730799753.7560165}
{"obj": {"type": "LogStrings", "path": ["monitoring", "552629ed", "stderr"], "values": [{"value": "\r 46%|\u2588\u2588\u2588\u2588\u2588\u2588\u2588\u2588\u2588\u2588\u2588\u2588\u2588\u2588\u2588\u2588\u2588\u2588\u2588\u2588\u2588\u2588\u2588\u2588\u2588\u2588\u2588\u2588\u2588\u2588\u2588\u2588\u2588\u2588\u2588\u2588\u2588\u2588\u2588\u2588\u2588\u2588\u2588\u2588\u2588\u2588\u2588\u2588\u2588\u2588\u2588\u2588\u2588\u2588\u2588\u2588\u2588\u2588\u2588\u2588\u2588\u2588\u2588\u2588\u2588\u2588\u2588\u2588\u258b                                                                                | 435/943 [00:06<00:07, 64.90it/s]", "step": null, "ts": 1730799753.8661294}]}, "version": 715, "at": 1730799753.8662047}
{"obj": {"type": "LogStrings", "path": ["monitoring", "552629ed", "stderr"], "values": [{"value": "\r 47%|\u2588\u2588\u2588\u2588\u2588\u2588\u2588\u2588\u2588\u2588\u2588\u2588\u2588\u2588\u2588\u2588\u2588\u2588\u2588\u2588\u2588\u2588\u2588\u2588\u2588\u2588\u2588\u2588\u2588\u2588\u2588\u2588\u2588\u2588\u2588\u2588\u2588\u2588\u2588\u2588\u2588\u2588\u2588\u2588\u2588\u2588\u2588\u2588\u2588\u2588\u2588\u2588\u2588\u2588\u2588\u2588\u2588\u2588\u2588\u2588\u2588\u2588\u2588\u2588\u2588\u2588\u2588\u2588\u2588\u258a                                                                               | 442/943 [00:06<00:07, 66.16it/s]", "step": null, "ts": 1730799753.966559}]}, "version": 716, "at": 1730799753.9666655}
{"obj": {"type": "LogStrings", "path": ["monitoring", "552629ed", "stderr"], "values": [{"value": "\r 48%|\u2588\u2588\u2588\u2588\u2588\u2588\u2588\u2588\u2588\u2588\u2588\u2588\u2588\u2588\u2588\u2588\u2588\u2588\u2588\u2588\u2588\u2588\u2588\u2588\u2588\u2588\u2588\u2588\u2588\u2588\u2588\u2588\u2588\u2588\u2588\u2588\u2588\u2588\u2588\u2588\u2588\u2588\u2588\u2588\u2588\u2588\u2588\u2588\u2588\u2588\u2588\u2588\u2588\u2588\u2588\u2588\u2588\u2588\u2588\u2588\u2588\u2588\u2588\u2588\u2588\u2588\u2588\u2588\u2588\u2588\u2588                                                                              | 450/943 [00:06<00:07, 68.03it/s]", "step": null, "ts": 1730799754.0766623}]}, "version": 717, "at": 1730799754.0767388}
{"obj": {"type": "LogStrings", "path": ["monitoring", "552629ed", "stderr"], "values": [{"value": "\r 49%|\u2588\u2588\u2588\u2588\u2588\u2588\u2588\u2588\u2588\u2588\u2588\u2588\u2588\u2588\u2588\u2588\u2588\u2588\u2588\u2588\u2588\u2588\u2588\u2588\u2588\u2588\u2588\u2588\u2588\u2588\u2588\u2588\u2588\u2588\u2588\u2588\u2588\u2588\u2588\u2588\u2588\u2588\u2588\u2588\u2588\u2588\u2588\u2588\u2588\u2588\u2588\u2588\u2588\u2588\u2588\u2588\u2588\u2588\u2588\u2588\u2588\u2588\u2588\u2588\u2588\u2588\u2588\u2588\u2588\u2588\u2588\u2588\u258e                                                                            | 458/943 [00:06<00:07, 69.12it/s]", "step": null, "ts": 1730799754.1881595}]}, "version": 718, "at": 1730799754.1882603}
{"obj": {"type": "LogStrings", "path": ["monitoring", "552629ed", "stderr"], "values": [{"value": "\r 49%|\u2588\u2588\u2588\u2588\u2588\u2588\u2588\u2588\u2588\u2588\u2588\u2588\u2588\u2588\u2588\u2588\u2588\u2588\u2588\u2588\u2588\u2588\u2588\u2588\u2588\u2588\u2588\u2588\u2588\u2588\u2588\u2588\u2588\u2588\u2588\u2588\u2588\u2588\u2588\u2588\u2588\u2588\u2588\u2588\u2588\u2588\u2588\u2588\u2588\u2588\u2588\u2588\u2588\u2588\u2588\u2588\u2588\u2588\u2588\u2588\u2588\u2588\u2588\u2588\u2588\u2588\u2588\u2588\u2588\u2588\u2588\u2588\u2588\u258b                                                                           | 466/943 [00:07<00:06, 68.77it/s]", "step": null, "ts": 1730799754.3058548}]}, "version": 719, "at": 1730799754.305925}
{"obj": {"type": "LogStrings", "path": ["monitoring", "552629ed", "stderr"], "values": [{"value": "\r 50%|\u2588\u2588\u2588\u2588\u2588\u2588\u2588\u2588\u2588\u2588\u2588\u2588\u2588\u2588\u2588\u2588\u2588\u2588\u2588\u2588\u2588\u2588\u2588\u2588\u2588\u2588\u2588\u2588\u2588\u2588\u2588\u2588\u2588\u2588\u2588\u2588\u2588\u2588\u2588\u2588\u2588\u2588\u2588\u2588\u2588\u2588\u2588\u2588\u2588\u2588\u2588\u2588\u2588\u2588\u2588\u2588\u2588\u2588\u2588\u2588\u2588\u2588\u2588\u2588\u2588\u2588\u2588\u2588\u2588\u2588\u2588\u2588\u2588\u2588\u258b                                                                          | 473/943 [00:07<00:06, 68.51it/s]", "step": null, "ts": 1730799754.4090655}]}, "version": 720, "at": 1730799754.4091713}
{"obj": {"type": "LogStrings", "path": ["monitoring", "552629ed", "stderr"], "values": [{"value": "\r 51%|\u2588\u2588\u2588\u2588\u2588\u2588\u2588\u2588\u2588\u2588\u2588\u2588\u2588\u2588\u2588\u2588\u2588\u2588\u2588\u2588\u2588\u2588\u2588\u2588\u2588\u2588\u2588\u2588\u2588\u2588\u2588\u2588\u2588\u2588\u2588\u2588\u2588\u2588\u2588\u2588\u2588\u2588\u2588\u2588\u2588\u2588\u2588\u2588\u2588\u2588\u2588\u2588\u2588\u2588\u2588\u2588\u2588\u2588\u2588\u2588\u2588\u2588\u2588\u2588\u2588\u2588\u2588\u2588\u2588\u2588\u2588\u2588\u2588\u2588\u2588\u258a                                                                         | 480/943 [00:07<00:06, 67.63it/s]", "step": null, "ts": 1730799754.515939}]}, "version": 721, "at": 1730799754.5160315}
{"obj": {"type": "LogStrings", "path": ["monitoring", "552629ed", "stderr"], "values": [{"value": "\r 52%|\u2588\u2588\u2588\u2588\u2588\u2588\u2588\u2588\u2588\u2588\u2588\u2588\u2588\u2588\u2588\u2588\u2588\u2588\u2588\u2588\u2588\u2588\u2588\u2588\u2588\u2588\u2588\u2588\u2588\u2588\u2588\u2588\u2588\u2588\u2588\u2588\u2588\u2588\u2588\u2588\u2588\u2588\u2588\u2588\u2588\u2588\u2588\u2588\u2588\u2588\u2588\u2588\u2588\u2588\u2588\u2588\u2588\u2588\u2588\u2588\u2588\u2588\u2588\u2588\u2588\u2588\u2588\u2588\u2588\u2588\u2588\u2588\u2588\u2588\u2588\u2588\u2589                                                                        | 487/943 [00:07<00:07, 59.12it/s]", "step": null, "ts": 1730799754.6712415}]}, "version": 722, "at": 1730799754.6713233}
{"obj": {"type": "LogStrings", "path": ["monitoring", "552629ed", "stderr"], "values": [{"value": "\r 52%|\u2588\u2588\u2588\u2588\u2588\u2588\u2588\u2588\u2588\u2588\u2588\u2588\u2588\u2588\u2588\u2588\u2588\u2588\u2588\u2588\u2588\u2588\u2588\u2588\u2588\u2588\u2588\u2588\u2588\u2588\u2588\u2588\u2588\u2588\u2588\u2588\u2588\u2588\u2588\u2588\u2588\u2588\u2588\u2588\u2588\u2588\u2588\u2588\u2588\u2588\u2588\u2588\u2588\u2588\u2588\u2588\u2588\u2588\u2588\u2588\u2588\u2588\u2588\u2588\u2588\u2588\u2588\u2588\u2588\u2588\u2588\u2588\u2588\u2588\u2588\u2588\u2588\u2588                                                                       | 494/943 [00:07<00:07, 60.73it/s]", "step": null, "ts": 1730799754.7791128}]}, "version": 723, "at": 1730799754.7791975}
{"obj": {"type": "LogStrings", "path": ["monitoring", "552629ed", "stderr"], "values": [{"value": "\r 53%|\u2588\u2588\u2588\u2588\u2588\u2588\u2588\u2588\u2588\u2588\u2588\u2588\u2588\u2588\u2588\u2588\u2588\u2588\u2588\u2588\u2588\u2588\u2588\u2588\u2588\u2588\u2588\u2588\u2588\u2588\u2588\u2588\u2588\u2588\u2588\u2588\u2588\u2588\u2588\u2588\u2588\u2588\u2588\u2588\u2588\u2588\u2588\u2588\u2588\u2588\u2588\u2588\u2588\u2588\u2588\u2588\u2588\u2588\u2588\u2588\u2588\u2588\u2588\u2588\u2588\u2588\u2588\u2588\u2588\u2588\u2588\u2588\u2588\u2588\u2588\u2588\u2588\u2588\u2588\u258f                                                                     | 501/943 [00:07<00:07, 62.52it/s]", "step": null, "ts": 1730799754.8828626}]}, "version": 724, "at": 1730799754.8829365}
{"obj": {"type": "LogStrings", "path": ["monitoring", "552629ed", "stderr"], "values": [{"value": "\r 54%|\u2588\u2588\u2588\u2588\u2588\u2588\u2588\u2588\u2588\u2588\u2588\u2588\u2588\u2588\u2588\u2588\u2588\u2588\u2588\u2588\u2588\u2588\u2588\u2588\u2588\u2588\u2588\u2588\u2588\u2588\u2588\u2588\u2588\u2588\u2588\u2588\u2588\u2588\u2588\u2588\u2588\u2588\u2588\u2588\u2588\u2588\u2588\u2588\u2588\u2588\u2588\u2588\u2588\u2588\u2588\u2588\u2588\u2588\u2588\u2588\u2588\u2588\u2588\u2588\u2588\u2588\u2588\u2588\u2588\u2588\u2588\u2588\u2588\u2588\u2588\u2588\u2588\u2588\u2588\u2588\u258e                                                                    | 508/943 [00:07<00:06, 63.20it/s]", "step": null, "ts": 1730799754.9907868}]}, "version": 725, "at": 1730799754.9908607}
{"obj": {"type": "LogStrings", "path": ["monitoring", "552629ed", "stderr"], "values": [{"value": "\r 55%|\u2588\u2588\u2588\u2588\u2588\u2588\u2588\u2588\u2588\u2588\u2588\u2588\u2588\u2588\u2588\u2588\u2588\u2588\u2588\u2588\u2588\u2588\u2588\u2588\u2588\u2588\u2588\u2588\u2588\u2588\u2588\u2588\u2588\u2588\u2588\u2588\u2588\u2588\u2588\u2588\u2588\u2588\u2588\u2588\u2588\u2588\u2588\u2588\u2588\u2588\u2588\u2588\u2588\u2588\u2588\u2588\u2588\u2588\u2588\u2588\u2588\u2588\u2588\u2588\u2588\u2588\u2588\u2588\u2588\u2588\u2588\u2588\u2588\u2588\u2588\u2588\u2588\u2588\u2588\u2588\u2588\u258e                                                                   | 515/943 [00:07<00:06, 64.10it/s]", "step": null, "ts": 1730799755.0962863}]}, "version": 726, "at": 1730799755.0963573}
{"obj": {"type": "LogStrings", "path": ["monitoring", "552629ed", "stderr"], "values": [{"value": "\r 55%|\u2588\u2588\u2588\u2588\u2588\u2588\u2588\u2588\u2588\u2588\u2588\u2588\u2588\u2588\u2588\u2588\u2588\u2588\u2588\u2588\u2588\u2588\u2588\u2588\u2588\u2588\u2588\u2588\u2588\u2588\u2588\u2588\u2588\u2588\u2588\u2588\u2588\u2588\u2588\u2588\u2588\u2588\u2588\u2588\u2588\u2588\u2588\u2588\u2588\u2588\u2588\u2588\u2588\u2588\u2588\u2588\u2588\u2588\u2588\u2588\u2588\u2588\u2588\u2588\u2588\u2588\u2588\u2588\u2588\u2588\u2588\u2588\u2588\u2588\u2588\u2588\u2588\u2588\u2588\u2588\u2588\u2588\u258d                                                                  | 522/943 [00:07<00:06, 64.34it/s]", "step": null, "ts": 1730799755.2041287}]}, "version": 727, "at": 1730799755.2042167}
{"obj": {"type": "LogStrings", "path": ["monitoring", "552629ed", "stderr"], "values": [{"value": "\r 56%|\u2588\u2588\u2588\u2588\u2588\u2588\u2588\u2588\u2588\u2588\u2588\u2588\u2588\u2588\u2588\u2588\u2588\u2588\u2588\u2588\u2588\u2588\u2588\u2588\u2588\u2588\u2588\u2588\u2588\u2588\u2588\u2588\u2588\u2588\u2588\u2588\u2588\u2588\u2588\u2588\u2588\u2588\u2588\u2588\u2588\u2588\u2588\u2588\u2588\u2588\u2588\u2588\u2588\u2588\u2588\u2588\u2588\u2588\u2588\u2588\u2588\u2588\u2588\u2588\u2588\u2588\u2588\u2588\u2588\u2588\u2588\u2588\u2588\u2588\u2588\u2588\u2588\u2588\u2588\u2588\u2588\u2588\u2588\u258c                                                                 | 529/943 [00:08<00:06, 64.91it/s]", "step": null, "ts": 1730799755.3097148}]}, "version": 728, "at": 1730799755.3097887}
{"obj": {"type": "LogStrings", "path": ["monitoring", "552629ed", "stderr"], "values": [{"value": "\r 57%|\u2588\u2588\u2588\u2588\u2588\u2588\u2588\u2588\u2588\u2588\u2588\u2588\u2588\u2588\u2588\u2588\u2588\u2588\u2588\u2588\u2588\u2588\u2588\u2588\u2588\u2588\u2588\u2588\u2588\u2588\u2588\u2588\u2588\u2588\u2588\u2588\u2588\u2588\u2588\u2588\u2588\u2588\u2588\u2588\u2588\u2588\u2588\u2588\u2588\u2588\u2588\u2588\u2588\u2588\u2588\u2588\u2588\u2588\u2588\u2588\u2588\u2588\u2588\u2588\u2588\u2588\u2588\u2588\u2588\u2588\u2588\u2588\u2588\u2588\u2588\u2588\u2588\u2588\u2588\u2588\u2588\u2588\u2588\u2588\u258b                                                                | 536/943 [00:08<00:06, 65.32it/s]", "step": null, "ts": 1730799755.415692}]}, "version": 729, "at": 1730799755.4159014}
{"obj": {"type": "LogStrings", "path": ["monitoring", "552629ed", "stderr"], "values": [{"value": "\r 58%|\u2588\u2588\u2588\u2588\u2588\u2588\u2588\u2588\u2588\u2588\u2588\u2588\u2588\u2588\u2588\u2588\u2588\u2588\u2588\u2588\u2588\u2588\u2588\u2588\u2588\u2588\u2588\u2588\u2588\u2588\u2588\u2588\u2588\u2588\u2588\u2588\u2588\u2588\u2588\u2588\u2588\u2588\u2588\u2588\u2588\u2588\u2588\u2588\u2588\u2588\u2588\u2588\u2588\u2588\u2588\u2588\u2588\u2588\u2588\u2588\u2588\u2588\u2588\u2588\u2588\u2588\u2588\u2588\u2588\u2588\u2588\u2588\u2588\u2588\u2588\u2588\u2588\u2588\u2588\u2588\u2588\u2588\u2588\u2588\u2588\u258a                                                               | 543/943 [00:08<00:06, 64.89it/s]", "step": null, "ts": 1730799755.5248828}]}, "version": 730, "at": 1730799755.5249853}
{"obj": {"type": "LogStrings", "path": ["monitoring", "552629ed", "stderr"], "values": [{"value": "\r 58%|\u2588\u2588\u2588\u2588\u2588\u2588\u2588\u2588\u2588\u2588\u2588\u2588\u2588\u2588\u2588\u2588\u2588\u2588\u2588\u2588\u2588\u2588\u2588\u2588\u2588\u2588\u2588\u2588\u2588\u2588\u2588\u2588\u2588\u2588\u2588\u2588\u2588\u2588\u2588\u2588\u2588\u2588\u2588\u2588\u2588\u2588\u2588\u2588\u2588\u2588\u2588\u2588\u2588\u2588\u2588\u2588\u2588\u2588\u2588\u2588\u2588\u2588\u2588\u2588\u2588\u2588\u2588\u2588\u2588\u2588\u2588\u2588\u2588\u2588\u2588\u2588\u2588\u2588\u2588\u2588\u2588\u2588\u2588\u2588\u2588\u2588\u2589                                                              | 550/943 [00:08<00:06, 57.19it/s]", "step": null, "ts": 1730799755.681123}]}, "version": 731, "at": 1730799755.6811755}
{"obj": {"type": "LogStrings", "path": ["monitoring", "552629ed", "stderr"], "values": [{"value": "\r 59%|\u2588\u2588\u2588\u2588\u2588\u2588\u2588\u2588\u2588\u2588\u2588\u2588\u2588\u2588\u2588\u2588\u2588\u2588\u2588\u2588\u2588\u2588\u2588\u2588\u2588\u2588\u2588\u2588\u2588\u2588\u2588\u2588\u2588\u2588\u2588\u2588\u2588\u2588\u2588\u2588\u2588\u2588\u2588\u2588\u2588\u2588\u2588\u2588\u2588\u2588\u2588\u2588\u2588\u2588\u2588\u2588\u2588\u2588\u2588\u2588\u2588\u2588\u2588\u2588\u2588\u2588\u2588\u2588\u2588\u2588\u2588\u2588\u2588\u2588\u2588\u2588\u2588\u2588\u2588\u2588\u2588\u2588\u2588\u2588\u2588\u2588\u2588\u2588                                                             | 557/943 [00:08<00:06, 59.36it/s]", "step": null, "ts": 1730799755.7887516}]}, "version": 732, "at": 1730799755.7888403}
{"obj": {"type": "LogStrings", "path": ["monitoring", "552629ed", "stderr"], "values": [{"value": "\r 60%|\u2588\u2588\u2588\u2588\u2588\u2588\u2588\u2588\u2588\u2588\u2588\u2588\u2588\u2588\u2588\u2588\u2588\u2588\u2588\u2588\u2588\u2588\u2588\u2588\u2588\u2588\u2588\u2588\u2588\u2588\u2588\u2588\u2588\u2588\u2588\u2588\u2588\u2588\u2588\u2588\u2588\u2588\u2588\u2588\u2588\u2588\u2588\u2588\u2588\u2588\u2588\u2588\u2588\u2588\u2588\u2588\u2588\u2588\u2588\u2588\u2588\u2588\u2588\u2588\u2588\u2588\u2588\u2588\u2588\u2588\u2588\u2588\u2588\u2588\u2588\u2588\u2588\u2588\u2588\u2588\u2588\u2588\u2588\u2588\u2588\u2588\u2588\u2588\u2588                                                            | 564/943 [00:08<00:06, 61.13it/s]", "step": null, "ts": 1730799755.8952901}]}, "version": 733, "at": 1730799755.8953762}
{"obj": {"type": "LogStrings", "path": ["monitoring", "552629ed", "stderr"], "values": [{"value": "\r 61%|\u2588\u2588\u2588\u2588\u2588\u2588\u2588\u2588\u2588\u2588\u2588\u2588\u2588\u2588\u2588\u2588\u2588\u2588\u2588\u2588\u2588\u2588\u2588\u2588\u2588\u2588\u2588\u2588\u2588\u2588\u2588\u2588\u2588\u2588\u2588\u2588\u2588\u2588\u2588\u2588\u2588\u2588\u2588\u2588\u2588\u2588\u2588\u2588\u2588\u2588\u2588\u2588\u2588\u2588\u2588\u2588\u2588\u2588\u2588\u2588\u2588\u2588\u2588\u2588\u2588\u2588\u2588\u2588\u2588\u2588\u2588\u2588\u2588\u2588\u2588\u2588\u2588\u2588\u2588\u2588\u2588\u2588\u2588\u2588\u2588\u2588\u2588\u2588\u2588\u2588\u258f                                                          | 571/943 [00:08<00:05, 62.30it/s]", "step": null, "ts": 1730799756.0026348}]}, "version": 734, "at": 1730799756.0027227}
{"obj": {"type": "LogStrings", "path": ["monitoring", "552629ed", "stderr"], "values": [{"value": "\r 61%|\u2588\u2588\u2588\u2588\u2588\u2588\u2588\u2588\u2588\u2588\u2588\u2588\u2588\u2588\u2588\u2588\u2588\u2588\u2588\u2588\u2588\u2588\u2588\u2588\u2588\u2588\u2588\u2588\u2588\u2588\u2588\u2588\u2588\u2588\u2588\u2588\u2588\u2588\u2588\u2588\u2588\u2588\u2588\u2588\u2588\u2588\u2588\u2588\u2588\u2588\u2588\u2588\u2588\u2588\u2588\u2588\u2588\u2588\u2588\u2588\u2588\u2588\u2588\u2588\u2588\u2588\u2588\u2588\u2588\u2588\u2588\u2588\u2588\u2588\u2588\u2588\u2588\u2588\u2588\u2588\u2588\u2588\u2588\u2588\u2588\u2588\u2588\u2588\u2588\u2588\u2588\u258e                                                         | 578/943 [00:08<00:05, 62.69it/s]", "step": null, "ts": 1730799756.1126757}]}, "version": 735, "at": 1730799756.1129916}
{"obj": {"type": "LogStrings", "path": ["monitoring", "552629ed", "stderr"], "values": [{"value": "\r 62%|\u2588\u2588\u2588\u2588\u2588\u2588\u2588\u2588\u2588\u2588\u2588\u2588\u2588\u2588\u2588\u2588\u2588\u2588\u2588\u2588\u2588\u2588\u2588\u2588\u2588\u2588\u2588\u2588\u2588\u2588\u2588\u2588\u2588\u2588\u2588\u2588\u2588\u2588\u2588\u2588\u2588\u2588\u2588\u2588\u2588\u2588\u2588\u2588\u2588\u2588\u2588\u2588\u2588\u2588\u2588\u2588\u2588\u2588\u2588\u2588\u2588\u2588\u2588\u2588\u2588\u2588\u2588\u2588\u2588\u2588\u2588\u2588\u2588\u2588\u2588\u2588\u2588\u2588\u2588\u2588\u2588\u2588\u2588\u2588\u2588\u2588\u2588\u2588\u2588\u2588\u2588\u2588\u258d                                                        | 585/943 [00:08<00:05, 63.32it/s]", "step": null, "ts": 1730799756.2207332}]}, "version": 736, "at": 1730799756.2208467}
{"obj": {"type": "LogStrings", "path": ["monitoring", "552629ed", "stderr"], "values": [{"value": "\r 63%|\u2588\u2588\u2588\u2588\u2588\u2588\u2588\u2588\u2588\u2588\u2588\u2588\u2588\u2588\u2588\u2588\u2588\u2588\u2588\u2588\u2588\u2588\u2588\u2588\u2588\u2588\u2588\u2588\u2588\u2588\u2588\u2588\u2588\u2588\u2588\u2588\u2588\u2588\u2588\u2588\u2588\u2588\u2588\u2588\u2588\u2588\u2588\u2588\u2588\u2588\u2588\u2588\u2588\u2588\u2588\u2588\u2588\u2588\u2588\u2588\u2588\u2588\u2588\u2588\u2588\u2588\u2588\u2588\u2588\u2588\u2588\u2588\u2588\u2588\u2588\u2588\u2588\u2588\u2588\u2588\u2588\u2588\u2588\u2588\u2588\u2588\u2588\u2588\u2588\u2588\u2588\u2588\u2588\u258c                                                       | 592/943 [00:09<00:05, 63.77it/s]", "step": null, "ts": 1730799756.3286338}]}, "version": 737, "at": 1730799756.3287206}
{"obj": {"type": "LogStrings", "path": ["monitoring", "552629ed", "stderr"], "values": [{"value": "\r 64%|\u2588\u2588\u2588\u2588\u2588\u2588\u2588\u2588\u2588\u2588\u2588\u2588\u2588\u2588\u2588\u2588\u2588\u2588\u2588\u2588\u2588\u2588\u2588\u2588\u2588\u2588\u2588\u2588\u2588\u2588\u2588\u2588\u2588\u2588\u2588\u2588\u2588\u2588\u2588\u2588\u2588\u2588\u2588\u2588\u2588\u2588\u2588\u2588\u2588\u2588\u2588\u2588\u2588\u2588\u2588\u2588\u2588\u2588\u2588\u2588\u2588\u2588\u2588\u2588\u2588\u2588\u2588\u2588\u2588\u2588\u2588\u2588\u2588\u2588\u2588\u2588\u2588\u2588\u2588\u2588\u2588\u2588\u2588\u2588\u2588\u2588\u2588\u2588\u2588\u2588\u2588\u2588\u2588\u2588\u258b                                                      | 599/943 [00:09<00:05, 64.28it/s]", "step": null, "ts": 1730799756.4353824}]}, "version": 738, "at": 1730799756.435469}
{"obj": {"type": "LogStrings", "path": ["monitoring", "552629ed", "stderr"], "values": [{"value": "\r 64%|\u2588\u2588\u2588\u2588\u2588\u2588\u2588\u2588\u2588\u2588\u2588\u2588\u2588\u2588\u2588\u2588\u2588\u2588\u2588\u2588\u2588\u2588\u2588\u2588\u2588\u2588\u2588\u2588\u2588\u2588\u2588\u2588\u2588\u2588\u2588\u2588\u2588\u2588\u2588\u2588\u2588\u2588\u2588\u2588\u2588\u2588\u2588\u2588\u2588\u2588\u2588\u2588\u2588\u2588\u2588\u2588\u2588\u2588\u2588\u2588\u2588\u2588\u2588\u2588\u2588\u2588\u2588\u2588\u2588\u2588\u2588\u2588\u2588\u2588\u2588\u2588\u2588\u2588\u2588\u2588\u2588\u2588\u2588\u2588\u2588\u2588\u2588\u2588\u2588\u2588\u2588\u2588\u2588\u2588\u2588\u258a                                                     | 606/943 [00:09<00:05, 65.49it/s]", "step": null, "ts": 1730799756.5376284}]}, "version": 739, "at": 1730799756.5377166}
{"obj": {"type": "LogStrings", "path": ["monitoring", "552629ed", "stderr"], "values": [{"value": "\r 65%|\u2588\u2588\u2588\u2588\u2588\u2588\u2588\u2588\u2588\u2588\u2588\u2588\u2588\u2588\u2588\u2588\u2588\u2588\u2588\u2588\u2588\u2588\u2588\u2588\u2588\u2588\u2588\u2588\u2588\u2588\u2588\u2588\u2588\u2588\u2588\u2588\u2588\u2588\u2588\u2588\u2588\u2588\u2588\u2588\u2588\u2588\u2588\u2588\u2588\u2588\u2588\u2588\u2588\u2588\u2588\u2588\u2588\u2588\u2588\u2588\u2588\u2588\u2588\u2588\u2588\u2588\u2588\u2588\u2588\u2588\u2588\u2588\u2588\u2588\u2588\u2588\u2588\u2588\u2588\u2588\u2588\u2588\u2588\u2588\u2588\u2588\u2588\u2588\u2588\u2588\u2588\u2588\u2588\u2588\u2588\u2588\u258a                                                    | 613/943 [00:09<00:05, 64.92it/s]", "step": null, "ts": 1730799756.6475923}]}, "version": 740, "at": 1730799756.647661}
{"obj": {"type": "LogStrings", "path": ["monitoring", "552629ed", "stderr"], "values": [{"value": "\r 66%|\u2588\u2588\u2588\u2588\u2588\u2588\u2588\u2588\u2588\u2588\u2588\u2588\u2588\u2588\u2588\u2588\u2588\u2588\u2588\u2588\u2588\u2588\u2588\u2588\u2588\u2588\u2588\u2588\u2588\u2588\u2588\u2588\u2588\u2588\u2588\u2588\u2588\u2588\u2588\u2588\u2588\u2588\u2588\u2588\u2588\u2588\u2588\u2588\u2588\u2588\u2588\u2588\u2588\u2588\u2588\u2588\u2588\u2588\u2588\u2588\u2588\u2588\u2588\u2588\u2588\u2588\u2588\u2588\u2588\u2588\u2588\u2588\u2588\u2588\u2588\u2588\u2588\u2588\u2588\u2588\u2588\u2588\u2588\u2588\u2588\u2588\u2588\u2588\u2588\u2588\u2588\u2588\u2588\u2588\u2588\u2588\u2588\u2589                                                   | 620/943 [00:09<00:04, 65.14it/s]", "step": null, "ts": 1730799756.7541912}]}, "version": 741, "at": 1730799756.7542763}
{"obj": {"type": "LogFloats", "path": ["monitoring", "552629ed", "cpu"], "values": [{"value": 33.3, "step": null, "ts": 1730799756.7998426}]}, "version": 742, "at": 1730799756.8031864}
{"obj": {"type": "LogFloats", "path": ["monitoring", "552629ed", "memory"], "values": [{"value": 10.294109344482422, "step": null, "ts": 1730799756.7998426}]}, "version": 743, "at": 1730799756.803777}
{"obj": {"type": "LogFloats", "path": ["monitoring", "552629ed", "gpu"], "values": [{"value": 86.0, "step": null, "ts": 1730799756.7998426}]}, "version": 744, "at": 1730799756.804215}
{"obj": {"type": "LogFloats", "path": ["monitoring", "552629ed", "gpu_memory"], "values": [{"value": 1.07916259765625, "step": null, "ts": 1730799756.7998426}]}, "version": 745, "at": 1730799756.8046746}
{"obj": {"type": "LogFloats", "path": ["monitoring", "552629ed", "gpu_power"], "values": [{"value": 188.211, "step": null, "ts": 1730799756.7998426}]}, "version": 746, "at": 1730799756.805057}
{"obj": {"type": "LogStrings", "path": ["monitoring", "552629ed", "stderr"], "values": [{"value": "\r 66%|\u2588\u2588\u2588\u2588\u2588\u2588\u2588\u2588\u2588\u2588\u2588\u2588\u2588\u2588\u2588\u2588\u2588\u2588\u2588\u2588\u2588\u2588\u2588\u2588\u2588\u2588\u2588\u2588\u2588\u2588\u2588\u2588\u2588\u2588\u2588\u2588\u2588\u2588\u2588\u2588\u2588\u2588\u2588\u2588\u2588\u2588\u2588\u2588\u2588\u2588\u2588\u2588\u2588\u2588\u2588\u2588\u2588\u2588\u2588\u2588\u2588\u2588\u2588\u2588\u2588\u2588\u2588\u2588\u2588\u2588\u2588\u2588\u2588\u2588\u2588\u2588\u2588\u2588\u2588\u2588\u2588\u2588\u2588\u2588\u2588\u2588\u2588\u2588\u2588\u2588\u2588\u2588\u2588\u2588\u2588\u2588\u2588\u2588\u2588                                                  | 627/943 [00:09<00:04, 64.56it/s]", "step": null, "ts": 1730799756.864938}]}, "version": 747, "at": 1730799756.8650172}
{"obj": {"type": "LogStrings", "path": ["monitoring", "552629ed", "stderr"], "values": [{"value": "\r 67%|\u2588\u2588\u2588\u2588\u2588\u2588\u2588\u2588\u2588\u2588\u2588\u2588\u2588\u2588\u2588\u2588\u2588\u2588\u2588\u2588\u2588\u2588\u2588\u2588\u2588\u2588\u2588\u2588\u2588\u2588\u2588\u2588\u2588\u2588\u2588\u2588\u2588\u2588\u2588\u2588\u2588\u2588\u2588\u2588\u2588\u2588\u2588\u2588\u2588\u2588\u2588\u2588\u2588\u2588\u2588\u2588\u2588\u2588\u2588\u2588\u2588\u2588\u2588\u2588\u2588\u2588\u2588\u2588\u2588\u2588\u2588\u2588\u2588\u2588\u2588\u2588\u2588\u2588\u2588\u2588\u2588\u2588\u2588\u2588\u2588\u2588\u2588\u2588\u2588\u2588\u2588\u2588\u2588\u2588\u2588\u2588\u2588\u2588\u2588\u2588\u258f                                                | 634/943 [00:09<00:04, 64.75it/s]", "step": null, "ts": 1730799756.9722357}]}, "version": 748, "at": 1730799756.972322}
{"obj": {"type": "LogStrings", "path": ["monitoring", "552629ed", "stderr"], "values": [{"value": "\r 68%|\u2588\u2588\u2588\u2588\u2588\u2588\u2588\u2588\u2588\u2588\u2588\u2588\u2588\u2588\u2588\u2588\u2588\u2588\u2588\u2588\u2588\u2588\u2588\u2588\u2588\u2588\u2588\u2588\u2588\u2588\u2588\u2588\u2588\u2588\u2588\u2588\u2588\u2588\u2588\u2588\u2588\u2588\u2588\u2588\u2588\u2588\u2588\u2588\u2588\u2588\u2588\u2588\u2588\u2588\u2588\u2588\u2588\u2588\u2588\u2588\u2588\u2588\u2588\u2588\u2588\u2588\u2588\u2588\u2588\u2588\u2588\u2588\u2588\u2588\u2588\u2588\u2588\u2588\u2588\u2588\u2588\u2588\u2588\u2588\u2588\u2588\u2588\u2588\u2588\u2588\u2588\u2588\u2588\u2588\u2588\u2588\u2588\u2588\u2588\u2588\u2588\u258e                                               | 641/943 [00:09<00:04, 64.96it/s]", "step": null, "ts": 1730799757.079297}]}, "version": 749, "at": 1730799757.0793836}
{"obj": {"type": "LogStrings", "path": ["monitoring", "552629ed", "stderr"], "values": [{"value": "\r 69%|\u2588\u2588\u2588\u2588\u2588\u2588\u2588\u2588\u2588\u2588\u2588\u2588\u2588\u2588\u2588\u2588\u2588\u2588\u2588\u2588\u2588\u2588\u2588\u2588\u2588\u2588\u2588\u2588\u2588\u2588\u2588\u2588\u2588\u2588\u2588\u2588\u2588\u2588\u2588\u2588\u2588\u2588\u2588\u2588\u2588\u2588\u2588\u2588\u2588\u2588\u2588\u2588\u2588\u2588\u2588\u2588\u2588\u2588\u2588\u2588\u2588\u2588\u2588\u2588\u2588\u2588\u2588\u2588\u2588\u2588\u2588\u2588\u2588\u2588\u2588\u2588\u2588\u2588\u2588\u2588\u2588\u2588\u2588\u2588\u2588\u2588\u2588\u2588\u2588\u2588\u2588\u2588\u2588\u2588\u2588\u2588\u2588\u2588\u2588\u2588\u2588\u2588\u258c                                              | 649/943 [00:09<00:04, 67.82it/s]", "step": null, "ts": 1730799757.1866443}]}, "version": 750, "at": 1730799757.1867535}
{"obj": {"type": "LogStrings", "path": ["monitoring", "552629ed", "stderr"], "values": [{"value": "\r 70%|\u2588\u2588\u2588\u2588\u2588\u2588\u2588\u2588\u2588\u2588\u2588\u2588\u2588\u2588\u2588\u2588\u2588\u2588\u2588\u2588\u2588\u2588\u2588\u2588\u2588\u2588\u2588\u2588\u2588\u2588\u2588\u2588\u2588\u2588\u2588\u2588\u2588\u2588\u2588\u2588\u2588\u2588\u2588\u2588\u2588\u2588\u2588\u2588\u2588\u2588\u2588\u2588\u2588\u2588\u2588\u2588\u2588\u2588\u2588\u2588\u2588\u2588\u2588\u2588\u2588\u2588\u2588\u2588\u2588\u2588\u2588\u2588\u2588\u2588\u2588\u2588\u2588\u2588\u2588\u2588\u2588\u2588\u2588\u2588\u2588\u2588\u2588\u2588\u2588\u2588\u2588\u2588\u2588\u2588\u2588\u2588\u2588\u2588\u2588\u2588\u2588\u2588\u2588\u258a                                             | 657/943 [00:10<00:04, 69.62it/s]", "step": null, "ts": 1730799757.294962}]}, "version": 751, "at": 1730799757.2950487}
{"obj": {"type": "LogStrings", "path": ["monitoring", "552629ed", "stderr"], "values": [{"value": "\r 71%|\u2588\u2588\u2588\u2588\u2588\u2588\u2588\u2588\u2588\u2588\u2588\u2588\u2588\u2588\u2588\u2588\u2588\u2588\u2588\u2588\u2588\u2588\u2588\u2588\u2588\u2588\u2588\u2588\u2588\u2588\u2588\u2588\u2588\u2588\u2588\u2588\u2588\u2588\u2588\u2588\u2588\u2588\u2588\u2588\u2588\u2588\u2588\u2588\u2588\u2588\u2588\u2588\u2588\u2588\u2588\u2588\u2588\u2588\u2588\u2588\u2588\u2588\u2588\u2588\u2588\u2588\u2588\u2588\u2588\u2588\u2588\u2588\u2588\u2588\u2588\u2588\u2588\u2588\u2588\u2588\u2588\u2588\u2588\u2588\u2588\u2588\u2588\u2588\u2588\u2588\u2588\u2588\u2588\u2588\u2588\u2588\u2588\u2588\u2588\u2588\u2588\u2588\u2588\u2588\u2588                                            | 665/943 [00:10<00:03, 71.04it/s]", "step": null, "ts": 1730799757.4024894}]}, "version": 752, "at": 1730799757.4025557}
{"obj": {"type": "LogStrings", "path": ["monitoring", "552629ed", "stderr"], "values": [{"value": "\r 71%|\u2588\u2588\u2588\u2588\u2588\u2588\u2588\u2588\u2588\u2588\u2588\u2588\u2588\u2588\u2588\u2588\u2588\u2588\u2588\u2588\u2588\u2588\u2588\u2588\u2588\u2588\u2588\u2588\u2588\u2588\u2588\u2588\u2588\u2588\u2588\u2588\u2588\u2588\u2588\u2588\u2588\u2588\u2588\u2588\u2588\u2588\u2588\u2588\u2588\u2588\u2588\u2588\u2588\u2588\u2588\u2588\u2588\u2588\u2588\u2588\u2588\u2588\u2588\u2588\u2588\u2588\u2588\u2588\u2588\u2588\u2588\u2588\u2588\u2588\u2588\u2588\u2588\u2588\u2588\u2588\u2588\u2588\u2588\u2588\u2588\u2588\u2588\u2588\u2588\u2588\u2588\u2588\u2588\u2588\u2588\u2588\u2588\u2588\u2588\u2588\u2588\u2588\u2588\u2588\u2588\u2588\u258e                                          | 673/943 [00:10<00:03, 71.91it/s]", "step": null, "ts": 1730799757.5106661}]}, "version": 753, "at": 1730799757.510728}
{"obj": {"type": "LogStrings", "path": ["monitoring", "552629ed", "stderr"], "values": [{"value": "\r 72%|\u2588\u2588\u2588\u2588\u2588\u2588\u2588\u2588\u2588\u2588\u2588\u2588\u2588\u2588\u2588\u2588\u2588\u2588\u2588\u2588\u2588\u2588\u2588\u2588\u2588\u2588\u2588\u2588\u2588\u2588\u2588\u2588\u2588\u2588\u2588\u2588\u2588\u2588\u2588\u2588\u2588\u2588\u2588\u2588\u2588\u2588\u2588\u2588\u2588\u2588\u2588\u2588\u2588\u2588\u2588\u2588\u2588\u2588\u2588\u2588\u2588\u2588\u2588\u2588\u2588\u2588\u2588\u2588\u2588\u2588\u2588\u2588\u2588\u2588\u2588\u2588\u2588\u2588\u2588\u2588\u2588\u2588\u2588\u2588\u2588\u2588\u2588\u2588\u2588\u2588\u2588\u2588\u2588\u2588\u2588\u2588\u2588\u2588\u2588\u2588\u2588\u2588\u2588\u2588\u2588\u2588\u2588\u258c                                         | 681/943 [00:10<00:03, 72.82it/s]", "step": null, "ts": 1730799757.6173892}]}, "version": 754, "at": 1730799757.6174574}
{"obj": {"type": "LogStrings", "path": ["monitoring", "552629ed", "stderr"], "values": [{"value": "\r 73%|\u2588\u2588\u2588\u2588\u2588\u2588\u2588\u2588\u2588\u2588\u2588\u2588\u2588\u2588\u2588\u2588\u2588\u2588\u2588\u2588\u2588\u2588\u2588\u2588\u2588\u2588\u2588\u2588\u2588\u2588\u2588\u2588\u2588\u2588\u2588\u2588\u2588\u2588\u2588\u2588\u2588\u2588\u2588\u2588\u2588\u2588\u2588\u2588\u2588\u2588\u2588\u2588\u2588\u2588\u2588\u2588\u2588\u2588\u2588\u2588\u2588\u2588\u2588\u2588\u2588\u2588\u2588\u2588\u2588\u2588\u2588\u2588\u2588\u2588\u2588\u2588\u2588\u2588\u2588\u2588\u2588\u2588\u2588\u2588\u2588\u2588\u2588\u2588\u2588\u2588\u2588\u2588\u2588\u2588\u2588\u2588\u2588\u2588\u2588\u2588\u2588\u2588\u2588\u2588\u2588\u2588\u2588\u2588\u258a                                        | 689/943 [00:10<00:03, 74.02it/s]", "step": null, "ts": 1730799757.7214193}]}, "version": 755, "at": 1730799757.7214744}
{"obj": {"type": "LogStrings", "path": ["monitoring", "552629ed", "stderr"], "values": [{"value": "\r 74%|\u2588\u2588\u2588\u2588\u2588\u2588\u2588\u2588\u2588\u2588\u2588\u2588\u2588\u2588\u2588\u2588\u2588\u2588\u2588\u2588\u2588\u2588\u2588\u2588\u2588\u2588\u2588\u2588\u2588\u2588\u2588\u2588\u2588\u2588\u2588\u2588\u2588\u2588\u2588\u2588\u2588\u2588\u2588\u2588\u2588\u2588\u2588\u2588\u2588\u2588\u2588\u2588\u2588\u2588\u2588\u2588\u2588\u2588\u2588\u2588\u2588\u2588\u2588\u2588\u2588\u2588\u2588\u2588\u2588\u2588\u2588\u2588\u2588\u2588\u2588\u2588\u2588\u2588\u2588\u2588\u2588\u2588\u2588\u2588\u2588\u2588\u2588\u2588\u2588\u2588\u2588\u2588\u2588\u2588\u2588\u2588\u2588\u2588\u2588\u2588\u2588\u2588\u2588\u2588\u2588\u2588\u2588\u2588\u2588\u2588\u258f                                      | 697/943 [00:10<00:03, 72.88it/s]", "step": null, "ts": 1730799757.8350666}]}, "version": 756, "at": 1730799757.835132}
{"obj": {"type": "LogStrings", "path": ["monitoring", "552629ed", "stderr"], "values": [{"value": "\r 75%|\u2588\u2588\u2588\u2588\u2588\u2588\u2588\u2588\u2588\u2588\u2588\u2588\u2588\u2588\u2588\u2588\u2588\u2588\u2588\u2588\u2588\u2588\u2588\u2588\u2588\u2588\u2588\u2588\u2588\u2588\u2588\u2588\u2588\u2588\u2588\u2588\u2588\u2588\u2588\u2588\u2588\u2588\u2588\u2588\u2588\u2588\u2588\u2588\u2588\u2588\u2588\u2588\u2588\u2588\u2588\u2588\u2588\u2588\u2588\u2588\u2588\u2588\u2588\u2588\u2588\u2588\u2588\u2588\u2588\u2588\u2588\u2588\u2588\u2588\u2588\u2588\u2588\u2588\u2588\u2588\u2588\u2588\u2588\u2588\u2588\u2588\u2588\u2588\u2588\u2588\u2588\u2588\u2588\u2588\u2588\u2588\u2588\u2588\u2588\u2588\u2588\u2588\u2588\u2588\u2588\u2588\u2588\u2588\u2588\u2588\u2588\u258d                                     | 705/943 [00:10<00:03, 70.39it/s]", "step": null, "ts": 1730799757.95771}]}, "version": 757, "at": 1730799757.9577699}
{"obj": {"type": "LogStrings", "path": ["monitoring", "552629ed", "stderr"], "values": [{"value": "\r 76%|\u2588\u2588\u2588\u2588\u2588\u2588\u2588\u2588\u2588\u2588\u2588\u2588\u2588\u2588\u2588\u2588\u2588\u2588\u2588\u2588\u2588\u2588\u2588\u2588\u2588\u2588\u2588\u2588\u2588\u2588\u2588\u2588\u2588\u2588\u2588\u2588\u2588\u2588\u2588\u2588\u2588\u2588\u2588\u2588\u2588\u2588\u2588\u2588\u2588\u2588\u2588\u2588\u2588\u2588\u2588\u2588\u2588\u2588\u2588\u2588\u2588\u2588\u2588\u2588\u2588\u2588\u2588\u2588\u2588\u2588\u2588\u2588\u2588\u2588\u2588\u2588\u2588\u2588\u2588\u2588\u2588\u2588\u2588\u2588\u2588\u2588\u2588\u2588\u2588\u2588\u2588\u2588\u2588\u2588\u2588\u2588\u2588\u2588\u2588\u2588\u2588\u2588\u2588\u2588\u2588\u2588\u2588\u2588\u2588\u2588\u2588\u2588\u258b                                    | 713/943 [00:10<00:03, 69.08it/s]", "step": null, "ts": 1730799758.0784686}]}, "version": 758, "at": 1730799758.0785298}
{"obj": {"type": "LogStrings", "path": ["monitoring", "552629ed", "stderr"], "values": [{"value": "\r 76%|\u2588\u2588\u2588\u2588\u2588\u2588\u2588\u2588\u2588\u2588\u2588\u2588\u2588\u2588\u2588\u2588\u2588\u2588\u2588\u2588\u2588\u2588\u2588\u2588\u2588\u2588\u2588\u2588\u2588\u2588\u2588\u2588\u2588\u2588\u2588\u2588\u2588\u2588\u2588\u2588\u2588\u2588\u2588\u2588\u2588\u2588\u2588\u2588\u2588\u2588\u2588\u2588\u2588\u2588\u2588\u2588\u2588\u2588\u2588\u2588\u2588\u2588\u2588\u2588\u2588\u2588\u2588\u2588\u2588\u2588\u2588\u2588\u2588\u2588\u2588\u2588\u2588\u2588\u2588\u2588\u2588\u2588\u2588\u2588\u2588\u2588\u2588\u2588\u2588\u2588\u2588\u2588\u2588\u2588\u2588\u2588\u2588\u2588\u2588\u2588\u2588\u2588\u2588\u2588\u2588\u2588\u2588\u2588\u2588\u2588\u2588\u2588\u2588\u2589                                   | 721/943 [00:10<00:03, 70.11it/s]", "step": null, "ts": 1730799758.1886117}]}, "version": 759, "at": 1730799758.1886754}
{"obj": {"type": "LogStrings", "path": ["monitoring", "552629ed", "stderr"], "values": [{"value": "\r 77%|\u2588\u2588\u2588\u2588\u2588\u2588\u2588\u2588\u2588\u2588\u2588\u2588\u2588\u2588\u2588\u2588\u2588\u2588\u2588\u2588\u2588\u2588\u2588\u2588\u2588\u2588\u2588\u2588\u2588\u2588\u2588\u2588\u2588\u2588\u2588\u2588\u2588\u2588\u2588\u2588\u2588\u2588\u2588\u2588\u2588\u2588\u2588\u2588\u2588\u2588\u2588\u2588\u2588\u2588\u2588\u2588\u2588\u2588\u2588\u2588\u2588\u2588\u2588\u2588\u2588\u2588\u2588\u2588\u2588\u2588\u2588\u2588\u2588\u2588\u2588\u2588\u2588\u2588\u2588\u2588\u2588\u2588\u2588\u2588\u2588\u2588\u2588\u2588\u2588\u2588\u2588\u2588\u2588\u2588\u2588\u2588\u2588\u2588\u2588\u2588\u2588\u2588\u2588\u2588\u2588\u2588\u2588\u2588\u2588\u2588\u2588\u2588\u2588\u2588\u2588\u258f                                 | 729/943 [00:11<00:03, 71.21it/s]", "step": null, "ts": 1730799758.2968283}]}, "version": 760, "at": 1730799758.2968972}
{"obj": {"type": "LogStrings", "path": ["monitoring", "552629ed", "stderr"], "values": [{"value": "\r 78%|\u2588\u2588\u2588\u2588\u2588\u2588\u2588\u2588\u2588\u2588\u2588\u2588\u2588\u2588\u2588\u2588\u2588\u2588\u2588\u2588\u2588\u2588\u2588\u2588\u2588\u2588\u2588\u2588\u2588\u2588\u2588\u2588\u2588\u2588\u2588\u2588\u2588\u2588\u2588\u2588\u2588\u2588\u2588\u2588\u2588\u2588\u2588\u2588\u2588\u2588\u2588\u2588\u2588\u2588\u2588\u2588\u2588\u2588\u2588\u2588\u2588\u2588\u2588\u2588\u2588\u2588\u2588\u2588\u2588\u2588\u2588\u2588\u2588\u2588\u2588\u2588\u2588\u2588\u2588\u2588\u2588\u2588\u2588\u2588\u2588\u2588\u2588\u2588\u2588\u2588\u2588\u2588\u2588\u2588\u2588\u2588\u2588\u2588\u2588\u2588\u2588\u2588\u2588\u2588\u2588\u2588\u2588\u2588\u2588\u2588\u2588\u2588\u2588\u2588\u2588\u2588\u258d                                | 737/943 [00:11<00:02, 72.09it/s]", "step": null, "ts": 1730799758.4046638}]}, "version": 761, "at": 1730799758.4047296}
{"obj": {"type": "LogStrings", "path": ["monitoring", "552629ed", "stderr"], "values": [{"value": "\r 79%|\u2588\u2588\u2588\u2588\u2588\u2588\u2588\u2588\u2588\u2588\u2588\u2588\u2588\u2588\u2588\u2588\u2588\u2588\u2588\u2588\u2588\u2588\u2588\u2588\u2588\u2588\u2588\u2588\u2588\u2588\u2588\u2588\u2588\u2588\u2588\u2588\u2588\u2588\u2588\u2588\u2588\u2588\u2588\u2588\u2588\u2588\u2588\u2588\u2588\u2588\u2588\u2588\u2588\u2588\u2588\u2588\u2588\u2588\u2588\u2588\u2588\u2588\u2588\u2588\u2588\u2588\u2588\u2588\u2588\u2588\u2588\u2588\u2588\u2588\u2588\u2588\u2588\u2588\u2588\u2588\u2588\u2588\u2588\u2588\u2588\u2588\u2588\u2588\u2588\u2588\u2588\u2588\u2588\u2588\u2588\u2588\u2588\u2588\u2588\u2588\u2588\u2588\u2588\u2588\u2588\u2588\u2588\u2588\u2588\u2588\u2588\u2588\u2588\u2588\u2588\u2588\u2588\u258b                               | 745/943 [00:11<00:02, 70.08it/s]", "step": null, "ts": 1730799758.5261998}]}, "version": 762, "at": 1730799758.5262601}
{"obj": {"type": "LogStrings", "path": ["monitoring", "552629ed", "stderr"], "values": [{"value": "\r 80%|\u2588\u2588\u2588\u2588\u2588\u2588\u2588\u2588\u2588\u2588\u2588\u2588\u2588\u2588\u2588\u2588\u2588\u2588\u2588\u2588\u2588\u2588\u2588\u2588\u2588\u2588\u2588\u2588\u2588\u2588\u2588\u2588\u2588\u2588\u2588\u2588\u2588\u2588\u2588\u2588\u2588\u2588\u2588\u2588\u2588\u2588\u2588\u2588\u2588\u2588\u2588\u2588\u2588\u2588\u2588\u2588\u2588\u2588\u2588\u2588\u2588\u2588\u2588\u2588\u2588\u2588\u2588\u2588\u2588\u2588\u2588\u2588\u2588\u2588\u2588\u2588\u2588\u2588\u2588\u2588\u2588\u2588\u2588\u2588\u2588\u2588\u2588\u2588\u2588\u2588\u2588\u2588\u2588\u2588\u2588\u2588\u2588\u2588\u2588\u2588\u2588\u2588\u2588\u2588\u2588\u2588\u2588\u2588\u2588\u2588\u2588\u2588\u2588\u2588\u2588\u2588\u2588\u2588\u2589                              | 753/943 [00:11<00:02, 68.14it/s]", "step": null, "ts": 1730799758.6512158}]}, "version": 763, "at": 1730799758.6512725}
{"obj": {"type": "LogStrings", "path": ["monitoring", "552629ed", "stderr"], "values": [{"value": "\r 81%|\u2588\u2588\u2588\u2588\u2588\u2588\u2588\u2588\u2588\u2588\u2588\u2588\u2588\u2588\u2588\u2588\u2588\u2588\u2588\u2588\u2588\u2588\u2588\u2588\u2588\u2588\u2588\u2588\u2588\u2588\u2588\u2588\u2588\u2588\u2588\u2588\u2588\u2588\u2588\u2588\u2588\u2588\u2588\u2588\u2588\u2588\u2588\u2588\u2588\u2588\u2588\u2588\u2588\u2588\u2588\u2588\u2588\u2588\u2588\u2588\u2588\u2588\u2588\u2588\u2588\u2588\u2588\u2588\u2588\u2588\u2588\u2588\u2588\u2588\u2588\u2588\u2588\u2588\u2588\u2588\u2588\u2588\u2588\u2588\u2588\u2588\u2588\u2588\u2588\u2588\u2588\u2588\u2588\u2588\u2588\u2588\u2588\u2588\u2588\u2588\u2588\u2588\u2588\u2588\u2588\u2588\u2588\u2588\u2588\u2588\u2588\u2588\u2588\u2588\u2588\u2588\u2588\u2588\u2588\u2588                             | 760/943 [00:11<00:02, 67.92it/s]", "step": null, "ts": 1730799758.755292}]}, "version": 764, "at": 1730799758.7553644}
{"obj": {"type": "LogStrings", "path": ["monitoring", "552629ed", "stderr"], "values": [{"value": "\r 81%|\u2588\u2588\u2588\u2588\u2588\u2588\u2588\u2588\u2588\u2588\u2588\u2588\u2588\u2588\u2588\u2588\u2588\u2588\u2588\u2588\u2588\u2588\u2588\u2588\u2588\u2588\u2588\u2588\u2588\u2588\u2588\u2588\u2588\u2588\u2588\u2588\u2588\u2588\u2588\u2588\u2588\u2588\u2588\u2588\u2588\u2588\u2588\u2588\u2588\u2588\u2588\u2588\u2588\u2588\u2588\u2588\u2588\u2588\u2588\u2588\u2588\u2588\u2588\u2588\u2588\u2588\u2588\u2588\u2588\u2588\u2588\u2588\u2588\u2588\u2588\u2588\u2588\u2588\u2588\u2588\u2588\u2588\u2588\u2588\u2588\u2588\u2588\u2588\u2588\u2588\u2588\u2588\u2588\u2588\u2588\u2588\u2588\u2588\u2588\u2588\u2588\u2588\u2588\u2588\u2588\u2588\u2588\u2588\u2588\u2588\u2588\u2588\u2588\u2588\u2588\u2588\u2588\u2588\u2588\u2588\u2588\u258f                           | 767/943 [00:11<00:02, 67.14it/s]", "step": null, "ts": 1730799758.8625352}]}, "version": 765, "at": 1730799758.8626063}
{"obj": {"type": "LogStrings", "path": ["monitoring", "552629ed", "stderr"], "values": [{"value": "\r 82%|\u2588\u2588\u2588\u2588\u2588\u2588\u2588\u2588\u2588\u2588\u2588\u2588\u2588\u2588\u2588\u2588\u2588\u2588\u2588\u2588\u2588\u2588\u2588\u2588\u2588\u2588\u2588\u2588\u2588\u2588\u2588\u2588\u2588\u2588\u2588\u2588\u2588\u2588\u2588\u2588\u2588\u2588\u2588\u2588\u2588\u2588\u2588\u2588\u2588\u2588\u2588\u2588\u2588\u2588\u2588\u2588\u2588\u2588\u2588\u2588\u2588\u2588\u2588\u2588\u2588\u2588\u2588\u2588\u2588\u2588\u2588\u2588\u2588\u2588\u2588\u2588\u2588\u2588\u2588\u2588\u2588\u2588\u2588\u2588\u2588\u2588\u2588\u2588\u2588\u2588\u2588\u2588\u2588\u2588\u2588\u2588\u2588\u2588\u2588\u2588\u2588\u2588\u2588\u2588\u2588\u2588\u2588\u2588\u2588\u2588\u2588\u2588\u2588\u2588\u2588\u2588\u2588\u2588\u2588\u2588\u2588\u2588\u258e                          | 774/943 [00:11<00:02, 67.05it/s]", "step": null, "ts": 1730799758.967379}]}, "version": 766, "at": 1730799758.967459}
{"obj": {"type": "LogStrings", "path": ["monitoring", "552629ed", "stderr"], "values": [{"value": "\r 83%|\u2588\u2588\u2588\u2588\u2588\u2588\u2588\u2588\u2588\u2588\u2588\u2588\u2588\u2588\u2588\u2588\u2588\u2588\u2588\u2588\u2588\u2588\u2588\u2588\u2588\u2588\u2588\u2588\u2588\u2588\u2588\u2588\u2588\u2588\u2588\u2588\u2588\u2588\u2588\u2588\u2588\u2588\u2588\u2588\u2588\u2588\u2588\u2588\u2588\u2588\u2588\u2588\u2588\u2588\u2588\u2588\u2588\u2588\u2588\u2588\u2588\u2588\u2588\u2588\u2588\u2588\u2588\u2588\u2588\u2588\u2588\u2588\u2588\u2588\u2588\u2588\u2588\u2588\u2588\u2588\u2588\u2588\u2588\u2588\u2588\u2588\u2588\u2588\u2588\u2588\u2588\u2588\u2588\u2588\u2588\u2588\u2588\u2588\u2588\u2588\u2588\u2588\u2588\u2588\u2588\u2588\u2588\u2588\u2588\u2588\u2588\u2588\u2588\u2588\u2588\u2588\u2588\u2588\u2588\u2588\u2588\u2588\u2588\u258d                         | 781/943 [00:11<00:02, 67.66it/s]", "step": null, "ts": 1730799759.0684938}]}, "version": 767, "at": 1730799759.0685666}
{"obj": {"type": "LogStrings", "path": ["monitoring", "552629ed", "stderr"], "values": [{"value": "\r 84%|\u2588\u2588\u2588\u2588\u2588\u2588\u2588\u2588\u2588\u2588\u2588\u2588\u2588\u2588\u2588\u2588\u2588\u2588\u2588\u2588\u2588\u2588\u2588\u2588\u2588\u2588\u2588\u2588\u2588\u2588\u2588\u2588\u2588\u2588\u2588\u2588\u2588\u2588\u2588\u2588\u2588\u2588\u2588\u2588\u2588\u2588\u2588\u2588\u2588\u2588\u2588\u2588\u2588\u2588\u2588\u2588\u2588\u2588\u2588\u2588\u2588\u2588\u2588\u2588\u2588\u2588\u2588\u2588\u2588\u2588\u2588\u2588\u2588\u2588\u2588\u2588\u2588\u2588\u2588\u2588\u2588\u2588\u2588\u2588\u2588\u2588\u2588\u2588\u2588\u2588\u2588\u2588\u2588\u2588\u2588\u2588\u2588\u2588\u2588\u2588\u2588\u2588\u2588\u2588\u2588\u2588\u2588\u2588\u2588\u2588\u2588\u2588\u2588\u2588\u2588\u2588\u2588\u2588\u2588\u2588\u2588\u2588\u2588\u2588\u258c                        | 788/943 [00:11<00:02, 66.93it/s]", "step": null, "ts": 1730799759.1757748}]}, "version": 768, "at": 1730799759.1758459}
{"obj": {"type": "LogStrings", "path": ["monitoring", "552629ed", "stderr"], "values": [{"value": "\r 84%|\u2588\u2588\u2588\u2588\u2588\u2588\u2588\u2588\u2588\u2588\u2588\u2588\u2588\u2588\u2588\u2588\u2588\u2588\u2588\u2588\u2588\u2588\u2588\u2588\u2588\u2588\u2588\u2588\u2588\u2588\u2588\u2588\u2588\u2588\u2588\u2588\u2588\u2588\u2588\u2588\u2588\u2588\u2588\u2588\u2588\u2588\u2588\u2588\u2588\u2588\u2588\u2588\u2588\u2588\u2588\u2588\u2588\u2588\u2588\u2588\u2588\u2588\u2588\u2588\u2588\u2588\u2588\u2588\u2588\u2588\u2588\u2588\u2588\u2588\u2588\u2588\u2588\u2588\u2588\u2588\u2588\u2588\u2588\u2588\u2588\u2588\u2588\u2588\u2588\u2588\u2588\u2588\u2588\u2588\u2588\u2588\u2588\u2588\u2588\u2588\u2588\u2588\u2588\u2588\u2588\u2588\u2588\u2588\u2588\u2588\u2588\u2588\u2588\u2588\u2588\u2588\u2588\u2588\u2588\u2588\u2588\u2588\u2588\u2588\u2588\u258c                       | 795/943 [00:12<00:02, 66.63it/s]", "step": null, "ts": 1730799759.2819448}]}, "version": 769, "at": 1730799759.2820203}
{"obj": {"type": "LogStrings", "path": ["monitoring", "552629ed", "stderr"], "values": [{"value": "\r 85%|\u2588\u2588\u2588\u2588\u2588\u2588\u2588\u2588\u2588\u2588\u2588\u2588\u2588\u2588\u2588\u2588\u2588\u2588\u2588\u2588\u2588\u2588\u2588\u2588\u2588\u2588\u2588\u2588\u2588\u2588\u2588\u2588\u2588\u2588\u2588\u2588\u2588\u2588\u2588\u2588\u2588\u2588\u2588\u2588\u2588\u2588\u2588\u2588\u2588\u2588\u2588\u2588\u2588\u2588\u2588\u2588\u2588\u2588\u2588\u2588\u2588\u2588\u2588\u2588\u2588\u2588\u2588\u2588\u2588\u2588\u2588\u2588\u2588\u2588\u2588\u2588\u2588\u2588\u2588\u2588\u2588\u2588\u2588\u2588\u2588\u2588\u2588\u2588\u2588\u2588\u2588\u2588\u2588\u2588\u2588\u2588\u2588\u2588\u2588\u2588\u2588\u2588\u2588\u2588\u2588\u2588\u2588\u2588\u2588\u2588\u2588\u2588\u2588\u2588\u2588\u2588\u2588\u2588\u2588\u2588\u2588\u2588\u2588\u2588\u2588\u2588\u258b                      | 802/943 [00:12<00:02, 66.34it/s]", "step": null, "ts": 1730799759.3885794}]}, "version": 770, "at": 1730799759.3886523}
{"obj": {"type": "LogStrings", "path": ["monitoring", "552629ed", "stderr"], "values": [{"value": "\r 86%|\u2588\u2588\u2588\u2588\u2588\u2588\u2588\u2588\u2588\u2588\u2588\u2588\u2588\u2588\u2588\u2588\u2588\u2588\u2588\u2588\u2588\u2588\u2588\u2588\u2588\u2588\u2588\u2588\u2588\u2588\u2588\u2588\u2588\u2588\u2588\u2588\u2588\u2588\u2588\u2588\u2588\u2588\u2588\u2588\u2588\u2588\u2588\u2588\u2588\u2588\u2588\u2588\u2588\u2588\u2588\u2588\u2588\u2588\u2588\u2588\u2588\u2588\u2588\u2588\u2588\u2588\u2588\u2588\u2588\u2588\u2588\u2588\u2588\u2588\u2588\u2588\u2588\u2588\u2588\u2588\u2588\u2588\u2588\u2588\u2588\u2588\u2588\u2588\u2588\u2588\u2588\u2588\u2588\u2588\u2588\u2588\u2588\u2588\u2588\u2588\u2588\u2588\u2588\u2588\u2588\u2588\u2588\u2588\u2588\u2588\u2588\u2588\u2588\u2588\u2588\u2588\u2588\u2588\u2588\u2588\u2588\u2588\u2588\u2588\u2588\u2588\u2588\u258a                     | 809/943 [00:12<00:02, 66.23it/s]", "step": null, "ts": 1730799759.4946678}]}, "version": 771, "at": 1730799759.4947402}
{"obj": {"type": "LogStrings", "path": ["monitoring", "552629ed", "stderr"], "values": [{"value": "\r 87%|\u2588\u2588\u2588\u2588\u2588\u2588\u2588\u2588\u2588\u2588\u2588\u2588\u2588\u2588\u2588\u2588\u2588\u2588\u2588\u2588\u2588\u2588\u2588\u2588\u2588\u2588\u2588\u2588\u2588\u2588\u2588\u2588\u2588\u2588\u2588\u2588\u2588\u2588\u2588\u2588\u2588\u2588\u2588\u2588\u2588\u2588\u2588\u2588\u2588\u2588\u2588\u2588\u2588\u2588\u2588\u2588\u2588\u2588\u2588\u2588\u2588\u2588\u2588\u2588\u2588\u2588\u2588\u2588\u2588\u2588\u2588\u2588\u2588\u2588\u2588\u2588\u2588\u2588\u2588\u2588\u2588\u2588\u2588\u2588\u2588\u2588\u2588\u2588\u2588\u2588\u2588\u2588\u2588\u2588\u2588\u2588\u2588\u2588\u2588\u2588\u2588\u2588\u2588\u2588\u2588\u2588\u2588\u2588\u2588\u2588\u2588\u2588\u2588\u2588\u2588\u2588\u2588\u2588\u2588\u2588\u2588\u2588\u2588\u2588\u2588\u2588\u2588\u2588\u2589                    | 816/943 [00:12<00:01, 66.19it/s]", "step": null, "ts": 1730799759.6005669}]}, "version": 772, "at": 1730799759.6006339}
{"obj": {"type": "LogStrings", "path": ["monitoring", "552629ed", "stderr"], "values": [{"value": "\r 87%|\u2588\u2588\u2588\u2588\u2588\u2588\u2588\u2588\u2588\u2588\u2588\u2588\u2588\u2588\u2588\u2588\u2588\u2588\u2588\u2588\u2588\u2588\u2588\u2588\u2588\u2588\u2588\u2588\u2588\u2588\u2588\u2588\u2588\u2588\u2588\u2588\u2588\u2588\u2588\u2588\u2588\u2588\u2588\u2588\u2588\u2588\u2588\u2588\u2588\u2588\u2588\u2588\u2588\u2588\u2588\u2588\u2588\u2588\u2588\u2588\u2588\u2588\u2588\u2588\u2588\u2588\u2588\u2588\u2588\u2588\u2588\u2588\u2588\u2588\u2588\u2588\u2588\u2588\u2588\u2588\u2588\u2588\u2588\u2588\u2588\u2588\u2588\u2588\u2588\u2588\u2588\u2588\u2588\u2588\u2588\u2588\u2588\u2588\u2588\u2588\u2588\u2588\u2588\u2588\u2588\u2588\u2588\u2588\u2588\u2588\u2588\u2588\u2588\u2588\u2588\u2588\u2588\u2588\u2588\u2588\u2588\u2588\u2588\u2588\u2588\u2588\u2588\u2588\u2588\u2588                   | 823/943 [00:12<00:02, 58.64it/s]", "step": null, "ts": 1730799759.7518687}]}, "version": 773, "at": 1730799759.7519293}
{"obj": {"type": "LogStrings", "path": ["monitoring", "552629ed", "stderr"], "values": [{"value": "\r 88%|\u2588\u2588\u2588\u2588\u2588\u2588\u2588\u2588\u2588\u2588\u2588\u2588\u2588\u2588\u2588\u2588\u2588\u2588\u2588\u2588\u2588\u2588\u2588\u2588\u2588\u2588\u2588\u2588\u2588\u2588\u2588\u2588\u2588\u2588\u2588\u2588\u2588\u2588\u2588\u2588\u2588\u2588\u2588\u2588\u2588\u2588\u2588\u2588\u2588\u2588\u2588\u2588\u2588\u2588\u2588\u2588\u2588\u2588\u2588\u2588\u2588\u2588\u2588\u2588\u2588\u2588\u2588\u2588\u2588\u2588\u2588\u2588\u2588\u2588\u2588\u2588\u2588\u2588\u2588\u2588\u2588\u2588\u2588\u2588\u2588\u2588\u2588\u2588\u2588\u2588\u2588\u2588\u2588\u2588\u2588\u2588\u2588\u2588\u2588\u2588\u2588\u2588\u2588\u2588\u2588\u2588\u2588\u2588\u2588\u2588\u2588\u2588\u2588\u2588\u2588\u2588\u2588\u2588\u2588\u2588\u2588\u2588\u2588\u2588\u2588\u2588\u2588\u2588\u2588\u2588\u2588\u258f                 | 830/943 [00:12<00:01, 60.14it/s]", "step": null, "ts": 1730799759.8613331}]}, "version": 774, "at": 1730799759.8614275}
{"obj": {"type": "LogStrings", "path": ["monitoring", "552629ed", "stderr"], "values": [{"value": "\r 89%|\u2588\u2588\u2588\u2588\u2588\u2588\u2588\u2588\u2588\u2588\u2588\u2588\u2588\u2588\u2588\u2588\u2588\u2588\u2588\u2588\u2588\u2588\u2588\u2588\u2588\u2588\u2588\u2588\u2588\u2588\u2588\u2588\u2588\u2588\u2588\u2588\u2588\u2588\u2588\u2588\u2588\u2588\u2588\u2588\u2588\u2588\u2588\u2588\u2588\u2588\u2588\u2588\u2588\u2588\u2588\u2588\u2588\u2588\u2588\u2588\u2588\u2588\u2588\u2588\u2588\u2588\u2588\u2588\u2588\u2588\u2588\u2588\u2588\u2588\u2588\u2588\u2588\u2588\u2588\u2588\u2588\u2588\u2588\u2588\u2588\u2588\u2588\u2588\u2588\u2588\u2588\u2588\u2588\u2588\u2588\u2588\u2588\u2588\u2588\u2588\u2588\u2588\u2588\u2588\u2588\u2588\u2588\u2588\u2588\u2588\u2588\u2588\u2588\u2588\u2588\u2588\u2588\u2588\u2588\u2588\u2588\u2588\u2588\u2588\u2588\u2588\u2588\u2588\u2588\u2588\u2588\u2588\u258e                | 837/943 [00:12<00:01, 61.75it/s]", "step": null, "ts": 1730799759.9676187}]}, "version": 775, "at": 1730799759.9677074}
{"obj": {"type": "LogStrings", "path": ["monitoring", "552629ed", "stderr"], "values": [{"value": "\r 90%|\u2588\u2588\u2588\u2588\u2588\u2588\u2588\u2588\u2588\u2588\u2588\u2588\u2588\u2588\u2588\u2588\u2588\u2588\u2588\u2588\u2588\u2588\u2588\u2588\u2588\u2588\u2588\u2588\u2588\u2588\u2588\u2588\u2588\u2588\u2588\u2588\u2588\u2588\u2588\u2588\u2588\u2588\u2588\u2588\u2588\u2588\u2588\u2588\u2588\u2588\u2588\u2588\u2588\u2588\u2588\u2588\u2588\u2588\u2588\u2588\u2588\u2588\u2588\u2588\u2588\u2588\u2588\u2588\u2588\u2588\u2588\u2588\u2588\u2588\u2588\u2588\u2588\u2588\u2588\u2588\u2588\u2588\u2588\u2588\u2588\u2588\u2588\u2588\u2588\u2588\u2588\u2588\u2588\u2588\u2588\u2588\u2588\u2588\u2588\u2588\u2588\u2588\u2588\u2588\u2588\u2588\u2588\u2588\u2588\u2588\u2588\u2588\u2588\u2588\u2588\u2588\u2588\u2588\u2588\u2588\u2588\u2588\u2588\u2588\u2588\u2588\u2588\u2588\u2588\u2588\u2588\u2588\u2588\u258e               | 844/943 [00:12<00:01, 62.62it/s]", "step": null, "ts": 1730799760.0756547}]}, "version": 776, "at": 1730799760.075723}
{"obj": {"type": "LogStrings", "path": ["monitoring", "552629ed", "stderr"], "values": [{"value": "\r 90%|\u2588\u2588\u2588\u2588\u2588\u2588\u2588\u2588\u2588\u2588\u2588\u2588\u2588\u2588\u2588\u2588\u2588\u2588\u2588\u2588\u2588\u2588\u2588\u2588\u2588\u2588\u2588\u2588\u2588\u2588\u2588\u2588\u2588\u2588\u2588\u2588\u2588\u2588\u2588\u2588\u2588\u2588\u2588\u2588\u2588\u2588\u2588\u2588\u2588\u2588\u2588\u2588\u2588\u2588\u2588\u2588\u2588\u2588\u2588\u2588\u2588\u2588\u2588\u2588\u2588\u2588\u2588\u2588\u2588\u2588\u2588\u2588\u2588\u2588\u2588\u2588\u2588\u2588\u2588\u2588\u2588\u2588\u2588\u2588\u2588\u2588\u2588\u2588\u2588\u2588\u2588\u2588\u2588\u2588\u2588\u2588\u2588\u2588\u2588\u2588\u2588\u2588\u2588\u2588\u2588\u2588\u2588\u2588\u2588\u2588\u2588\u2588\u2588\u2588\u2588\u2588\u2588\u2588\u2588\u2588\u2588\u2588\u2588\u2588\u2588\u2588\u2588\u2588\u2588\u2588\u2588\u2588\u2588\u2588\u258d              | 851/943 [00:12<00:01, 63.45it/s]", "step": null, "ts": 1730799760.182577}]}, "version": 777, "at": 1730799760.1826448}
{"obj": {"type": "LogStrings", "path": ["monitoring", "552629ed", "stderr"], "values": [{"value": "\r 91%|\u2588\u2588\u2588\u2588\u2588\u2588\u2588\u2588\u2588\u2588\u2588\u2588\u2588\u2588\u2588\u2588\u2588\u2588\u2588\u2588\u2588\u2588\u2588\u2588\u2588\u2588\u2588\u2588\u2588\u2588\u2588\u2588\u2588\u2588\u2588\u2588\u2588\u2588\u2588\u2588\u2588\u2588\u2588\u2588\u2588\u2588\u2588\u2588\u2588\u2588\u2588\u2588\u2588\u2588\u2588\u2588\u2588\u2588\u2588\u2588\u2588\u2588\u2588\u2588\u2588\u2588\u2588\u2588\u2588\u2588\u2588\u2588\u2588\u2588\u2588\u2588\u2588\u2588\u2588\u2588\u2588\u2588\u2588\u2588\u2588\u2588\u2588\u2588\u2588\u2588\u2588\u2588\u2588\u2588\u2588\u2588\u2588\u2588\u2588\u2588\u2588\u2588\u2588\u2588\u2588\u2588\u2588\u2588\u2588\u2588\u2588\u2588\u2588\u2588\u2588\u2588\u2588\u2588\u2588\u2588\u2588\u2588\u2588\u2588\u2588\u2588\u2588\u2588\u2588\u2588\u2588\u2588\u2588\u2588\u2588\u258c             | 858/943 [00:13<00:01, 64.09it/s]", "step": null, "ts": 1730799760.2892308}]}, "version": 778, "at": 1730799760.2892973}
{"obj": {"type": "LogStrings", "path": ["monitoring", "552629ed", "stderr"], "values": [{"value": "\r 92%|\u2588\u2588\u2588\u2588\u2588\u2588\u2588\u2588\u2588\u2588\u2588\u2588\u2588\u2588\u2588\u2588\u2588\u2588\u2588\u2588\u2588\u2588\u2588\u2588\u2588\u2588\u2588\u2588\u2588\u2588\u2588\u2588\u2588\u2588\u2588\u2588\u2588\u2588\u2588\u2588\u2588\u2588\u2588\u2588\u2588\u2588\u2588\u2588\u2588\u2588\u2588\u2588\u2588\u2588\u2588\u2588\u2588\u2588\u2588\u2588\u2588\u2588\u2588\u2588\u2588\u2588\u2588\u2588\u2588\u2588\u2588\u2588\u2588\u2588\u2588\u2588\u2588\u2588\u2588\u2588\u2588\u2588\u2588\u2588\u2588\u2588\u2588\u2588\u2588\u2588\u2588\u2588\u2588\u2588\u2588\u2588\u2588\u2588\u2588\u2588\u2588\u2588\u2588\u2588\u2588\u2588\u2588\u2588\u2588\u2588\u2588\u2588\u2588\u2588\u2588\u2588\u2588\u2588\u2588\u2588\u2588\u2588\u2588\u2588\u2588\u2588\u2588\u2588\u2588\u2588\u2588\u2588\u2588\u2588\u2588\u2588\u258b            | 865/943 [00:13<00:01, 64.51it/s]", "step": null, "ts": 1730799760.396082}]}, "version": 779, "at": 1730799760.39615}
{"obj": {"type": "LogStrings", "path": ["monitoring", "552629ed", "stderr"], "values": [{"value": "\r 92%|\u2588\u2588\u2588\u2588\u2588\u2588\u2588\u2588\u2588\u2588\u2588\u2588\u2588\u2588\u2588\u2588\u2588\u2588\u2588\u2588\u2588\u2588\u2588\u2588\u2588\u2588\u2588\u2588\u2588\u2588\u2588\u2588\u2588\u2588\u2588\u2588\u2588\u2588\u2588\u2588\u2588\u2588\u2588\u2588\u2588\u2588\u2588\u2588\u2588\u2588\u2588\u2588\u2588\u2588\u2588\u2588\u2588\u2588\u2588\u2588\u2588\u2588\u2588\u2588\u2588\u2588\u2588\u2588\u2588\u2588\u2588\u2588\u2588\u2588\u2588\u2588\u2588\u2588\u2588\u2588\u2588\u2588\u2588\u2588\u2588\u2588\u2588\u2588\u2588\u2588\u2588\u2588\u2588\u2588\u2588\u2588\u2588\u2588\u2588\u2588\u2588\u2588\u2588\u2588\u2588\u2588\u2588\u2588\u2588\u2588\u2588\u2588\u2588\u2588\u2588\u2588\u2588\u2588\u2588\u2588\u2588\u2588\u2588\u2588\u2588\u2588\u2588\u2588\u2588\u2588\u2588\u2588\u2588\u2588\u2588\u2588\u2588\u258a           | 872/943 [00:13<00:01, 64.95it/s]", "step": null, "ts": 1730799760.5021017}]}, "version": 780, "at": 1730799760.502172}
{"obj": {"type": "LogStrings", "path": ["monitoring", "552629ed", "stderr"], "values": [{"value": "\r 93%|\u2588\u2588\u2588\u2588\u2588\u2588\u2588\u2588\u2588\u2588\u2588\u2588\u2588\u2588\u2588\u2588\u2588\u2588\u2588\u2588\u2588\u2588\u2588\u2588\u2588\u2588\u2588\u2588\u2588\u2588\u2588\u2588\u2588\u2588\u2588\u2588\u2588\u2588\u2588\u2588\u2588\u2588\u2588\u2588\u2588\u2588\u2588\u2588\u2588\u2588\u2588\u2588\u2588\u2588\u2588\u2588\u2588\u2588\u2588\u2588\u2588\u2588\u2588\u2588\u2588\u2588\u2588\u2588\u2588\u2588\u2588\u2588\u2588\u2588\u2588\u2588\u2588\u2588\u2588\u2588\u2588\u2588\u2588\u2588\u2588\u2588\u2588\u2588\u2588\u2588\u2588\u2588\u2588\u2588\u2588\u2588\u2588\u2588\u2588\u2588\u2588\u2588\u2588\u2588\u2588\u2588\u2588\u2588\u2588\u2588\u2588\u2588\u2588\u2588\u2588\u2588\u2588\u2588\u2588\u2588\u2588\u2588\u2588\u2588\u2588\u2588\u2588\u2588\u2588\u2588\u2588\u2588\u2588\u2588\u2588\u2588\u2588\u2588\u2589          | 879/943 [00:13<00:00, 65.10it/s]", "step": null, "ts": 1730799760.6090865}]}, "version": 781, "at": 1730799760.6091592}
{"obj": {"type": "LogStrings", "path": ["monitoring", "552629ed", "stderr"], "values": [{"value": "\r 94%|\u2588\u2588\u2588\u2588\u2588\u2588\u2588\u2588\u2588\u2588\u2588\u2588\u2588\u2588\u2588\u2588\u2588\u2588\u2588\u2588\u2588\u2588\u2588\u2588\u2588\u2588\u2588\u2588\u2588\u2588\u2588\u2588\u2588\u2588\u2588\u2588\u2588\u2588\u2588\u2588\u2588\u2588\u2588\u2588\u2588\u2588\u2588\u2588\u2588\u2588\u2588\u2588\u2588\u2588\u2588\u2588\u2588\u2588\u2588\u2588\u2588\u2588\u2588\u2588\u2588\u2588\u2588\u2588\u2588\u2588\u2588\u2588\u2588\u2588\u2588\u2588\u2588\u2588\u2588\u2588\u2588\u2588\u2588\u2588\u2588\u2588\u2588\u2588\u2588\u2588\u2588\u2588\u2588\u2588\u2588\u2588\u2588\u2588\u2588\u2588\u2588\u2588\u2588\u2588\u2588\u2588\u2588\u2588\u2588\u2588\u2588\u2588\u2588\u2588\u2588\u2588\u2588\u2588\u2588\u2588\u2588\u2588\u2588\u2588\u2588\u2588\u2588\u2588\u2588\u2588\u2588\u2588\u2588\u2588\u2588\u2588\u2588\u2588\u2588\u2589         | 886/943 [00:13<00:01, 53.44it/s]", "step": null, "ts": 1730799760.7947736}]}, "version": 782, "at": 1730799760.7948394}
{"obj": {"type": "LogStrings", "path": ["monitoring", "552629ed", "stderr"], "values": [{"value": "\r 95%|\u2588\u2588\u2588\u2588\u2588\u2588\u2588\u2588\u2588\u2588\u2588\u2588\u2588\u2588\u2588\u2588\u2588\u2588\u2588\u2588\u2588\u2588\u2588\u2588\u2588\u2588\u2588\u2588\u2588\u2588\u2588\u2588\u2588\u2588\u2588\u2588\u2588\u2588\u2588\u2588\u2588\u2588\u2588\u2588\u2588\u2588\u2588\u2588\u2588\u2588\u2588\u2588\u2588\u2588\u2588\u2588\u2588\u2588\u2588\u2588\u2588\u2588\u2588\u2588\u2588\u2588\u2588\u2588\u2588\u2588\u2588\u2588\u2588\u2588\u2588\u2588\u2588\u2588\u2588\u2588\u2588\u2588\u2588\u2588\u2588\u2588\u2588\u2588\u2588\u2588\u2588\u2588\u2588\u2588\u2588\u2588\u2588\u2588\u2588\u2588\u2588\u2588\u2588\u2588\u2588\u2588\u2588\u2588\u2588\u2588\u2588\u2588\u2588\u2588\u2588\u2588\u2588\u2588\u2588\u2588\u2588\u2588\u2588\u2588\u2588\u2588\u2588\u2588\u2588\u2588\u2588\u2588\u2588\u2588\u2588\u2588\u2588\u2588\u2588\u2588\u2588        | 893/943 [00:13<00:00, 57.17it/s]", "step": null, "ts": 1730799760.8973277}]}, "version": 783, "at": 1730799760.8974013}
{"obj": {"type": "LogStrings", "path": ["monitoring", "552629ed", "stderr"], "values": [{"value": "\r 95%|\u2588\u2588\u2588\u2588\u2588\u2588\u2588\u2588\u2588\u2588\u2588\u2588\u2588\u2588\u2588\u2588\u2588\u2588\u2588\u2588\u2588\u2588\u2588\u2588\u2588\u2588\u2588\u2588\u2588\u2588\u2588\u2588\u2588\u2588\u2588\u2588\u2588\u2588\u2588\u2588\u2588\u2588\u2588\u2588\u2588\u2588\u2588\u2588\u2588\u2588\u2588\u2588\u2588\u2588\u2588\u2588\u2588\u2588\u2588\u2588\u2588\u2588\u2588\u2588\u2588\u2588\u2588\u2588\u2588\u2588\u2588\u2588\u2588\u2588\u2588\u2588\u2588\u2588\u2588\u2588\u2588\u2588\u2588\u2588\u2588\u2588\u2588\u2588\u2588\u2588\u2588\u2588\u2588\u2588\u2588\u2588\u2588\u2588\u2588\u2588\u2588\u2588\u2588\u2588\u2588\u2588\u2588\u2588\u2588\u2588\u2588\u2588\u2588\u2588\u2588\u2588\u2588\u2588\u2588\u2588\u2588\u2588\u2588\u2588\u2588\u2588\u2588\u2588\u2588\u2588\u2588\u2588\u2588\u2588\u2588\u2588\u2588\u2588\u2588\u2588\u2588\u2588\u258f      | 900/943 [00:13<00:00, 59.45it/s]", "step": null, "ts": 1730799761.0041416}]}, "version": 784, "at": 1730799761.004214}
{"obj": {"type": "LogStrings", "path": ["monitoring", "552629ed", "stderr"], "values": [{"value": "\r 96%|\u2588\u2588\u2588\u2588\u2588\u2588\u2588\u2588\u2588\u2588\u2588\u2588\u2588\u2588\u2588\u2588\u2588\u2588\u2588\u2588\u2588\u2588\u2588\u2588\u2588\u2588\u2588\u2588\u2588\u2588\u2588\u2588\u2588\u2588\u2588\u2588\u2588\u2588\u2588\u2588\u2588\u2588\u2588\u2588\u2588\u2588\u2588\u2588\u2588\u2588\u2588\u2588\u2588\u2588\u2588\u2588\u2588\u2588\u2588\u2588\u2588\u2588\u2588\u2588\u2588\u2588\u2588\u2588\u2588\u2588\u2588\u2588\u2588\u2588\u2588\u2588\u2588\u2588\u2588\u2588\u2588\u2588\u2588\u2588\u2588\u2588\u2588\u2588\u2588\u2588\u2588\u2588\u2588\u2588\u2588\u2588\u2588\u2588\u2588\u2588\u2588\u2588\u2588\u2588\u2588\u2588\u2588\u2588\u2588\u2588\u2588\u2588\u2588\u2588\u2588\u2588\u2588\u2588\u2588\u2588\u2588\u2588\u2588\u2588\u2588\u2588\u2588\u2588\u2588\u2588\u2588\u2588\u2588\u2588\u2588\u2588\u2588\u2588\u2588\u2588\u2588\u2588\u2588\u258e     | 907/943 [00:13<00:00, 59.72it/s]", "step": null, "ts": 1730799761.1201553}]}, "version": 785, "at": 1730799761.1202567}
{"obj": {"type": "LogStrings", "path": ["monitoring", "552629ed", "stderr"], "values": [{"value": "\r 97%|\u2588\u2588\u2588\u2588\u2588\u2588\u2588\u2588\u2588\u2588\u2588\u2588\u2588\u2588\u2588\u2588\u2588\u2588\u2588\u2588\u2588\u2588\u2588\u2588\u2588\u2588\u2588\u2588\u2588\u2588\u2588\u2588\u2588\u2588\u2588\u2588\u2588\u2588\u2588\u2588\u2588\u2588\u2588\u2588\u2588\u2588\u2588\u2588\u2588\u2588\u2588\u2588\u2588\u2588\u2588\u2588\u2588\u2588\u2588\u2588\u2588\u2588\u2588\u2588\u2588\u2588\u2588\u2588\u2588\u2588\u2588\u2588\u2588\u2588\u2588\u2588\u2588\u2588\u2588\u2588\u2588\u2588\u2588\u2588\u2588\u2588\u2588\u2588\u2588\u2588\u2588\u2588\u2588\u2588\u2588\u2588\u2588\u2588\u2588\u2588\u2588\u2588\u2588\u2588\u2588\u2588\u2588\u2588\u2588\u2588\u2588\u2588\u2588\u2588\u2588\u2588\u2588\u2588\u2588\u2588\u2588\u2588\u2588\u2588\u2588\u2588\u2588\u2588\u2588\u2588\u2588\u2588\u2588\u2588\u2588\u2588\u2588\u2588\u2588\u2588\u2588\u2588\u2588\u2588\u258d    | 914/943 [00:14<00:00, 61.47it/s]", "step": null, "ts": 1730799761.2262216}]}, "version": 786, "at": 1730799761.2262955}
{"obj": {"type": "LogStrings", "path": ["monitoring", "552629ed", "stderr"], "values": [{"value": "\r 98%|\u2588\u2588\u2588\u2588\u2588\u2588\u2588\u2588\u2588\u2588\u2588\u2588\u2588\u2588\u2588\u2588\u2588\u2588\u2588\u2588\u2588\u2588\u2588\u2588\u2588\u2588\u2588\u2588\u2588\u2588\u2588\u2588\u2588\u2588\u2588\u2588\u2588\u2588\u2588\u2588\u2588\u2588\u2588\u2588\u2588\u2588\u2588\u2588\u2588\u2588\u2588\u2588\u2588\u2588\u2588\u2588\u2588\u2588\u2588\u2588\u2588\u2588\u2588\u2588\u2588\u2588\u2588\u2588\u2588\u2588\u2588\u2588\u2588\u2588\u2588\u2588\u2588\u2588\u2588\u2588\u2588\u2588\u2588\u2588\u2588\u2588\u2588\u2588\u2588\u2588\u2588\u2588\u2588\u2588\u2588\u2588\u2588\u2588\u2588\u2588\u2588\u2588\u2588\u2588\u2588\u2588\u2588\u2588\u2588\u2588\u2588\u2588\u2588\u2588\u2588\u2588\u2588\u2588\u2588\u2588\u2588\u2588\u2588\u2588\u2588\u2588\u2588\u2588\u2588\u2588\u2588\u2588\u2588\u2588\u2588\u2588\u2588\u2588\u2588\u2588\u2588\u2588\u2588\u2588\u2588\u258c   | 921/943 [00:14<00:00, 63.08it/s]", "step": null, "ts": 1730799761.3304334}]}, "version": 787, "at": 1730799761.3305004}
{"obj": {"type": "LogStrings", "path": ["monitoring", "552629ed", "stderr"], "values": [{"value": "\r 98%|\u2588\u2588\u2588\u2588\u2588\u2588\u2588\u2588\u2588\u2588\u2588\u2588\u2588\u2588\u2588\u2588\u2588\u2588\u2588\u2588\u2588\u2588\u2588\u2588\u2588\u2588\u2588\u2588\u2588\u2588\u2588\u2588\u2588\u2588\u2588\u2588\u2588\u2588\u2588\u2588\u2588\u2588\u2588\u2588\u2588\u2588\u2588\u2588\u2588\u2588\u2588\u2588\u2588\u2588\u2588\u2588\u2588\u2588\u2588\u2588\u2588\u2588\u2588\u2588\u2588\u2588\u2588\u2588\u2588\u2588\u2588\u2588\u2588\u2588\u2588\u2588\u2588\u2588\u2588\u2588\u2588\u2588\u2588\u2588\u2588\u2588\u2588\u2588\u2588\u2588\u2588\u2588\u2588\u2588\u2588\u2588\u2588\u2588\u2588\u2588\u2588\u2588\u2588\u2588\u2588\u2588\u2588\u2588\u2588\u2588\u2588\u2588\u2588\u2588\u2588\u2588\u2588\u2588\u2588\u2588\u2588\u2588\u2588\u2588\u2588\u2588\u2588\u2588\u2588\u2588\u2588\u2588\u2588\u2588\u2588\u2588\u2588\u2588\u2588\u2588\u2588\u2588\u2588\u2588\u2588\u2588\u258b  | 928/943 [00:14<00:00, 64.77it/s]", "step": null, "ts": 1730799761.4316845}]}, "version": 788, "at": 1730799761.4319124}
{"obj": {"type": "LogStrings", "path": ["monitoring", "552629ed", "stderr"], "values": [{"value": "\r 99%|\u2588\u2588\u2588\u2588\u2588\u2588\u2588\u2588\u2588\u2588\u2588\u2588\u2588\u2588\u2588\u2588\u2588\u2588\u2588\u2588\u2588\u2588\u2588\u2588\u2588\u2588\u2588\u2588\u2588\u2588\u2588\u2588\u2588\u2588\u2588\u2588\u2588\u2588\u2588\u2588\u2588\u2588\u2588\u2588\u2588\u2588\u2588\u2588\u2588\u2588\u2588\u2588\u2588\u2588\u2588\u2588\u2588\u2588\u2588\u2588\u2588\u2588\u2588\u2588\u2588\u2588\u2588\u2588\u2588\u2588\u2588\u2588\u2588\u2588\u2588\u2588\u2588\u2588\u2588\u2588\u2588\u2588\u2588\u2588\u2588\u2588\u2588\u2588\u2588\u2588\u2588\u2588\u2588\u2588\u2588\u2588\u2588\u2588\u2588\u2588\u2588\u2588\u2588\u2588\u2588\u2588\u2588\u2588\u2588\u2588\u2588\u2588\u2588\u2588\u2588\u2588\u2588\u2588\u2588\u2588\u2588\u2588\u2588\u2588\u2588\u2588\u2588\u2588\u2588\u2588\u2588\u2588\u2588\u2588\u2588\u2588\u2588\u2588\u2588\u2588\u2588\u2588\u2588\u2588\u2588\u2588\u2588\u258b | 935/943 [00:14<00:00, 65.60it/s]", "step": null, "ts": 1730799761.53532}]}, "version": 789, "at": 1730799761.535411}
{"obj": {"type": "LogStrings", "path": ["monitoring", "552629ed", "stderr"], "values": [{"value": "\r100%|\u2588\u2588\u2588\u2588\u2588\u2588\u2588\u2588\u2588\u2588\u2588\u2588\u2588\u2588\u2588\u2588\u2588\u2588\u2588\u2588\u2588\u2588\u2588\u2588\u2588\u2588\u2588\u2588\u2588\u2588\u2588\u2588\u2588\u2588\u2588\u2588\u2588\u2588\u2588\u2588\u2588\u2588\u2588\u2588\u2588\u2588\u2588\u2588\u2588\u2588\u2588\u2588\u2588\u2588\u2588\u2588\u2588\u2588\u2588\u2588\u2588\u2588\u2588\u2588\u2588\u2588\u2588\u2588\u2588\u2588\u2588\u2588\u2588\u2588\u2588\u2588\u2588\u2588\u2588\u2588\u2588\u2588\u2588\u2588\u2588\u2588\u2588\u2588\u2588\u2588\u2588\u2588\u2588\u2588\u2588\u2588\u2588\u2588\u2588\u2588\u2588\u2588\u2588\u2588\u2588\u2588\u2588\u2588\u2588\u2588\u2588\u2588\u2588\u2588\u2588\u2588\u2588\u2588\u2588\u2588\u2588\u2588\u2588\u2588\u2588\u2588\u2588\u2588\u2588\u2588\u2588\u2588\u2588\u2588\u2588\u2588\u2588\u2588\u2588\u2588\u2588\u2588\u2588\u2588\u2588\u2588\u2588\u2588\u258a| 942/943 [00:14<00:00, 65.40it/s]", "step": null, "ts": 1730799761.6430163}]}, "version": 790, "at": 1730799761.643114}
{"obj": {"type": "LogStrings", "path": ["monitoring", "552629ed", "stderr"], "values": [{"value": "", "step": null, "ts": 1730799761.6600823}]}, "version": 791, "at": 1730799761.6601121}
{"obj": {"type": "LogStrings", "path": ["monitoring", "552629ed", "stderr"], "values": [{"value": "\r100%|\u2588\u2588\u2588\u2588\u2588\u2588\u2588\u2588\u2588\u2588\u2588\u2588\u2588\u2588\u2588\u2588\u2588\u2588\u2588\u2588\u2588\u2588\u2588\u2588\u2588\u2588\u2588\u2588\u2588\u2588\u2588\u2588\u2588\u2588\u2588\u2588\u2588\u2588\u2588\u2588\u2588\u2588\u2588\u2588\u2588\u2588\u2588\u2588\u2588\u2588\u2588\u2588\u2588\u2588\u2588\u2588\u2588\u2588\u2588\u2588\u2588\u2588\u2588\u2588\u2588\u2588\u2588\u2588\u2588\u2588\u2588\u2588\u2588\u2588\u2588\u2588\u2588\u2588\u2588\u2588\u2588\u2588\u2588\u2588\u2588\u2588\u2588\u2588\u2588\u2588\u2588\u2588\u2588\u2588\u2588\u2588\u2588\u2588\u2588\u2588\u2588\u2588\u2588\u2588\u2588\u2588\u2588\u2588\u2588\u2588\u2588\u2588\u2588\u2588\u2588\u2588\u2588\u2588\u2588\u2588\u2588\u2588\u2588\u2588\u2588\u2588\u2588\u2588\u2588\u2588\u2588\u2588\u2588\u2588\u2588\u2588\u2588\u2588\u2588\u2588\u2588\u2588\u2588\u2588\u2588\u2588\u2588\u2588\u2588| 943/943 [00:14<00:00, 65.33it/s]", "step": null, "ts": 1730799761.6603513}]}, "version": 792, "at": 1730799761.6603732}
{"obj": {"type": "LogStrings", "path": ["monitoring", "552629ed", "stderr"], "values": [{"value": "\n", "step": null, "ts": 1730799761.6607046}]}, "version": 793, "at": 1730799761.6607232}
{"obj": {"type": "LogFloats", "path": ["monitoring", "552629ed", "cpu"], "values": [{"value": 40.3, "step": null, "ts": 1730799766.8054209}]}, "version": 794, "at": 1730799766.8076088}
{"obj": {"type": "LogFloats", "path": ["monitoring", "552629ed", "memory"], "values": [{"value": 10.455585479736328, "step": null, "ts": 1730799766.8054209}]}, "version": 795, "at": 1730799766.8078763}
{"obj": {"type": "LogFloats", "path": ["monitoring", "552629ed", "gpu_memory"], "values": [{"value": 1.07916259765625, "step": null, "ts": 1730799766.8054209}]}, "version": 796, "at": 1730799766.808019}
{"obj": {"type": "LogFloats", "path": ["monitoring", "552629ed", "gpu_power"], "values": [{"value": 46.59, "step": null, "ts": 1730799766.8054209}]}, "version": 797, "at": 1730799766.8081164}
{"obj": {"type": "LogStrings", "path": ["monitoring", "552629ed", "stdout"], "values": [{"value": "[5/21]", "step": null, "ts": 1730799766.8430996}]}, "version": 798, "at": 1730799766.843155}
{"obj": {"type": "LogStrings", "path": ["monitoring", "552629ed", "stderr"], "values": [{"value": "\r  0%|                                                                                                                                                              | 0/1003 [00:00<?, ?it/s]", "step": null, "ts": 1730799766.843451}]}, "version": 799, "at": 1730799766.8434937}
{"obj": {"type": "LogStrings", "path": ["monitoring", "552629ed", "stdout"], "values": [{"value": "\n", "step": null, "ts": 1730799766.8436294}]}, "version": 800, "at": 1730799766.8436627}
{"obj": {"type": "LogStrings", "path": ["monitoring", "552629ed", "stderr"], "values": [{"value": "\r  0%|\u258c                                                                                                                                                     | 4/1003 [00:00<00:38, 26.12it/s]", "step": null, "ts": 1730799766.9968839}]}, "version": 801, "at": 1730799766.9969904}
{"obj": {"type": "LogStrings", "path": ["monitoring", "552629ed", "stderr"], "values": [{"value": "\r  1%|\u2588\u258d                                                                                                                                                   | 10/1003 [00:00<00:23, 42.24it/s]", "step": null, "ts": 1730799767.0979326}]}, "version": 802, "at": 1730799767.0980039}
{"obj": {"type": "LogStrings", "path": ["monitoring", "552629ed", "stderr"], "values": [{"value": "\r  2%|\u2588\u2588\u258c                                                                                                                                                  | 17/1003 [00:00<00:18, 52.16it/s]", "step": null, "ts": 1730799767.204412}]}, "version": 803, "at": 1730799767.204489}
{"obj": {"type": "LogStrings", "path": ["monitoring", "552629ed", "stderr"], "values": [{"value": "\r  2%|\u2588\u2588\u2588\u258c                                                                                                                                                 | 24/1003 [00:00<00:17, 57.25it/s]", "step": null, "ts": 1730799767.3109515}]}, "version": 804, "at": 1730799767.3110485}
{"obj": {"type": "LogStrings", "path": ["monitoring", "552629ed", "stderr"], "values": [{"value": "\r  3%|\u2588\u2588\u2588\u2588\u258c                                                                                                                                                | 31/1003 [00:00<00:16, 60.45it/s]", "step": null, "ts": 1730799767.4162877}]}, "version": 805, "at": 1730799767.4163635}
{"obj": {"type": "LogStrings", "path": ["monitoring", "552629ed", "stderr"], "values": [{"value": "\r  4%|\u2588\u2588\u2588\u2588\u2588\u258b                                                                                                                                               | 38/1003 [00:00<00:15, 62.26it/s]", "step": null, "ts": 1730799767.522541}]}, "version": 806, "at": 1730799767.5226114}
{"obj": {"type": "LogStrings", "path": ["monitoring", "552629ed", "stderr"], "values": [{"value": "\r  4%|\u2588\u2588\u2588\u2588\u2588\u2588\u258b                                                                                                                                              | 45/1003 [00:00<00:15, 63.44it/s]", "step": null, "ts": 1730799767.6287367}]}, "version": 807, "at": 1730799767.628823}
{"obj": {"type": "LogStrings", "path": ["monitoring", "552629ed", "stderr"], "values": [{"value": "\r  5%|\u2588\u2588\u2588\u2588\u2588\u2588\u2588\u258b                                                                                                                                             | 52/1003 [00:00<00:14, 64.35it/s]", "step": null, "ts": 1730799767.7342348}]}, "version": 808, "at": 1730799767.7343178}
{"obj": {"type": "LogStrings", "path": ["monitoring", "552629ed", "stderr"], "values": [{"value": "\r  6%|\u2588\u2588\u2588\u2588\u2588\u2588\u2588\u2588\u258a                                                                                                                                            | 59/1003 [00:00<00:14, 64.73it/s]", "step": null, "ts": 1730799767.841015}]}, "version": 809, "at": 1730799767.8411143}
{"obj": {"type": "LogStrings", "path": ["monitoring", "552629ed", "stderr"], "values": [{"value": "\r  7%|\u2588\u2588\u2588\u2588\u2588\u2588\u2588\u2588\u2588\u258a                                                                                                                                           | 66/1003 [00:01<00:14, 65.18it/s]", "step": null, "ts": 1730799767.9467146}]}, "version": 810, "at": 1730799767.946782}
{"obj": {"type": "LogStrings", "path": ["monitoring", "552629ed", "stderr"], "values": [{"value": "\r  7%|\u2588\u2588\u2588\u2588\u2588\u2588\u2588\u2588\u2588\u2588\u258a                                                                                                                                          | 73/1003 [00:01<00:14, 65.50it/s]", "step": null, "ts": 1730799768.0524411}]}, "version": 811, "at": 1730799768.052529}
{"obj": {"type": "LogStrings", "path": ["monitoring", "552629ed", "stderr"], "values": [{"value": "\r  8%|\u2588\u2588\u2588\u2588\u2588\u2588\u2588\u2588\u2588\u2588\u2588\u2589                                                                                                                                         | 80/1003 [00:01<00:14, 65.70it/s]", "step": null, "ts": 1730799768.1582477}]}, "version": 812, "at": 1730799768.1583247}
{"obj": {"type": "LogStrings", "path": ["monitoring", "552629ed", "stderr"], "values": [{"value": "\r  9%|\u2588\u2588\u2588\u2588\u2588\u2588\u2588\u2588\u2588\u2588\u2588\u2588\u2589                                                                                                                                        | 87/1003 [00:01<00:13, 66.39it/s]", "step": null, "ts": 1730799768.2611175}]}, "version": 813, "at": 1730799768.2611935}
{"obj": {"type": "LogStrings", "path": ["monitoring", "552629ed", "stderr"], "values": [{"value": "\r  9%|\u2588\u2588\u2588\u2588\u2588\u2588\u2588\u2588\u2588\u2588\u2588\u2588\u2588\u2588                                                                                                                                       | 95/1003 [00:01<00:13, 68.33it/s]", "step": null, "ts": 1730799768.3712838}]}, "version": 814, "at": 1730799768.3713665}
{"obj": {"type": "LogStrings", "path": ["monitoring", "552629ed", "stderr"], "values": [{"value": "\r 10%|\u2588\u2588\u2588\u2588\u2588\u2588\u2588\u2588\u2588\u2588\u2588\u2588\u2588\u2588\u2588                                                                                                                                     | 102/1003 [00:01<00:13, 67.62it/s]", "step": null, "ts": 1730799768.4774575}]}, "version": 815, "at": 1730799768.4775436}
{"obj": {"type": "LogStrings", "path": ["monitoring", "552629ed", "stderr"], "values": [{"value": "\r 11%|\u2588\u2588\u2588\u2588\u2588\u2588\u2588\u2588\u2588\u2588\u2588\u2588\u2588\u2588\u2588\u2588                                                                                                                                    | 109/1003 [00:01<00:13, 67.18it/s]", "step": null, "ts": 1730799768.5832608}]}, "version": 816, "at": 1730799768.5833375}
{"obj": {"type": "LogStrings", "path": ["monitoring", "552629ed", "stderr"], "values": [{"value": "\r 12%|\u2588\u2588\u2588\u2588\u2588\u2588\u2588\u2588\u2588\u2588\u2588\u2588\u2588\u2588\u2588\u2588\u2588                                                                                                                                   | 116/1003 [00:01<00:13, 67.00it/s]", "step": null, "ts": 1730799768.6884184}]}, "version": 817, "at": 1730799768.6885054}
{"obj": {"type": "LogStrings", "path": ["monitoring", "552629ed", "stderr"], "values": [{"value": "\r 12%|\u2588\u2588\u2588\u2588\u2588\u2588\u2588\u2588\u2588\u2588\u2588\u2588\u2588\u2588\u2588\u2588\u2588\u2588\u258f                                                                                                                                 | 123/1003 [00:01<00:13, 66.86it/s]", "step": null, "ts": 1730799768.793578}]}, "version": 818, "at": 1730799768.7936666}
{"obj": {"type": "LogStrings", "path": ["monitoring", "552629ed", "stderr"], "values": [{"value": "\r 13%|\u2588\u2588\u2588\u2588\u2588\u2588\u2588\u2588\u2588\u2588\u2588\u2588\u2588\u2588\u2588\u2588\u2588\u2588\u2588\u258f                                                                                                                                | 130/1003 [00:02<00:13, 66.95it/s]", "step": null, "ts": 1730799768.8977838}]}, "version": 819, "at": 1730799768.8978624}
{"obj": {"type": "LogStrings", "path": ["monitoring", "552629ed", "stderr"], "values": [{"value": "\r 14%|\u2588\u2588\u2588\u2588\u2588\u2588\u2588\u2588\u2588\u2588\u2588\u2588\u2588\u2588\u2588\u2588\u2588\u2588\u2588\u2588\u258f                                                                                                                               | 137/1003 [00:02<00:14, 59.19it/s]", "step": null, "ts": 1730799769.0482304}]}, "version": 820, "at": 1730799769.048307}
{"obj": {"type": "LogStrings", "path": ["monitoring", "552629ed", "stderr"], "values": [{"value": "\r 14%|\u2588\u2588\u2588\u2588\u2588\u2588\u2588\u2588\u2588\u2588\u2588\u2588\u2588\u2588\u2588\u2588\u2588\u2588\u2588\u2588\u2588\u258f                                                                                                                              | 144/1003 [00:02<00:14, 61.25it/s]", "step": null, "ts": 1730799769.1531837}]}, "version": 821, "at": 1730799769.1532514}
{"obj": {"type": "LogStrings", "path": ["monitoring", "552629ed", "stderr"], "values": [{"value": "\r 15%|\u2588\u2588\u2588\u2588\u2588\u2588\u2588\u2588\u2588\u2588\u2588\u2588\u2588\u2588\u2588\u2588\u2588\u2588\u2588\u2588\u2588\u2588\u258e                                                                                                                             | 151/1003 [00:02<00:13, 62.33it/s]", "step": null, "ts": 1730799769.2608736}]}, "version": 822, "at": 1730799769.2609622}
{"obj": {"type": "LogStrings", "path": ["monitoring", "552629ed", "stderr"], "values": [{"value": "\r 16%|\u2588\u2588\u2588\u2588\u2588\u2588\u2588\u2588\u2588\u2588\u2588\u2588\u2588\u2588\u2588\u2588\u2588\u2588\u2588\u2588\u2588\u2588\u2588\u258e                                                                                                                            | 158/1003 [00:02<00:13, 63.64it/s]", "step": null, "ts": 1730799769.3654659}]}, "version": 823, "at": 1730799769.365545}
{"obj": {"type": "LogStrings", "path": ["monitoring", "552629ed", "stderr"], "values": [{"value": "\r 16%|\u2588\u2588\u2588\u2588\u2588\u2588\u2588\u2588\u2588\u2588\u2588\u2588\u2588\u2588\u2588\u2588\u2588\u2588\u2588\u2588\u2588\u2588\u2588\u2588\u258e                                                                                                                           | 165/1003 [00:02<00:13, 64.36it/s]", "step": null, "ts": 1730799769.4713933}]}, "version": 824, "at": 1730799769.4714792}
{"obj": {"type": "LogStrings", "path": ["monitoring", "552629ed", "stderr"], "values": [{"value": "\r 17%|\u2588\u2588\u2588\u2588\u2588\u2588\u2588\u2588\u2588\u2588\u2588\u2588\u2588\u2588\u2588\u2588\u2588\u2588\u2588\u2588\u2588\u2588\u2588\u2588\u2588\u258d                                                                                                                          | 172/1003 [00:02<00:12, 65.80it/s]", "step": null, "ts": 1730799769.5722187}]}, "version": 825, "at": 1730799769.5722892}
{"obj": {"type": "LogStrings", "path": ["monitoring", "552629ed", "stderr"], "values": [{"value": "\r 18%|\u2588\u2588\u2588\u2588\u2588\u2588\u2588\u2588\u2588\u2588\u2588\u2588\u2588\u2588\u2588\u2588\u2588\u2588\u2588\u2588\u2588\u2588\u2588\u2588\u2588\u2588\u258d                                                                                                                         | 179/1003 [00:02<00:12, 65.92it/s]", "step": null, "ts": 1730799769.677918}]}, "version": 826, "at": 1730799769.678011}
{"obj": {"type": "LogStrings", "path": ["monitoring", "552629ed", "stderr"], "values": [{"value": "\r 19%|\u2588\u2588\u2588\u2588\u2588\u2588\u2588\u2588\u2588\u2588\u2588\u2588\u2588\u2588\u2588\u2588\u2588\u2588\u2588\u2588\u2588\u2588\u2588\u2588\u2588\u2588\u2588\u258d                                                                                                                        | 186/1003 [00:02<00:12, 66.59it/s]", "step": null, "ts": 1730799769.7805552}]}, "version": 827, "at": 1730799769.78064}
{"obj": {"type": "LogStrings", "path": ["monitoring", "552629ed", "stderr"], "values": [{"value": "\r 19%|\u2588\u2588\u2588\u2588\u2588\u2588\u2588\u2588\u2588\u2588\u2588\u2588\u2588\u2588\u2588\u2588\u2588\u2588\u2588\u2588\u2588\u2588\u2588\u2588\u2588\u2588\u2588\u2588\u258d                                                                                                                       | 193/1003 [00:03<00:12, 66.28it/s]", "step": null, "ts": 1730799769.8873363}]}, "version": 828, "at": 1730799769.8874068}
{"obj": {"type": "LogStrings", "path": ["monitoring", "552629ed", "stderr"], "values": [{"value": "\r 20%|\u2588\u2588\u2588\u2588\u2588\u2588\u2588\u2588\u2588\u2588\u2588\u2588\u2588\u2588\u2588\u2588\u2588\u2588\u2588\u2588\u2588\u2588\u2588\u2588\u2588\u2588\u2588\u2588\u2588\u258c                                                                                                                      | 200/1003 [00:03<00:12, 66.07it/s]", "step": null, "ts": 1730799769.994048}]}, "version": 829, "at": 1730799769.994134}
{"obj": {"type": "LogStrings", "path": ["monitoring", "552629ed", "stderr"], "values": [{"value": "\r 21%|\u2588\u2588\u2588\u2588\u2588\u2588\u2588\u2588\u2588\u2588\u2588\u2588\u2588\u2588\u2588\u2588\u2588\u2588\u2588\u2588\u2588\u2588\u2588\u2588\u2588\u2588\u2588\u2588\u2588\u2588\u258c                                                                                                                     | 207/1003 [00:03<00:11, 66.40it/s]", "step": null, "ts": 1730799770.0982428}]}, "version": 830, "at": 1730799770.0983298}
{"obj": {"type": "LogStrings", "path": ["monitoring", "552629ed", "stderr"], "values": [{"value": "\r 21%|\u2588\u2588\u2588\u2588\u2588\u2588\u2588\u2588\u2588\u2588\u2588\u2588\u2588\u2588\u2588\u2588\u2588\u2588\u2588\u2588\u2588\u2588\u2588\u2588\u2588\u2588\u2588\u2588\u2588\u2588\u2588\u258c                                                                                                                    | 214/1003 [00:03<00:12, 65.62it/s]", "step": null, "ts": 1730799770.207904}]}, "version": 831, "at": 1730799770.2080057}
{"obj": {"type": "LogStrings", "path": ["monitoring", "552629ed", "stderr"], "values": [{"value": "\r 22%|\u2588\u2588\u2588\u2588\u2588\u2588\u2588\u2588\u2588\u2588\u2588\u2588\u2588\u2588\u2588\u2588\u2588\u2588\u2588\u2588\u2588\u2588\u2588\u2588\u2588\u2588\u2588\u2588\u2588\u2588\u2588\u2588\u258c                                                                                                                   | 221/1003 [00:03<00:11, 66.10it/s]", "step": null, "ts": 1730799770.3119512}]}, "version": 832, "at": 1730799770.3120112}
{"obj": {"type": "LogStrings", "path": ["monitoring", "552629ed", "stderr"], "values": [{"value": "\r 23%|\u2588\u2588\u2588\u2588\u2588\u2588\u2588\u2588\u2588\u2588\u2588\u2588\u2588\u2588\u2588\u2588\u2588\u2588\u2588\u2588\u2588\u2588\u2588\u2588\u2588\u2588\u2588\u2588\u2588\u2588\u2588\u2588\u2588\u258a                                                                                                                  | 229/1003 [00:03<00:11, 67.62it/s]", "step": null, "ts": 1730799770.4247024}]}, "version": 833, "at": 1730799770.4247704}
{"obj": {"type": "LogStrings", "path": ["monitoring", "552629ed", "stderr"], "values": [{"value": "\r 24%|\u2588\u2588\u2588\u2588\u2588\u2588\u2588\u2588\u2588\u2588\u2588\u2588\u2588\u2588\u2588\u2588\u2588\u2588\u2588\u2588\u2588\u2588\u2588\u2588\u2588\u2588\u2588\u2588\u2588\u2588\u2588\u2588\u2588\u2588\u2589                                                                                                                 | 237/1003 [00:03<00:11, 68.30it/s]", "step": null, "ts": 1730799770.5393226}]}, "version": 834, "at": 1730799770.5393994}
{"obj": {"type": "LogStrings", "path": ["monitoring", "552629ed", "stderr"], "values": [{"value": "\r 24%|\u2588\u2588\u2588\u2588\u2588\u2588\u2588\u2588\u2588\u2588\u2588\u2588\u2588\u2588\u2588\u2588\u2588\u2588\u2588\u2588\u2588\u2588\u2588\u2588\u2588\u2588\u2588\u2588\u2588\u2588\u2588\u2588\u2588\u2588\u2588\u2588                                                                                                                | 244/1003 [00:03<00:11, 67.30it/s]", "step": null, "ts": 1730799770.6471846}]}, "version": 835, "at": 1730799770.6472564}
{"obj": {"type": "LogStrings", "path": ["monitoring", "552629ed", "stderr"], "values": [{"value": "\r 25%|\u2588\u2588\u2588\u2588\u2588\u2588\u2588\u2588\u2588\u2588\u2588\u2588\u2588\u2588\u2588\u2588\u2588\u2588\u2588\u2588\u2588\u2588\u2588\u2588\u2588\u2588\u2588\u2588\u2588\u2588\u2588\u2588\u2588\u2588\u2588\u2588\u2588                                                                                                               | 251/1003 [00:03<00:11, 67.11it/s]", "step": null, "ts": 1730799770.7521715}]}, "version": 836, "at": 1730799770.7522395}
{"obj": {"type": "LogStrings", "path": ["monitoring", "552629ed", "stderr"], "values": [{"value": "\r 26%|\u2588\u2588\u2588\u2588\u2588\u2588\u2588\u2588\u2588\u2588\u2588\u2588\u2588\u2588\u2588\u2588\u2588\u2588\u2588\u2588\u2588\u2588\u2588\u2588\u2588\u2588\u2588\u2588\u2588\u2588\u2588\u2588\u2588\u2588\u2588\u2588\u2588\u2588                                                                                                              | 258/1003 [00:04<00:11, 66.64it/s]", "step": null, "ts": 1730799770.858967}]}, "version": 837, "at": 1730799770.8590643}
{"obj": {"type": "LogStrings", "path": ["monitoring", "552629ed", "stderr"], "values": [{"value": "\r 26%|\u2588\u2588\u2588\u2588\u2588\u2588\u2588\u2588\u2588\u2588\u2588\u2588\u2588\u2588\u2588\u2588\u2588\u2588\u2588\u2588\u2588\u2588\u2588\u2588\u2588\u2588\u2588\u2588\u2588\u2588\u2588\u2588\u2588\u2588\u2588\u2588\u2588\u2588\u2588                                                                                                             | 265/1003 [00:04<00:11, 66.29it/s]", "step": null, "ts": 1730799770.9659827}]}, "version": 838, "at": 1730799770.9660738}
{"obj": {"type": "LogStrings", "path": ["monitoring", "552629ed", "stderr"], "values": [{"value": "\r 27%|\u2588\u2588\u2588\u2588\u2588\u2588\u2588\u2588\u2588\u2588\u2588\u2588\u2588\u2588\u2588\u2588\u2588\u2588\u2588\u2588\u2588\u2588\u2588\u2588\u2588\u2588\u2588\u2588\u2588\u2588\u2588\u2588\u2588\u2588\u2588\u2588\u2588\u2588\u2588\u2588\u258f                                                                                                           | 272/1003 [00:04<00:12, 58.76it/s]", "step": null, "ts": 1730799771.1172166}]}, "version": 839, "at": 1730799771.11731}
{"obj": {"type": "LogStrings", "path": ["monitoring", "552629ed", "stderr"], "values": [{"value": "\r 28%|\u2588\u2588\u2588\u2588\u2588\u2588\u2588\u2588\u2588\u2588\u2588\u2588\u2588\u2588\u2588\u2588\u2588\u2588\u2588\u2588\u2588\u2588\u2588\u2588\u2588\u2588\u2588\u2588\u2588\u2588\u2588\u2588\u2588\u2588\u2588\u2588\u2588\u2588\u2588\u2588\u2588\u258f                                                                                                          | 279/1003 [00:04<00:11, 60.88it/s]", "step": null, "ts": 1730799771.2223783}]}, "version": 840, "at": 1730799771.222455}
{"obj": {"type": "LogStrings", "path": ["monitoring", "552629ed", "stderr"], "values": [{"value": "\r 29%|\u2588\u2588\u2588\u2588\u2588\u2588\u2588\u2588\u2588\u2588\u2588\u2588\u2588\u2588\u2588\u2588\u2588\u2588\u2588\u2588\u2588\u2588\u2588\u2588\u2588\u2588\u2588\u2588\u2588\u2588\u2588\u2588\u2588\u2588\u2588\u2588\u2588\u2588\u2588\u2588\u2588\u2588\u258f                                                                                                         | 286/1003 [00:04<00:11, 62.08it/s]", "step": null, "ts": 1730799771.329925}]}, "version": 841, "at": 1730799771.330014}
{"obj": {"type": "LogStrings", "path": ["monitoring", "552629ed", "stderr"], "values": [{"value": "\r 29%|\u2588\u2588\u2588\u2588\u2588\u2588\u2588\u2588\u2588\u2588\u2588\u2588\u2588\u2588\u2588\u2588\u2588\u2588\u2588\u2588\u2588\u2588\u2588\u2588\u2588\u2588\u2588\u2588\u2588\u2588\u2588\u2588\u2588\u2588\u2588\u2588\u2588\u2588\u2588\u2588\u2588\u2588\u2588\u258f                                                                                                        | 293/1003 [00:04<00:11, 63.03it/s]", "step": null, "ts": 1730799771.4369504}]}, "version": 842, "at": 1730799771.4370174}
{"obj": {"type": "LogStrings", "path": ["monitoring", "552629ed", "stderr"], "values": [{"value": "\r 30%|\u2588\u2588\u2588\u2588\u2588\u2588\u2588\u2588\u2588\u2588\u2588\u2588\u2588\u2588\u2588\u2588\u2588\u2588\u2588\u2588\u2588\u2588\u2588\u2588\u2588\u2588\u2588\u2588\u2588\u2588\u2588\u2588\u2588\u2588\u2588\u2588\u2588\u2588\u2588\u2588\u2588\u2588\u2588\u2588\u258e                                                                                                       | 300/1003 [00:04<00:10, 64.60it/s]", "step": null, "ts": 1730799771.5389922}]}, "version": 843, "at": 1730799771.5390892}
{"obj": {"type": "LogStrings", "path": ["monitoring", "552629ed", "stderr"], "values": [{"value": "\r 31%|\u2588\u2588\u2588\u2588\u2588\u2588\u2588\u2588\u2588\u2588\u2588\u2588\u2588\u2588\u2588\u2588\u2588\u2588\u2588\u2588\u2588\u2588\u2588\u2588\u2588\u2588\u2588\u2588\u2588\u2588\u2588\u2588\u2588\u2588\u2588\u2588\u2588\u2588\u2588\u2588\u2588\u2588\u2588\u2588\u2588\u258d                                                                                                      | 308/1003 [00:04<00:10, 67.19it/s]", "step": null, "ts": 1730799771.6483102}]}, "version": 844, "at": 1730799771.6483762}
{"obj": {"type": "LogStrings", "path": ["monitoring", "552629ed", "stderr"], "values": [{"value": "\r 32%|\u2588\u2588\u2588\u2588\u2588\u2588\u2588\u2588\u2588\u2588\u2588\u2588\u2588\u2588\u2588\u2588\u2588\u2588\u2588\u2588\u2588\u2588\u2588\u2588\u2588\u2588\u2588\u2588\u2588\u2588\u2588\u2588\u2588\u2588\u2588\u2588\u2588\u2588\u2588\u2588\u2588\u2588\u2588\u2588\u2588\u2588\u258b                                                                                                     | 316/1003 [00:04<00:09, 68.80it/s]", "step": null, "ts": 1730799771.7585883}]}, "version": 845, "at": 1730799771.7586744}
{"obj": {"type": "LogStrings", "path": ["monitoring", "552629ed", "stderr"], "values": [{"value": "\r 32%|\u2588\u2588\u2588\u2588\u2588\u2588\u2588\u2588\u2588\u2588\u2588\u2588\u2588\u2588\u2588\u2588\u2588\u2588\u2588\u2588\u2588\u2588\u2588\u2588\u2588\u2588\u2588\u2588\u2588\u2588\u2588\u2588\u2588\u2588\u2588\u2588\u2588\u2588\u2588\u2588\u2588\u2588\u2588\u2588\u2588\u2588\u2588\u258b                                                                                                    | 323/1003 [00:05<00:09, 68.94it/s]", "step": null, "ts": 1730799771.8596687}]}, "version": 846, "at": 1730799771.8597448}
{"obj": {"type": "LogStrings", "path": ["monitoring", "552629ed", "stderr"], "values": [{"value": "\r 33%|\u2588\u2588\u2588\u2588\u2588\u2588\u2588\u2588\u2588\u2588\u2588\u2588\u2588\u2588\u2588\u2588\u2588\u2588\u2588\u2588\u2588\u2588\u2588\u2588\u2588\u2588\u2588\u2588\u2588\u2588\u2588\u2588\u2588\u2588\u2588\u2588\u2588\u2588\u2588\u2588\u2588\u2588\u2588\u2588\u2588\u2588\u2588\u2588\u258b                                                                                                   | 330/1003 [00:05<00:09, 68.99it/s]", "step": null, "ts": 1730799771.9608927}]}, "version": 847, "at": 1730799771.9609752}
{"obj": {"type": "LogStrings", "path": ["monitoring", "552629ed", "stderr"], "values": [{"value": "\r 34%|\u2588\u2588\u2588\u2588\u2588\u2588\u2588\u2588\u2588\u2588\u2588\u2588\u2588\u2588\u2588\u2588\u2588\u2588\u2588\u2588\u2588\u2588\u2588\u2588\u2588\u2588\u2588\u2588\u2588\u2588\u2588\u2588\u2588\u2588\u2588\u2588\u2588\u2588\u2588\u2588\u2588\u2588\u2588\u2588\u2588\u2588\u2588\u2588\u2588\u258a                                                                                                  | 338/1003 [00:05<00:09, 69.48it/s]", "step": null, "ts": 1730799772.0742977}]}, "version": 848, "at": 1730799772.0743737}
{"obj": {"type": "LogStrings", "path": ["monitoring", "552629ed", "stderr"], "values": [{"value": "\r 34%|\u2588\u2588\u2588\u2588\u2588\u2588\u2588\u2588\u2588\u2588\u2588\u2588\u2588\u2588\u2588\u2588\u2588\u2588\u2588\u2588\u2588\u2588\u2588\u2588\u2588\u2588\u2588\u2588\u2588\u2588\u2588\u2588\u2588\u2588\u2588\u2588\u2588\u2588\u2588\u2588\u2588\u2588\u2588\u2588\u2588\u2588\u2588\u2588\u2588\u2588\u2588                                                                                                 | 346/1003 [00:05<00:09, 71.39it/s]", "step": null, "ts": 1730799772.179664}]}, "version": 849, "at": 1730799772.1797583}
{"obj": {"type": "LogStrings", "path": ["monitoring", "552629ed", "stderr"], "values": [{"value": "\r 35%|\u2588\u2588\u2588\u2588\u2588\u2588\u2588\u2588\u2588\u2588\u2588\u2588\u2588\u2588\u2588\u2588\u2588\u2588\u2588\u2588\u2588\u2588\u2588\u2588\u2588\u2588\u2588\u2588\u2588\u2588\u2588\u2588\u2588\u2588\u2588\u2588\u2588\u2588\u2588\u2588\u2588\u2588\u2588\u2588\u2588\u2588\u2588\u2588\u2588\u2588\u2588\u2588\u258f                                                                                               | 354/1003 [00:05<00:09, 71.92it/s]", "step": null, "ts": 1730799772.2891035}]}, "version": 850, "at": 1730799772.2892003}
{"obj": {"type": "LogStrings", "path": ["monitoring", "552629ed", "stderr"], "values": [{"value": "\r 36%|\u2588\u2588\u2588\u2588\u2588\u2588\u2588\u2588\u2588\u2588\u2588\u2588\u2588\u2588\u2588\u2588\u2588\u2588\u2588\u2588\u2588\u2588\u2588\u2588\u2588\u2588\u2588\u2588\u2588\u2588\u2588\u2588\u2588\u2588\u2588\u2588\u2588\u2588\u2588\u2588\u2588\u2588\u2588\u2588\u2588\u2588\u2588\u2588\u2588\u2588\u2588\u2588\u2588\u258d                                                                                              | 362/1003 [00:05<00:08, 72.33it/s]", "step": null, "ts": 1730799772.3982718}]}, "version": 851, "at": 1730799772.398346}
{"obj": {"type": "LogStrings", "path": ["monitoring", "552629ed", "stderr"], "values": [{"value": "\r 37%|\u2588\u2588\u2588\u2588\u2588\u2588\u2588\u2588\u2588\u2588\u2588\u2588\u2588\u2588\u2588\u2588\u2588\u2588\u2588\u2588\u2588\u2588\u2588\u2588\u2588\u2588\u2588\u2588\u2588\u2588\u2588\u2588\u2588\u2588\u2588\u2588\u2588\u2588\u2588\u2588\u2588\u2588\u2588\u2588\u2588\u2588\u2588\u2588\u2588\u2588\u2588\u2588\u2588\u2588\u258c                                                                                             | 370/1003 [00:05<00:08, 72.90it/s]", "step": null, "ts": 1730799772.5059967}]}, "version": 852, "at": 1730799772.5060833}
{"obj": {"type": "LogStrings", "path": ["monitoring", "552629ed", "stderr"], "values": [{"value": "\r 38%|\u2588\u2588\u2588\u2588\u2588\u2588\u2588\u2588\u2588\u2588\u2588\u2588\u2588\u2588\u2588\u2588\u2588\u2588\u2588\u2588\u2588\u2588\u2588\u2588\u2588\u2588\u2588\u2588\u2588\u2588\u2588\u2588\u2588\u2588\u2588\u2588\u2588\u2588\u2588\u2588\u2588\u2588\u2588\u2588\u2588\u2588\u2588\u2588\u2588\u2588\u2588\u2588\u2588\u2588\u2588\u258a                                                                                            | 378/1003 [00:05<00:08, 73.28it/s]", "step": null, "ts": 1730799772.6138773}]}, "version": 853, "at": 1730799772.6139715}
{"obj": {"type": "LogStrings", "path": ["monitoring", "552629ed", "stderr"], "values": [{"value": "\r 38%|\u2588\u2588\u2588\u2588\u2588\u2588\u2588\u2588\u2588\u2588\u2588\u2588\u2588\u2588\u2588\u2588\u2588\u2588\u2588\u2588\u2588\u2588\u2588\u2588\u2588\u2588\u2588\u2588\u2588\u2588\u2588\u2588\u2588\u2588\u2588\u2588\u2588\u2588\u2588\u2588\u2588\u2588\u2588\u2588\u2588\u2588\u2588\u2588\u2588\u2588\u2588\u2588\u2588\u2588\u2588\u2588\u2589                                                                                           | 386/1003 [00:05<00:08, 73.42it/s]", "step": null, "ts": 1730799772.7223234}]}, "version": 854, "at": 1730799772.722406}
{"obj": {"type": "LogStrings", "path": ["monitoring", "552629ed", "stderr"], "values": [{"value": "\r 39%|\u2588\u2588\u2588\u2588\u2588\u2588\u2588\u2588\u2588\u2588\u2588\u2588\u2588\u2588\u2588\u2588\u2588\u2588\u2588\u2588\u2588\u2588\u2588\u2588\u2588\u2588\u2588\u2588\u2588\u2588\u2588\u2588\u2588\u2588\u2588\u2588\u2588\u2588\u2588\u2588\u2588\u2588\u2588\u2588\u2588\u2588\u2588\u2588\u2588\u2588\u2588\u2588\u2588\u2588\u2588\u2588\u2588\u2588\u258f                                                                                         | 394/1003 [00:05<00:08, 73.66it/s]", "step": null, "ts": 1730799772.830118}]}, "version": 855, "at": 1730799772.8302035}
{"obj": {"type": "LogStrings", "path": ["monitoring", "552629ed", "stderr"], "values": [{"value": "\r 40%|\u2588\u2588\u2588\u2588\u2588\u2588\u2588\u2588\u2588\u2588\u2588\u2588\u2588\u2588\u2588\u2588\u2588\u2588\u2588\u2588\u2588\u2588\u2588\u2588\u2588\u2588\u2588\u2588\u2588\u2588\u2588\u2588\u2588\u2588\u2588\u2588\u2588\u2588\u2588\u2588\u2588\u2588\u2588\u2588\u2588\u2588\u2588\u2588\u2588\u2588\u2588\u2588\u2588\u2588\u2588\u2588\u2588\u2588\u2588\u258e                                                                                        | 402/1003 [00:06<00:08, 72.69it/s]", "step": null, "ts": 1730799772.943576}]}, "version": 856, "at": 1730799772.9436505}
{"obj": {"type": "LogStrings", "path": ["monitoring", "552629ed", "stderr"], "values": [{"value": "\r 41%|\u2588\u2588\u2588\u2588\u2588\u2588\u2588\u2588\u2588\u2588\u2588\u2588\u2588\u2588\u2588\u2588\u2588\u2588\u2588\u2588\u2588\u2588\u2588\u2588\u2588\u2588\u2588\u2588\u2588\u2588\u2588\u2588\u2588\u2588\u2588\u2588\u2588\u2588\u2588\u2588\u2588\u2588\u2588\u2588\u2588\u2588\u2588\u2588\u2588\u2588\u2588\u2588\u2588\u2588\u2588\u2588\u2588\u2588\u2588\u2588\u258d                                                                                       | 410/1003 [00:06<00:08, 71.46it/s]", "step": null, "ts": 1730799773.059931}]}, "version": 857, "at": 1730799773.0600014}
{"obj": {"type": "LogStrings", "path": ["monitoring", "552629ed", "stderr"], "values": [{"value": "\r 42%|\u2588\u2588\u2588\u2588\u2588\u2588\u2588\u2588\u2588\u2588\u2588\u2588\u2588\u2588\u2588\u2588\u2588\u2588\u2588\u2588\u2588\u2588\u2588\u2588\u2588\u2588\u2588\u2588\u2588\u2588\u2588\u2588\u2588\u2588\u2588\u2588\u2588\u2588\u2588\u2588\u2588\u2588\u2588\u2588\u2588\u2588\u2588\u2588\u2588\u2588\u2588\u2588\u2588\u2588\u2588\u2588\u2588\u2588\u2588\u2588\u2588\u258b                                                                                      | 418/1003 [00:06<00:09, 58.91it/s]", "step": null, "ts": 1730799773.251291}]}, "version": 858, "at": 1730799773.2513752}
{"obj": {"type": "LogStrings", "path": ["monitoring", "552629ed", "stderr"], "values": [{"value": "\r 42%|\u2588\u2588\u2588\u2588\u2588\u2588\u2588\u2588\u2588\u2588\u2588\u2588\u2588\u2588\u2588\u2588\u2588\u2588\u2588\u2588\u2588\u2588\u2588\u2588\u2588\u2588\u2588\u2588\u2588\u2588\u2588\u2588\u2588\u2588\u2588\u2588\u2588\u2588\u2588\u2588\u2588\u2588\u2588\u2588\u2588\u2588\u2588\u2588\u2588\u2588\u2588\u2588\u2588\u2588\u2588\u2588\u2588\u2588\u2588\u2588\u2588\u2588\u258a                                                                                     | 426/1003 [00:06<00:09, 62.45it/s]", "step": null, "ts": 1730799773.3614564}]}, "version": 859, "at": 1730799773.361606}
{"obj": {"type": "LogStrings", "path": ["monitoring", "552629ed", "stderr"], "values": [{"value": "\r 43%|\u2588\u2588\u2588\u2588\u2588\u2588\u2588\u2588\u2588\u2588\u2588\u2588\u2588\u2588\u2588\u2588\u2588\u2588\u2588\u2588\u2588\u2588\u2588\u2588\u2588\u2588\u2588\u2588\u2588\u2588\u2588\u2588\u2588\u2588\u2588\u2588\u2588\u2588\u2588\u2588\u2588\u2588\u2588\u2588\u2588\u2588\u2588\u2588\u2588\u2588\u2588\u2588\u2588\u2588\u2588\u2588\u2588\u2588\u2588\u2588\u2588\u2588\u2588\u2588                                                                                    | 434/1003 [00:06<00:08, 65.53it/s]", "step": null, "ts": 1730799773.4694397}]}, "version": 860, "at": 1730799773.4695122}
{"obj": {"type": "LogStrings", "path": ["monitoring", "552629ed", "stderr"], "values": [{"value": "\r 44%|\u2588\u2588\u2588\u2588\u2588\u2588\u2588\u2588\u2588\u2588\u2588\u2588\u2588\u2588\u2588\u2588\u2588\u2588\u2588\u2588\u2588\u2588\u2588\u2588\u2588\u2588\u2588\u2588\u2588\u2588\u2588\u2588\u2588\u2588\u2588\u2588\u2588\u2588\u2588\u2588\u2588\u2588\u2588\u2588\u2588\u2588\u2588\u2588\u2588\u2588\u2588\u2588\u2588\u2588\u2588\u2588\u2588\u2588\u2588\u2588\u2588\u2588\u2588\u2588\u2588\u258f                                                                                  | 442/1003 [00:06<00:08, 67.92it/s]", "step": null, "ts": 1730799773.5772152}]}, "version": 861, "at": 1730799773.5772812}
{"obj": {"type": "LogStrings", "path": ["monitoring", "552629ed", "stderr"], "values": [{"value": "\r 45%|\u2588\u2588\u2588\u2588\u2588\u2588\u2588\u2588\u2588\u2588\u2588\u2588\u2588\u2588\u2588\u2588\u2588\u2588\u2588\u2588\u2588\u2588\u2588\u2588\u2588\u2588\u2588\u2588\u2588\u2588\u2588\u2588\u2588\u2588\u2588\u2588\u2588\u2588\u2588\u2588\u2588\u2588\u2588\u2588\u2588\u2588\u2588\u2588\u2588\u2588\u2588\u2588\u2588\u2588\u2588\u2588\u2588\u2588\u2588\u2588\u2588\u2588\u2588\u2588\u2588\u2588\u258d                                                                                 | 450/1003 [00:06<00:07, 69.81it/s]", "step": null, "ts": 1730799773.684426}]}, "version": 862, "at": 1730799773.6845174}
{"obj": {"type": "LogStrings", "path": ["monitoring", "552629ed", "stderr"], "values": [{"value": "\r 46%|\u2588\u2588\u2588\u2588\u2588\u2588\u2588\u2588\u2588\u2588\u2588\u2588\u2588\u2588\u2588\u2588\u2588\u2588\u2588\u2588\u2588\u2588\u2588\u2588\u2588\u2588\u2588\u2588\u2588\u2588\u2588\u2588\u2588\u2588\u2588\u2588\u2588\u2588\u2588\u2588\u2588\u2588\u2588\u2588\u2588\u2588\u2588\u2588\u2588\u2588\u2588\u2588\u2588\u2588\u2588\u2588\u2588\u2588\u2588\u2588\u2588\u2588\u2588\u2588\u2588\u2588\u2588\u258c                                                                                | 458/1003 [00:06<00:07, 71.09it/s]", "step": null, "ts": 1730799773.792083}]}, "version": 863, "at": 1730799773.792155}
{"obj": {"type": "LogStrings", "path": ["monitoring", "552629ed", "stderr"], "values": [{"value": "\r 46%|\u2588\u2588\u2588\u2588\u2588\u2588\u2588\u2588\u2588\u2588\u2588\u2588\u2588\u2588\u2588\u2588\u2588\u2588\u2588\u2588\u2588\u2588\u2588\u2588\u2588\u2588\u2588\u2588\u2588\u2588\u2588\u2588\u2588\u2588\u2588\u2588\u2588\u2588\u2588\u2588\u2588\u2588\u2588\u2588\u2588\u2588\u2588\u2588\u2588\u2588\u2588\u2588\u2588\u2588\u2588\u2588\u2588\u2588\u2588\u2588\u2588\u2588\u2588\u2588\u2588\u2588\u2588\u2588\u258a                                                                               | 466/1003 [00:07<00:07, 72.01it/s]", "step": null, "ts": 1730799773.899848}]}, "version": 864, "at": 1730799773.8999255}
{"obj": {"type": "LogStrings", "path": ["monitoring", "552629ed", "stderr"], "values": [{"value": "\r 47%|\u2588\u2588\u2588\u2588\u2588\u2588\u2588\u2588\u2588\u2588\u2588\u2588\u2588\u2588\u2588\u2588\u2588\u2588\u2588\u2588\u2588\u2588\u2588\u2588\u2588\u2588\u2588\u2588\u2588\u2588\u2588\u2588\u2588\u2588\u2588\u2588\u2588\u2588\u2588\u2588\u2588\u2588\u2588\u2588\u2588\u2588\u2588\u2588\u2588\u2588\u2588\u2588\u2588\u2588\u2588\u2588\u2588\u2588\u2588\u2588\u2588\u2588\u2588\u2588\u2588\u2588\u2588\u2588\u2588\u2589                                                                              | 474/1003 [00:07<00:07, 72.82it/s]", "step": null, "ts": 1730799774.0068226}]}, "version": 865, "at": 1730799774.0068958}
{"obj": {"type": "LogStrings", "path": ["monitoring", "552629ed", "stderr"], "values": [{"value": "\r 48%|\u2588\u2588\u2588\u2588\u2588\u2588\u2588\u2588\u2588\u2588\u2588\u2588\u2588\u2588\u2588\u2588\u2588\u2588\u2588\u2588\u2588\u2588\u2588\u2588\u2588\u2588\u2588\u2588\u2588\u2588\u2588\u2588\u2588\u2588\u2588\u2588\u2588\u2588\u2588\u2588\u2588\u2588\u2588\u2588\u2588\u2588\u2588\u2588\u2588\u2588\u2588\u2588\u2588\u2588\u2588\u2588\u2588\u2588\u2588\u2588\u2588\u2588\u2588\u2588\u2588\u2588\u2588\u2588\u2588\u2588\u2588                                                                             | 482/1003 [00:07<00:07, 73.15it/s]", "step": null, "ts": 1730799774.1150417}]}, "version": 866, "at": 1730799774.115117}
{"obj": {"type": "LogStrings", "path": ["monitoring", "552629ed", "stderr"], "values": [{"value": "\r 49%|\u2588\u2588\u2588\u2588\u2588\u2588\u2588\u2588\u2588\u2588\u2588\u2588\u2588\u2588\u2588\u2588\u2588\u2588\u2588\u2588\u2588\u2588\u2588\u2588\u2588\u2588\u2588\u2588\u2588\u2588\u2588\u2588\u2588\u2588\u2588\u2588\u2588\u2588\u2588\u2588\u2588\u2588\u2588\u2588\u2588\u2588\u2588\u2588\u2588\u2588\u2588\u2588\u2588\u2588\u2588\u2588\u2588\u2588\u2588\u2588\u2588\u2588\u2588\u2588\u2588\u2588\u2588\u2588\u2588\u2588\u2588\u2588\u258e                                                                           | 490/1003 [00:07<00:07, 65.45it/s]", "step": null, "ts": 1730799774.267338}]}, "version": 867, "at": 1730799774.2674146}
{"obj": {"type": "LogStrings", "path": ["monitoring", "552629ed", "stderr"], "values": [{"value": "\r 50%|\u2588\u2588\u2588\u2588\u2588\u2588\u2588\u2588\u2588\u2588\u2588\u2588\u2588\u2588\u2588\u2588\u2588\u2588\u2588\u2588\u2588\u2588\u2588\u2588\u2588\u2588\u2588\u2588\u2588\u2588\u2588\u2588\u2588\u2588\u2588\u2588\u2588\u2588\u2588\u2588\u2588\u2588\u2588\u2588\u2588\u2588\u2588\u2588\u2588\u2588\u2588\u2588\u2588\u2588\u2588\u2588\u2588\u2588\u2588\u2588\u2588\u2588\u2588\u2588\u2588\u2588\u2588\u2588\u2588\u2588\u2588\u2588\u2588\u258d                                                                          | 498/1003 [00:07<00:07, 67.79it/s]", "step": null, "ts": 1730799774.3754256}]}, "version": 868, "at": 1730799774.3755121}
{"obj": {"type": "LogStrings", "path": ["monitoring", "552629ed", "stderr"], "values": [{"value": "\r 50%|\u2588\u2588\u2588\u2588\u2588\u2588\u2588\u2588\u2588\u2588\u2588\u2588\u2588\u2588\u2588\u2588\u2588\u2588\u2588\u2588\u2588\u2588\u2588\u2588\u2588\u2588\u2588\u2588\u2588\u2588\u2588\u2588\u2588\u2588\u2588\u2588\u2588\u2588\u2588\u2588\u2588\u2588\u2588\u2588\u2588\u2588\u2588\u2588\u2588\u2588\u2588\u2588\u2588\u2588\u2588\u2588\u2588\u2588\u2588\u2588\u2588\u2588\u2588\u2588\u2588\u2588\u2588\u2588\u2588\u2588\u2588\u2588\u2588\u2588\u258b                                                                         | 506/1003 [00:07<00:07, 69.49it/s]", "step": null, "ts": 1730799774.4838176}]}, "version": 869, "at": 1730799774.4839027}
{"obj": {"type": "LogStrings", "path": ["monitoring", "552629ed", "stderr"], "values": [{"value": "\r 51%|\u2588\u2588\u2588\u2588\u2588\u2588\u2588\u2588\u2588\u2588\u2588\u2588\u2588\u2588\u2588\u2588\u2588\u2588\u2588\u2588\u2588\u2588\u2588\u2588\u2588\u2588\u2588\u2588\u2588\u2588\u2588\u2588\u2588\u2588\u2588\u2588\u2588\u2588\u2588\u2588\u2588\u2588\u2588\u2588\u2588\u2588\u2588\u2588\u2588\u2588\u2588\u2588\u2588\u2588\u2588\u2588\u2588\u2588\u2588\u2588\u2588\u2588\u2588\u2588\u2588\u2588\u2588\u2588\u2588\u2588\u2588\u2588\u2588\u2588\u2588\u258a                                                                        | 514/1003 [00:07<00:06, 70.91it/s]", "step": null, "ts": 1730799774.5912426}]}, "version": 870, "at": 1730799774.5913224}
{"obj": {"type": "LogStrings", "path": ["monitoring", "552629ed", "stderr"], "values": [{"value": "\r 52%|\u2588\u2588\u2588\u2588\u2588\u2588\u2588\u2588\u2588\u2588\u2588\u2588\u2588\u2588\u2588\u2588\u2588\u2588\u2588\u2588\u2588\u2588\u2588\u2588\u2588\u2588\u2588\u2588\u2588\u2588\u2588\u2588\u2588\u2588\u2588\u2588\u2588\u2588\u2588\u2588\u2588\u2588\u2588\u2588\u2588\u2588\u2588\u2588\u2588\u2588\u2588\u2588\u2588\u2588\u2588\u2588\u2588\u2588\u2588\u2588\u2588\u2588\u2588\u2588\u2588\u2588\u2588\u2588\u2588\u2588\u2588\u2588\u2588\u2588\u2588\u2588\u2588                                                                       | 522/1003 [00:07<00:06, 71.94it/s]", "step": null, "ts": 1730799774.69876}]}, "version": 871, "at": 1730799774.6988444}
{"obj": {"type": "LogStrings", "path": ["monitoring", "552629ed", "stderr"], "values": [{"value": "\r 53%|\u2588\u2588\u2588\u2588\u2588\u2588\u2588\u2588\u2588\u2588\u2588\u2588\u2588\u2588\u2588\u2588\u2588\u2588\u2588\u2588\u2588\u2588\u2588\u2588\u2588\u2588\u2588\u2588\u2588\u2588\u2588\u2588\u2588\u2588\u2588\u2588\u2588\u2588\u2588\u2588\u2588\u2588\u2588\u2588\u2588\u2588\u2588\u2588\u2588\u2588\u2588\u2588\u2588\u2588\u2588\u2588\u2588\u2588\u2588\u2588\u2588\u2588\u2588\u2588\u2588\u2588\u2588\u2588\u2588\u2588\u2588\u2588\u2588\u2588\u2588\u2588\u2588\u2588\u258f                                                                     | 530/1003 [00:07<00:06, 72.50it/s]", "step": null, "ts": 1730799774.807063}]}, "version": 872, "at": 1730799774.807146}
{"obj": {"type": "LogStrings", "path": ["monitoring", "552629ed", "stderr"], "values": [{"value": "\r 54%|\u2588\u2588\u2588\u2588\u2588\u2588\u2588\u2588\u2588\u2588\u2588\u2588\u2588\u2588\u2588\u2588\u2588\u2588\u2588\u2588\u2588\u2588\u2588\u2588\u2588\u2588\u2588\u2588\u2588\u2588\u2588\u2588\u2588\u2588\u2588\u2588\u2588\u2588\u2588\u2588\u2588\u2588\u2588\u2588\u2588\u2588\u2588\u2588\u2588\u2588\u2588\u2588\u2588\u2588\u2588\u2588\u2588\u2588\u2588\u2588\u2588\u2588\u2588\u2588\u2588\u2588\u2588\u2588\u2588\u2588\u2588\u2588\u2588\u2588\u2588\u2588\u2588\u2588\u2588\u258d                                                                    | 538/1003 [00:08<00:06, 72.94it/s]", "step": null, "ts": 1730799774.9151502}]}, "version": 873, "at": 1730799774.9152265}
{"obj": {"type": "LogStrings", "path": ["monitoring", "552629ed", "stderr"], "values": [{"value": "\r 54%|\u2588\u2588\u2588\u2588\u2588\u2588\u2588\u2588\u2588\u2588\u2588\u2588\u2588\u2588\u2588\u2588\u2588\u2588\u2588\u2588\u2588\u2588\u2588\u2588\u2588\u2588\u2588\u2588\u2588\u2588\u2588\u2588\u2588\u2588\u2588\u2588\u2588\u2588\u2588\u2588\u2588\u2588\u2588\u2588\u2588\u2588\u2588\u2588\u2588\u2588\u2588\u2588\u2588\u2588\u2588\u2588\u2588\u2588\u2588\u2588\u2588\u2588\u2588\u2588\u2588\u2588\u2588\u2588\u2588\u2588\u2588\u2588\u2588\u2588\u2588\u2588\u2588\u2588\u2588\u2588\u258c                                                                   | 546/1003 [00:08<00:06, 73.41it/s]", "step": null, "ts": 1730799775.0225186}]}, "version": 874, "at": 1730799775.0225894}
{"obj": {"type": "LogStrings", "path": ["monitoring", "552629ed", "stderr"], "values": [{"value": "\r 55%|\u2588\u2588\u2588\u2588\u2588\u2588\u2588\u2588\u2588\u2588\u2588\u2588\u2588\u2588\u2588\u2588\u2588\u2588\u2588\u2588\u2588\u2588\u2588\u2588\u2588\u2588\u2588\u2588\u2588\u2588\u2588\u2588\u2588\u2588\u2588\u2588\u2588\u2588\u2588\u2588\u2588\u2588\u2588\u2588\u2588\u2588\u2588\u2588\u2588\u2588\u2588\u2588\u2588\u2588\u2588\u2588\u2588\u2588\u2588\u2588\u2588\u2588\u2588\u2588\u2588\u2588\u2588\u2588\u2588\u2588\u2588\u2588\u2588\u2588\u2588\u2588\u2588\u2588\u2588\u2588\u2588\u258b                                                                  | 554/1003 [00:08<00:06, 73.61it/s]", "step": null, "ts": 1730799775.1305149}]}, "version": 875, "at": 1730799775.1305983}
{"obj": {"type": "LogStrings", "path": ["monitoring", "552629ed", "stderr"], "values": [{"value": "\r 56%|\u2588\u2588\u2588\u2588\u2588\u2588\u2588\u2588\u2588\u2588\u2588\u2588\u2588\u2588\u2588\u2588\u2588\u2588\u2588\u2588\u2588\u2588\u2588\u2588\u2588\u2588\u2588\u2588\u2588\u2588\u2588\u2588\u2588\u2588\u2588\u2588\u2588\u2588\u2588\u2588\u2588\u2588\u2588\u2588\u2588\u2588\u2588\u2588\u2588\u2588\u2588\u2588\u2588\u2588\u2588\u2588\u2588\u2588\u2588\u2588\u2588\u2588\u2588\u2588\u2588\u2588\u2588\u2588\u2588\u2588\u2588\u2588\u2588\u2588\u2588\u2588\u2588\u2588\u2588\u2588\u2588\u2588\u2589                                                                 | 562/1003 [00:08<00:06, 65.76it/s]", "step": null, "ts": 1730799775.2824898}]}, "version": 876, "at": 1730799775.282574}
{"obj": {"type": "LogStrings", "path": ["monitoring", "552629ed", "stderr"], "values": [{"value": "\r 57%|\u2588\u2588\u2588\u2588\u2588\u2588\u2588\u2588\u2588\u2588\u2588\u2588\u2588\u2588\u2588\u2588\u2588\u2588\u2588\u2588\u2588\u2588\u2588\u2588\u2588\u2588\u2588\u2588\u2588\u2588\u2588\u2588\u2588\u2588\u2588\u2588\u2588\u2588\u2588\u2588\u2588\u2588\u2588\u2588\u2588\u2588\u2588\u2588\u2588\u2588\u2588\u2588\u2588\u2588\u2588\u2588\u2588\u2588\u2588\u2588\u2588\u2588\u2588\u2588\u2588\u2588\u2588\u2588\u2588\u2588\u2588\u2588\u2588\u2588\u2588\u2588\u2588\u2588\u2588\u2588\u2588\u2588\u2588\u2588                                                                | 570/1003 [00:08<00:06, 67.97it/s]", "step": null, "ts": 1730799775.3909175}]}, "version": 877, "at": 1730799775.3909833}
{"obj": {"type": "LogStrings", "path": ["monitoring", "552629ed", "stderr"], "values": [{"value": "\r 58%|\u2588\u2588\u2588\u2588\u2588\u2588\u2588\u2588\u2588\u2588\u2588\u2588\u2588\u2588\u2588\u2588\u2588\u2588\u2588\u2588\u2588\u2588\u2588\u2588\u2588\u2588\u2588\u2588\u2588\u2588\u2588\u2588\u2588\u2588\u2588\u2588\u2588\u2588\u2588\u2588\u2588\u2588\u2588\u2588\u2588\u2588\u2588\u2588\u2588\u2588\u2588\u2588\u2588\u2588\u2588\u2588\u2588\u2588\u2588\u2588\u2588\u2588\u2588\u2588\u2588\u2588\u2588\u2588\u2588\u2588\u2588\u2588\u2588\u2588\u2588\u2588\u2588\u2588\u2588\u2588\u2588\u2588\u2588\u2588\u2588\u258e                                                              | 578/1003 [00:08<00:06, 69.67it/s]", "step": null, "ts": 1730799775.4990497}]}, "version": 878, "at": 1730799775.4991293}
{"obj": {"type": "LogStrings", "path": ["monitoring", "552629ed", "stderr"], "values": [{"value": "\r 58%|\u2588\u2588\u2588\u2588\u2588\u2588\u2588\u2588\u2588\u2588\u2588\u2588\u2588\u2588\u2588\u2588\u2588\u2588\u2588\u2588\u2588\u2588\u2588\u2588\u2588\u2588\u2588\u2588\u2588\u2588\u2588\u2588\u2588\u2588\u2588\u2588\u2588\u2588\u2588\u2588\u2588\u2588\u2588\u2588\u2588\u2588\u2588\u2588\u2588\u2588\u2588\u2588\u2588\u2588\u2588\u2588\u2588\u2588\u2588\u2588\u2588\u2588\u2588\u2588\u2588\u2588\u2588\u2588\u2588\u2588\u2588\u2588\u2588\u2588\u2588\u2588\u2588\u2588\u2588\u2588\u2588\u2588\u2588\u2588\u2588\u2588\u258d                                                             | 586/1003 [00:08<00:05, 71.07it/s]", "step": null, "ts": 1730799775.60637}]}, "version": 879, "at": 1730799775.6064608}
{"obj": {"type": "LogStrings", "path": ["monitoring", "552629ed", "stderr"], "values": [{"value": "\r 59%|\u2588\u2588\u2588\u2588\u2588\u2588\u2588\u2588\u2588\u2588\u2588\u2588\u2588\u2588\u2588\u2588\u2588\u2588\u2588\u2588\u2588\u2588\u2588\u2588\u2588\u2588\u2588\u2588\u2588\u2588\u2588\u2588\u2588\u2588\u2588\u2588\u2588\u2588\u2588\u2588\u2588\u2588\u2588\u2588\u2588\u2588\u2588\u2588\u2588\u2588\u2588\u2588\u2588\u2588\u2588\u2588\u2588\u2588\u2588\u2588\u2588\u2588\u2588\u2588\u2588\u2588\u2588\u2588\u2588\u2588\u2588\u2588\u2588\u2588\u2588\u2588\u2588\u2588\u2588\u2588\u2588\u2588\u2588\u2588\u2588\u2588\u2588\u258b                                                            | 594/1003 [00:08<00:05, 72.02it/s]", "step": null, "ts": 1730799775.7139716}]}, "version": 880, "at": 1730799775.7140496}
{"obj": {"type": "LogStrings", "path": ["monitoring", "552629ed", "stderr"], "values": [{"value": "\r 60%|\u2588\u2588\u2588\u2588\u2588\u2588\u2588\u2588\u2588\u2588\u2588\u2588\u2588\u2588\u2588\u2588\u2588\u2588\u2588\u2588\u2588\u2588\u2588\u2588\u2588\u2588\u2588\u2588\u2588\u2588\u2588\u2588\u2588\u2588\u2588\u2588\u2588\u2588\u2588\u2588\u2588\u2588\u2588\u2588\u2588\u2588\u2588\u2588\u2588\u2588\u2588\u2588\u2588\u2588\u2588\u2588\u2588\u2588\u2588\u2588\u2588\u2588\u2588\u2588\u2588\u2588\u2588\u2588\u2588\u2588\u2588\u2588\u2588\u2588\u2588\u2588\u2588\u2588\u2588\u2588\u2588\u2588\u2588\u2588\u2588\u2588\u2588\u2588\u258a                                                           | 602/1003 [00:08<00:05, 72.73it/s]", "step": null, "ts": 1730799775.8216417}]}, "version": 881, "at": 1730799775.821728}
{"obj": {"type": "LogStrings", "path": ["monitoring", "552629ed", "stderr"], "values": [{"value": "\r 61%|\u2588\u2588\u2588\u2588\u2588\u2588\u2588\u2588\u2588\u2588\u2588\u2588\u2588\u2588\u2588\u2588\u2588\u2588\u2588\u2588\u2588\u2588\u2588\u2588\u2588\u2588\u2588\u2588\u2588\u2588\u2588\u2588\u2588\u2588\u2588\u2588\u2588\u2588\u2588\u2588\u2588\u2588\u2588\u2588\u2588\u2588\u2588\u2588\u2588\u2588\u2588\u2588\u2588\u2588\u2588\u2588\u2588\u2588\u2588\u2588\u2588\u2588\u2588\u2588\u2588\u2588\u2588\u2588\u2588\u2588\u2588\u2588\u2588\u2588\u2588\u2588\u2588\u2588\u2588\u2588\u2588\u2588\u2588\u2588\u2588\u2588\u2588\u2588\u2588\u2588                                                          | 610/1003 [00:09<00:05, 73.00it/s]", "step": null, "ts": 1730799775.930068}]}, "version": 882, "at": 1730799775.930152}
{"obj": {"type": "LogStrings", "path": ["monitoring", "552629ed", "stderr"], "values": [{"value": "\r 62%|\u2588\u2588\u2588\u2588\u2588\u2588\u2588\u2588\u2588\u2588\u2588\u2588\u2588\u2588\u2588\u2588\u2588\u2588\u2588\u2588\u2588\u2588\u2588\u2588\u2588\u2588\u2588\u2588\u2588\u2588\u2588\u2588\u2588\u2588\u2588\u2588\u2588\u2588\u2588\u2588\u2588\u2588\u2588\u2588\u2588\u2588\u2588\u2588\u2588\u2588\u2588\u2588\u2588\u2588\u2588\u2588\u2588\u2588\u2588\u2588\u2588\u2588\u2588\u2588\u2588\u2588\u2588\u2588\u2588\u2588\u2588\u2588\u2588\u2588\u2588\u2588\u2588\u2588\u2588\u2588\u2588\u2588\u2588\u2588\u2588\u2588\u2588\u2588\u2588\u2588\u2588\u258f                                                        | 618/1003 [00:09<00:05, 73.42it/s]", "step": null, "ts": 1730799776.0375352}]}, "version": 883, "at": 1730799776.0376015}
{"obj": {"type": "LogStrings", "path": ["monitoring", "552629ed", "stderr"], "values": [{"value": "\r 62%|\u2588\u2588\u2588\u2588\u2588\u2588\u2588\u2588\u2588\u2588\u2588\u2588\u2588\u2588\u2588\u2588\u2588\u2588\u2588\u2588\u2588\u2588\u2588\u2588\u2588\u2588\u2588\u2588\u2588\u2588\u2588\u2588\u2588\u2588\u2588\u2588\u2588\u2588\u2588\u2588\u2588\u2588\u2588\u2588\u2588\u2588\u2588\u2588\u2588\u2588\u2588\u2588\u2588\u2588\u2588\u2588\u2588\u2588\u2588\u2588\u2588\u2588\u2588\u2588\u2588\u2588\u2588\u2588\u2588\u2588\u2588\u2588\u2588\u2588\u2588\u2588\u2588\u2588\u2588\u2588\u2588\u2588\u2588\u2588\u2588\u2588\u2588\u2588\u2588\u2588\u2588\u2588\u258e                                                       | 626/1003 [00:09<00:05, 73.62it/s]", "step": null, "ts": 1730799776.1455576}]}, "version": 884, "at": 1730799776.1456432}
{"obj": {"type": "LogStrings", "path": ["monitoring", "552629ed", "stderr"], "values": [{"value": "\r 63%|\u2588\u2588\u2588\u2588\u2588\u2588\u2588\u2588\u2588\u2588\u2588\u2588\u2588\u2588\u2588\u2588\u2588\u2588\u2588\u2588\u2588\u2588\u2588\u2588\u2588\u2588\u2588\u2588\u2588\u2588\u2588\u2588\u2588\u2588\u2588\u2588\u2588\u2588\u2588\u2588\u2588\u2588\u2588\u2588\u2588\u2588\u2588\u2588\u2588\u2588\u2588\u2588\u2588\u2588\u2588\u2588\u2588\u2588\u2588\u2588\u2588\u2588\u2588\u2588\u2588\u2588\u2588\u2588\u2588\u2588\u2588\u2588\u2588\u2588\u2588\u2588\u2588\u2588\u2588\u2588\u2588\u2588\u2588\u2588\u2588\u2588\u2588\u2588\u2588\u2588\u2588\u2588\u2588\u258c                                                      | 634/1003 [00:09<00:05, 66.00it/s]", "step": null, "ts": 1730799776.2960691}]}, "version": 885, "at": 1730799776.2961543}
{"obj": {"type": "LogStrings", "path": ["monitoring", "552629ed", "stderr"], "values": [{"value": "\r 64%|\u2588\u2588\u2588\u2588\u2588\u2588\u2588\u2588\u2588\u2588\u2588\u2588\u2588\u2588\u2588\u2588\u2588\u2588\u2588\u2588\u2588\u2588\u2588\u2588\u2588\u2588\u2588\u2588\u2588\u2588\u2588\u2588\u2588\u2588\u2588\u2588\u2588\u2588\u2588\u2588\u2588\u2588\u2588\u2588\u2588\u2588\u2588\u2588\u2588\u2588\u2588\u2588\u2588\u2588\u2588\u2588\u2588\u2588\u2588\u2588\u2588\u2588\u2588\u2588\u2588\u2588\u2588\u2588\u2588\u2588\u2588\u2588\u2588\u2588\u2588\u2588\u2588\u2588\u2588\u2588\u2588\u2588\u2588\u2588\u2588\u2588\u2588\u2588\u2588\u2588\u2588\u2588\u2588\u2588\u258b                                                     | 642/1003 [00:09<00:05, 68.11it/s]", "step": null, "ts": 1730799776.404704}]}, "version": 886, "at": 1730799776.4047875}
{"obj": {"type": "LogStrings", "path": ["monitoring", "552629ed", "stderr"], "values": [{"value": "\r 65%|\u2588\u2588\u2588\u2588\u2588\u2588\u2588\u2588\u2588\u2588\u2588\u2588\u2588\u2588\u2588\u2588\u2588\u2588\u2588\u2588\u2588\u2588\u2588\u2588\u2588\u2588\u2588\u2588\u2588\u2588\u2588\u2588\u2588\u2588\u2588\u2588\u2588\u2588\u2588\u2588\u2588\u2588\u2588\u2588\u2588\u2588\u2588\u2588\u2588\u2588\u2588\u2588\u2588\u2588\u2588\u2588\u2588\u2588\u2588\u2588\u2588\u2588\u2588\u2588\u2588\u2588\u2588\u2588\u2588\u2588\u2588\u2588\u2588\u2588\u2588\u2588\u2588\u2588\u2588\u2588\u2588\u2588\u2588\u2588\u2588\u2588\u2588\u2588\u2588\u2588\u2588\u2588\u2588\u2588\u2588\u2589                                                    | 650/1003 [00:09<00:05, 69.71it/s]", "step": null, "ts": 1730799776.513127}]}, "version": 887, "at": 1730799776.5132074}
{"obj": {"type": "LogStrings", "path": ["monitoring", "552629ed", "stderr"], "values": [{"value": "\r 66%|\u2588\u2588\u2588\u2588\u2588\u2588\u2588\u2588\u2588\u2588\u2588\u2588\u2588\u2588\u2588\u2588\u2588\u2588\u2588\u2588\u2588\u2588\u2588\u2588\u2588\u2588\u2588\u2588\u2588\u2588\u2588\u2588\u2588\u2588\u2588\u2588\u2588\u2588\u2588\u2588\u2588\u2588\u2588\u2588\u2588\u2588\u2588\u2588\u2588\u2588\u2588\u2588\u2588\u2588\u2588\u2588\u2588\u2588\u2588\u2588\u2588\u2588\u2588\u2588\u2588\u2588\u2588\u2588\u2588\u2588\u2588\u2588\u2588\u2588\u2588\u2588\u2588\u2588\u2588\u2588\u2588\u2588\u2588\u2588\u2588\u2588\u2588\u2588\u2588\u2588\u2588\u2588\u2588\u2588\u2588\u2588\u2588                                                   | 658/1003 [00:09<00:04, 71.10it/s]", "step": null, "ts": 1730799776.6205394}]}, "version": 888, "at": 1730799776.6206286}
{"obj": {"type": "LogStrings", "path": ["monitoring", "552629ed", "stderr"], "values": [{"value": "\r 66%|\u2588\u2588\u2588\u2588\u2588\u2588\u2588\u2588\u2588\u2588\u2588\u2588\u2588\u2588\u2588\u2588\u2588\u2588\u2588\u2588\u2588\u2588\u2588\u2588\u2588\u2588\u2588\u2588\u2588\u2588\u2588\u2588\u2588\u2588\u2588\u2588\u2588\u2588\u2588\u2588\u2588\u2588\u2588\u2588\u2588\u2588\u2588\u2588\u2588\u2588\u2588\u2588\u2588\u2588\u2588\u2588\u2588\u2588\u2588\u2588\u2588\u2588\u2588\u2588\u2588\u2588\u2588\u2588\u2588\u2588\u2588\u2588\u2588\u2588\u2588\u2588\u2588\u2588\u2588\u2588\u2588\u2588\u2588\u2588\u2588\u2588\u2588\u2588\u2588\u2588\u2588\u2588\u2588\u2588\u2588\u2588\u2588\u2588\u258e                                                 | 666/1003 [00:09<00:04, 71.54it/s]", "step": null, "ts": 1730799776.7307184}]}, "version": 889, "at": 1730799776.730811}
{"obj": {"type": "LogFloats", "path": ["monitoring", "552629ed", "cpu"], "values": [{"value": 33.1, "step": null, "ts": 1730799776.8114126}]}, "version": 890, "at": 1730799776.8133643}
{"obj": {"type": "LogFloats", "path": ["monitoring", "552629ed", "memory"], "values": [{"value": 10.681587219238281, "step": null, "ts": 1730799776.8114126}]}, "version": 891, "at": 1730799776.8137095}
{"obj": {"type": "LogFloats", "path": ["monitoring", "552629ed", "gpu"], "values": [{"value": 94.0, "step": null, "ts": 1730799776.8114126}]}, "version": 892, "at": 1730799776.8139937}
{"obj": {"type": "LogFloats", "path": ["monitoring", "552629ed", "gpu_memory"], "values": [{"value": 1.07916259765625, "step": null, "ts": 1730799776.8114126}]}, "version": 893, "at": 1730799776.8142352}
{"obj": {"type": "LogFloats", "path": ["monitoring", "552629ed", "gpu_power"], "values": [{"value": 202.13, "step": null, "ts": 1730799776.8114126}]}, "version": 894, "at": 1730799776.8145072}
{"obj": {"type": "LogStrings", "path": ["monitoring", "552629ed", "stderr"], "values": [{"value": "\r 67%|\u2588\u2588\u2588\u2588\u2588\u2588\u2588\u2588\u2588\u2588\u2588\u2588\u2588\u2588\u2588\u2588\u2588\u2588\u2588\u2588\u2588\u2588\u2588\u2588\u2588\u2588\u2588\u2588\u2588\u2588\u2588\u2588\u2588\u2588\u2588\u2588\u2588\u2588\u2588\u2588\u2588\u2588\u2588\u2588\u2588\u2588\u2588\u2588\u2588\u2588\u2588\u2588\u2588\u2588\u2588\u2588\u2588\u2588\u2588\u2588\u2588\u2588\u2588\u2588\u2588\u2588\u2588\u2588\u2588\u2588\u2588\u2588\u2588\u2588\u2588\u2588\u2588\u2588\u2588\u2588\u2588\u2588\u2588\u2588\u2588\u2588\u2588\u2588\u2588\u2588\u2588\u2588\u2588\u2588\u2588\u2588\u2588\u2588\u2588\u258d                                                | 674/1003 [00:09<00:04, 72.28it/s]", "step": null, "ts": 1730799776.8388824}]}, "version": 895, "at": 1730799776.838937}
{"obj": {"type": "LogStrings", "path": ["monitoring", "552629ed", "stderr"], "values": [{"value": "\r 68%|\u2588\u2588\u2588\u2588\u2588\u2588\u2588\u2588\u2588\u2588\u2588\u2588\u2588\u2588\u2588\u2588\u2588\u2588\u2588\u2588\u2588\u2588\u2588\u2588\u2588\u2588\u2588\u2588\u2588\u2588\u2588\u2588\u2588\u2588\u2588\u2588\u2588\u2588\u2588\u2588\u2588\u2588\u2588\u2588\u2588\u2588\u2588\u2588\u2588\u2588\u2588\u2588\u2588\u2588\u2588\u2588\u2588\u2588\u2588\u2588\u2588\u2588\u2588\u2588\u2588\u2588\u2588\u2588\u2588\u2588\u2588\u2588\u2588\u2588\u2588\u2588\u2588\u2588\u2588\u2588\u2588\u2588\u2588\u2588\u2588\u2588\u2588\u2588\u2588\u2588\u2588\u2588\u2588\u2588\u2588\u2588\u2588\u2588\u2588\u2588\u258b                                               | 682/1003 [00:10<00:04, 72.68it/s]", "step": null, "ts": 1730799776.9473438}]}, "version": 896, "at": 1730799776.9474196}
{"obj": {"type": "LogStrings", "path": ["monitoring", "552629ed", "stderr"], "values": [{"value": "\r 69%|\u2588\u2588\u2588\u2588\u2588\u2588\u2588\u2588\u2588\u2588\u2588\u2588\u2588\u2588\u2588\u2588\u2588\u2588\u2588\u2588\u2588\u2588\u2588\u2588\u2588\u2588\u2588\u2588\u2588\u2588\u2588\u2588\u2588\u2588\u2588\u2588\u2588\u2588\u2588\u2588\u2588\u2588\u2588\u2588\u2588\u2588\u2588\u2588\u2588\u2588\u2588\u2588\u2588\u2588\u2588\u2588\u2588\u2588\u2588\u2588\u2588\u2588\u2588\u2588\u2588\u2588\u2588\u2588\u2588\u2588\u2588\u2588\u2588\u2588\u2588\u2588\u2588\u2588\u2588\u2588\u2588\u2588\u2588\u2588\u2588\u2588\u2588\u2588\u2588\u2588\u2588\u2588\u2588\u2588\u2588\u2588\u2588\u2588\u2588\u2588\u2588\u258a                                              | 690/1003 [00:10<00:04, 73.09it/s]", "step": null, "ts": 1730799777.055601}]}, "version": 897, "at": 1730799777.0556843}
{"obj": {"type": "LogStrings", "path": ["monitoring", "552629ed", "stderr"], "values": [{"value": "\r 70%|\u2588\u2588\u2588\u2588\u2588\u2588\u2588\u2588\u2588\u2588\u2588\u2588\u2588\u2588\u2588\u2588\u2588\u2588\u2588\u2588\u2588\u2588\u2588\u2588\u2588\u2588\u2588\u2588\u2588\u2588\u2588\u2588\u2588\u2588\u2588\u2588\u2588\u2588\u2588\u2588\u2588\u2588\u2588\u2588\u2588\u2588\u2588\u2588\u2588\u2588\u2588\u2588\u2588\u2588\u2588\u2588\u2588\u2588\u2588\u2588\u2588\u2588\u2588\u2588\u2588\u2588\u2588\u2588\u2588\u2588\u2588\u2588\u2588\u2588\u2588\u2588\u2588\u2588\u2588\u2588\u2588\u2588\u2588\u2588\u2588\u2588\u2588\u2588\u2588\u2588\u2588\u2588\u2588\u2588\u2588\u2588\u2588\u2588\u2588\u2588\u2588\u2588\u2589                                             | 698/1003 [00:10<00:04, 73.33it/s]", "step": null, "ts": 1730799777.1636019}]}, "version": 898, "at": 1730799777.1636841}
{"obj": {"type": "LogStrings", "path": ["monitoring", "552629ed", "stderr"], "values": [{"value": "\r 70%|\u2588\u2588\u2588\u2588\u2588\u2588\u2588\u2588\u2588\u2588\u2588\u2588\u2588\u2588\u2588\u2588\u2588\u2588\u2588\u2588\u2588\u2588\u2588\u2588\u2588\u2588\u2588\u2588\u2588\u2588\u2588\u2588\u2588\u2588\u2588\u2588\u2588\u2588\u2588\u2588\u2588\u2588\u2588\u2588\u2588\u2588\u2588\u2588\u2588\u2588\u2588\u2588\u2588\u2588\u2588\u2588\u2588\u2588\u2588\u2588\u2588\u2588\u2588\u2588\u2588\u2588\u2588\u2588\u2588\u2588\u2588\u2588\u2588\u2588\u2588\u2588\u2588\u2588\u2588\u2588\u2588\u2588\u2588\u2588\u2588\u2588\u2588\u2588\u2588\u2588\u2588\u2588\u2588\u2588\u2588\u2588\u2588\u2588\u2588\u2588\u2588\u2588\u2588\u2588\u258f                                           | 706/1003 [00:10<00:04, 59.90it/s]", "step": null, "ts": 1730799777.3542628}]}, "version": 899, "at": 1730799777.3543446}
{"obj": {"type": "LogStrings", "path": ["monitoring", "552629ed", "stderr"], "values": [{"value": "\r 71%|\u2588\u2588\u2588\u2588\u2588\u2588\u2588\u2588\u2588\u2588\u2588\u2588\u2588\u2588\u2588\u2588\u2588\u2588\u2588\u2588\u2588\u2588\u2588\u2588\u2588\u2588\u2588\u2588\u2588\u2588\u2588\u2588\u2588\u2588\u2588\u2588\u2588\u2588\u2588\u2588\u2588\u2588\u2588\u2588\u2588\u2588\u2588\u2588\u2588\u2588\u2588\u2588\u2588\u2588\u2588\u2588\u2588\u2588\u2588\u2588\u2588\u2588\u2588\u2588\u2588\u2588\u2588\u2588\u2588\u2588\u2588\u2588\u2588\u2588\u2588\u2588\u2588\u2588\u2588\u2588\u2588\u2588\u2588\u2588\u2588\u2588\u2588\u2588\u2588\u2588\u2588\u2588\u2588\u2588\u2588\u2588\u2588\u2588\u2588\u2588\u2588\u2588\u2588\u2588\u2588\u258e                                          | 714/1003 [00:10<00:04, 63.50it/s]", "step": null, "ts": 1730799777.4625738}]}, "version": 900, "at": 1730799777.4626567}
{"obj": {"type": "LogStrings", "path": ["monitoring", "552629ed", "stderr"], "values": [{"value": "\r 72%|\u2588\u2588\u2588\u2588\u2588\u2588\u2588\u2588\u2588\u2588\u2588\u2588\u2588\u2588\u2588\u2588\u2588\u2588\u2588\u2588\u2588\u2588\u2588\u2588\u2588\u2588\u2588\u2588\u2588\u2588\u2588\u2588\u2588\u2588\u2588\u2588\u2588\u2588\u2588\u2588\u2588\u2588\u2588\u2588\u2588\u2588\u2588\u2588\u2588\u2588\u2588\u2588\u2588\u2588\u2588\u2588\u2588\u2588\u2588\u2588\u2588\u2588\u2588\u2588\u2588\u2588\u2588\u2588\u2588\u2588\u2588\u2588\u2588\u2588\u2588\u2588\u2588\u2588\u2588\u2588\u2588\u2588\u2588\u2588\u2588\u2588\u2588\u2588\u2588\u2588\u2588\u2588\u2588\u2588\u2588\u2588\u2588\u2588\u2588\u2588\u2588\u2588\u2588\u2588\u2588\u2588\u258c                                         | 722/1003 [00:10<00:04, 66.50it/s]", "step": null, "ts": 1730799777.569619}]}, "version": 901, "at": 1730799777.5697064}
{"obj": {"type": "LogStrings", "path": ["monitoring", "552629ed", "stderr"], "values": [{"value": "\r 73%|\u2588\u2588\u2588\u2588\u2588\u2588\u2588\u2588\u2588\u2588\u2588\u2588\u2588\u2588\u2588\u2588\u2588\u2588\u2588\u2588\u2588\u2588\u2588\u2588\u2588\u2588\u2588\u2588\u2588\u2588\u2588\u2588\u2588\u2588\u2588\u2588\u2588\u2588\u2588\u2588\u2588\u2588\u2588\u2588\u2588\u2588\u2588\u2588\u2588\u2588\u2588\u2588\u2588\u2588\u2588\u2588\u2588\u2588\u2588\u2588\u2588\u2588\u2588\u2588\u2588\u2588\u2588\u2588\u2588\u2588\u2588\u2588\u2588\u2588\u2588\u2588\u2588\u2588\u2588\u2588\u2588\u2588\u2588\u2588\u2588\u2588\u2588\u2588\u2588\u2588\u2588\u2588\u2588\u2588\u2588\u2588\u2588\u2588\u2588\u2588\u2588\u2588\u2588\u2588\u2588\u2588\u2588\u258b                                        | 730/1003 [00:10<00:03, 68.65it/s]", "step": null, "ts": 1730799777.6773524}]}, "version": 902, "at": 1730799777.6774318}
{"obj": {"type": "LogStrings", "path": ["monitoring", "552629ed", "stderr"], "values": [{"value": "\r 74%|\u2588\u2588\u2588\u2588\u2588\u2588\u2588\u2588\u2588\u2588\u2588\u2588\u2588\u2588\u2588\u2588\u2588\u2588\u2588\u2588\u2588\u2588\u2588\u2588\u2588\u2588\u2588\u2588\u2588\u2588\u2588\u2588\u2588\u2588\u2588\u2588\u2588\u2588\u2588\u2588\u2588\u2588\u2588\u2588\u2588\u2588\u2588\u2588\u2588\u2588\u2588\u2588\u2588\u2588\u2588\u2588\u2588\u2588\u2588\u2588\u2588\u2588\u2588\u2588\u2588\u2588\u2588\u2588\u2588\u2588\u2588\u2588\u2588\u2588\u2588\u2588\u2588\u2588\u2588\u2588\u2588\u2588\u2588\u2588\u2588\u2588\u2588\u2588\u2588\u2588\u2588\u2588\u2588\u2588\u2588\u2588\u2588\u2588\u2588\u2588\u2588\u2588\u2588\u2588\u2588\u2588\u2588\u2588\u2589                                       | 738/1003 [00:10<00:03, 69.36it/s]", "step": null, "ts": 1730799777.7899072}]}, "version": 903, "at": 1730799777.7899706}
{"obj": {"type": "LogStrings", "path": ["monitoring", "552629ed", "stderr"], "values": [{"value": "\r 74%|\u2588\u2588\u2588\u2588\u2588\u2588\u2588\u2588\u2588\u2588\u2588\u2588\u2588\u2588\u2588\u2588\u2588\u2588\u2588\u2588\u2588\u2588\u2588\u2588\u2588\u2588\u2588\u2588\u2588\u2588\u2588\u2588\u2588\u2588\u2588\u2588\u2588\u2588\u2588\u2588\u2588\u2588\u2588\u2588\u2588\u2588\u2588\u2588\u2588\u2588\u2588\u2588\u2588\u2588\u2588\u2588\u2588\u2588\u2588\u2588\u2588\u2588\u2588\u2588\u2588\u2588\u2588\u2588\u2588\u2588\u2588\u2588\u2588\u2588\u2588\u2588\u2588\u2588\u2588\u2588\u2588\u2588\u2588\u2588\u2588\u2588\u2588\u2588\u2588\u2588\u2588\u2588\u2588\u2588\u2588\u2588\u2588\u2588\u2588\u2588\u2588\u2588\u2588\u2588\u2588\u2588\u2588\u2588\u2588\u2588                                      | 746/1003 [00:11<00:03, 70.74it/s]", "step": null, "ts": 1730799777.89775}]}, "version": 904, "at": 1730799777.8978336}
{"obj": {"type": "LogStrings", "path": ["monitoring", "552629ed", "stderr"], "values": [{"value": "\r 75%|\u2588\u2588\u2588\u2588\u2588\u2588\u2588\u2588\u2588\u2588\u2588\u2588\u2588\u2588\u2588\u2588\u2588\u2588\u2588\u2588\u2588\u2588\u2588\u2588\u2588\u2588\u2588\u2588\u2588\u2588\u2588\u2588\u2588\u2588\u2588\u2588\u2588\u2588\u2588\u2588\u2588\u2588\u2588\u2588\u2588\u2588\u2588\u2588\u2588\u2588\u2588\u2588\u2588\u2588\u2588\u2588\u2588\u2588\u2588\u2588\u2588\u2588\u2588\u2588\u2588\u2588\u2588\u2588\u2588\u2588\u2588\u2588\u2588\u2588\u2588\u2588\u2588\u2588\u2588\u2588\u2588\u2588\u2588\u2588\u2588\u2588\u2588\u2588\u2588\u2588\u2588\u2588\u2588\u2588\u2588\u2588\u2588\u2588\u2588\u2588\u2588\u2588\u2588\u2588\u2588\u2588\u2588\u2588\u2588\u2588\u2588\u258e                                    | 754/1003 [00:11<00:03, 71.81it/s]", "step": null, "ts": 1730799778.0052276}]}, "version": 905, "at": 1730799778.005319}
{"obj": {"type": "LogStrings", "path": ["monitoring", "552629ed", "stderr"], "values": [{"value": "\r 76%|\u2588\u2588\u2588\u2588\u2588\u2588\u2588\u2588\u2588\u2588\u2588\u2588\u2588\u2588\u2588\u2588\u2588\u2588\u2588\u2588\u2588\u2588\u2588\u2588\u2588\u2588\u2588\u2588\u2588\u2588\u2588\u2588\u2588\u2588\u2588\u2588\u2588\u2588\u2588\u2588\u2588\u2588\u2588\u2588\u2588\u2588\u2588\u2588\u2588\u2588\u2588\u2588\u2588\u2588\u2588\u2588\u2588\u2588\u2588\u2588\u2588\u2588\u2588\u2588\u2588\u2588\u2588\u2588\u2588\u2588\u2588\u2588\u2588\u2588\u2588\u2588\u2588\u2588\u2588\u2588\u2588\u2588\u2588\u2588\u2588\u2588\u2588\u2588\u2588\u2588\u2588\u2588\u2588\u2588\u2588\u2588\u2588\u2588\u2588\u2588\u2588\u2588\u2588\u2588\u2588\u2588\u2588\u2588\u2588\u2588\u2588\u2588\u258d                                   | 762/1003 [00:11<00:03, 72.47it/s]", "step": null, "ts": 1730799778.1132452}]}, "version": 906, "at": 1730799778.1133296}
{"obj": {"type": "LogStrings", "path": ["monitoring", "552629ed", "stderr"], "values": [{"value": "\r 77%|\u2588\u2588\u2588\u2588\u2588\u2588\u2588\u2588\u2588\u2588\u2588\u2588\u2588\u2588\u2588\u2588\u2588\u2588\u2588\u2588\u2588\u2588\u2588\u2588\u2588\u2588\u2588\u2588\u2588\u2588\u2588\u2588\u2588\u2588\u2588\u2588\u2588\u2588\u2588\u2588\u2588\u2588\u2588\u2588\u2588\u2588\u2588\u2588\u2588\u2588\u2588\u2588\u2588\u2588\u2588\u2588\u2588\u2588\u2588\u2588\u2588\u2588\u2588\u2588\u2588\u2588\u2588\u2588\u2588\u2588\u2588\u2588\u2588\u2588\u2588\u2588\u2588\u2588\u2588\u2588\u2588\u2588\u2588\u2588\u2588\u2588\u2588\u2588\u2588\u2588\u2588\u2588\u2588\u2588\u2588\u2588\u2588\u2588\u2588\u2588\u2588\u2588\u2588\u2588\u2588\u2588\u2588\u2588\u2588\u2588\u2588\u2588\u2588\u258c                                  | 770/1003 [00:11<00:03, 72.93it/s]", "step": null, "ts": 1730799778.221317}]}, "version": 907, "at": 1730799778.2213879}
{"obj": {"type": "LogStrings", "path": ["monitoring", "552629ed", "stderr"], "values": [{"value": "\r 78%|\u2588\u2588\u2588\u2588\u2588\u2588\u2588\u2588\u2588\u2588\u2588\u2588\u2588\u2588\u2588\u2588\u2588\u2588\u2588\u2588\u2588\u2588\u2588\u2588\u2588\u2588\u2588\u2588\u2588\u2588\u2588\u2588\u2588\u2588\u2588\u2588\u2588\u2588\u2588\u2588\u2588\u2588\u2588\u2588\u2588\u2588\u2588\u2588\u2588\u2588\u2588\u2588\u2588\u2588\u2588\u2588\u2588\u2588\u2588\u2588\u2588\u2588\u2588\u2588\u2588\u2588\u2588\u2588\u2588\u2588\u2588\u2588\u2588\u2588\u2588\u2588\u2588\u2588\u2588\u2588\u2588\u2588\u2588\u2588\u2588\u2588\u2588\u2588\u2588\u2588\u2588\u2588\u2588\u2588\u2588\u2588\u2588\u2588\u2588\u2588\u2588\u2588\u2588\u2588\u2588\u2588\u2588\u2588\u2588\u2588\u2588\u2588\u2588\u2588\u258a                                 | 778/1003 [00:11<00:03, 73.14it/s]", "step": null, "ts": 1730799778.3303366}]}, "version": 908, "at": 1730799778.3305254}
{"obj": {"type": "LogStrings", "path": ["monitoring", "552629ed", "stderr"], "values": [{"value": "\r 78%|\u2588\u2588\u2588\u2588\u2588\u2588\u2588\u2588\u2588\u2588\u2588\u2588\u2588\u2588\u2588\u2588\u2588\u2588\u2588\u2588\u2588\u2588\u2588\u2588\u2588\u2588\u2588\u2588\u2588\u2588\u2588\u2588\u2588\u2588\u2588\u2588\u2588\u2588\u2588\u2588\u2588\u2588\u2588\u2588\u2588\u2588\u2588\u2588\u2588\u2588\u2588\u2588\u2588\u2588\u2588\u2588\u2588\u2588\u2588\u2588\u2588\u2588\u2588\u2588\u2588\u2588\u2588\u2588\u2588\u2588\u2588\u2588\u2588\u2588\u2588\u2588\u2588\u2588\u2588\u2588\u2588\u2588\u2588\u2588\u2588\u2588\u2588\u2588\u2588\u2588\u2588\u2588\u2588\u2588\u2588\u2588\u2588\u2588\u2588\u2588\u2588\u2588\u2588\u2588\u2588\u2588\u2588\u2588\u2588\u2588\u2588\u2588\u2588\u2588\u2588\u2589                                | 786/1003 [00:11<00:02, 73.26it/s]", "step": null, "ts": 1730799778.4387894}]}, "version": 909, "at": 1730799778.4388583}
{"obj": {"type": "LogStrings", "path": ["monitoring", "552629ed", "stderr"], "values": [{"value": "\r 79%|\u2588\u2588\u2588\u2588\u2588\u2588\u2588\u2588\u2588\u2588\u2588\u2588\u2588\u2588\u2588\u2588\u2588\u2588\u2588\u2588\u2588\u2588\u2588\u2588\u2588\u2588\u2588\u2588\u2588\u2588\u2588\u2588\u2588\u2588\u2588\u2588\u2588\u2588\u2588\u2588\u2588\u2588\u2588\u2588\u2588\u2588\u2588\u2588\u2588\u2588\u2588\u2588\u2588\u2588\u2588\u2588\u2588\u2588\u2588\u2588\u2588\u2588\u2588\u2588\u2588\u2588\u2588\u2588\u2588\u2588\u2588\u2588\u2588\u2588\u2588\u2588\u2588\u2588\u2588\u2588\u2588\u2588\u2588\u2588\u2588\u2588\u2588\u2588\u2588\u2588\u2588\u2588\u2588\u2588\u2588\u2588\u2588\u2588\u2588\u2588\u2588\u2588\u2588\u2588\u2588\u2588\u2588\u2588\u2588\u2588\u2588\u2588\u2588\u2588\u2588\u2588\u2588\u258f                              | 794/1003 [00:11<00:02, 71.72it/s]", "step": null, "ts": 1730799778.5559506}]}, "version": 910, "at": 1730799778.5562165}
{"obj": {"type": "LogStrings", "path": ["monitoring", "552629ed", "stderr"], "values": [{"value": "\r 80%|\u2588\u2588\u2588\u2588\u2588\u2588\u2588\u2588\u2588\u2588\u2588\u2588\u2588\u2588\u2588\u2588\u2588\u2588\u2588\u2588\u2588\u2588\u2588\u2588\u2588\u2588\u2588\u2588\u2588\u2588\u2588\u2588\u2588\u2588\u2588\u2588\u2588\u2588\u2588\u2588\u2588\u2588\u2588\u2588\u2588\u2588\u2588\u2588\u2588\u2588\u2588\u2588\u2588\u2588\u2588\u2588\u2588\u2588\u2588\u2588\u2588\u2588\u2588\u2588\u2588\u2588\u2588\u2588\u2588\u2588\u2588\u2588\u2588\u2588\u2588\u2588\u2588\u2588\u2588\u2588\u2588\u2588\u2588\u2588\u2588\u2588\u2588\u2588\u2588\u2588\u2588\u2588\u2588\u2588\u2588\u2588\u2588\u2588\u2588\u2588\u2588\u2588\u2588\u2588\u2588\u2588\u2588\u2588\u2588\u2588\u2588\u2588\u2588\u2588\u2588\u2588\u2588\u2588\u258e                             | 802/1003 [00:11<00:02, 69.65it/s]", "step": null, "ts": 1730799778.6784003}]}, "version": 911, "at": 1730799778.678471}
{"obj": {"type": "LogStrings", "path": ["monitoring", "552629ed", "stderr"], "values": [{"value": "\r 81%|\u2588\u2588\u2588\u2588\u2588\u2588\u2588\u2588\u2588\u2588\u2588\u2588\u2588\u2588\u2588\u2588\u2588\u2588\u2588\u2588\u2588\u2588\u2588\u2588\u2588\u2588\u2588\u2588\u2588\u2588\u2588\u2588\u2588\u2588\u2588\u2588\u2588\u2588\u2588\u2588\u2588\u2588\u2588\u2588\u2588\u2588\u2588\u2588\u2588\u2588\u2588\u2588\u2588\u2588\u2588\u2588\u2588\u2588\u2588\u2588\u2588\u2588\u2588\u2588\u2588\u2588\u2588\u2588\u2588\u2588\u2588\u2588\u2588\u2588\u2588\u2588\u2588\u2588\u2588\u2588\u2588\u2588\u2588\u2588\u2588\u2588\u2588\u2588\u2588\u2588\u2588\u2588\u2588\u2588\u2588\u2588\u2588\u2588\u2588\u2588\u2588\u2588\u2588\u2588\u2588\u2588\u2588\u2588\u2588\u2588\u2588\u2588\u2588\u2588\u2588\u2588\u2588\u2588\u2588\u258e                            | 809/1003 [00:11<00:02, 68.33it/s]", "step": null, "ts": 1730799778.786095}]}, "version": 912, "at": 1730799778.786183}
{"obj": {"type": "LogStrings", "path": ["monitoring", "552629ed", "stderr"], "values": [{"value": "\r 81%|\u2588\u2588\u2588\u2588\u2588\u2588\u2588\u2588\u2588\u2588\u2588\u2588\u2588\u2588\u2588\u2588\u2588\u2588\u2588\u2588\u2588\u2588\u2588\u2588\u2588\u2588\u2588\u2588\u2588\u2588\u2588\u2588\u2588\u2588\u2588\u2588\u2588\u2588\u2588\u2588\u2588\u2588\u2588\u2588\u2588\u2588\u2588\u2588\u2588\u2588\u2588\u2588\u2588\u2588\u2588\u2588\u2588\u2588\u2588\u2588\u2588\u2588\u2588\u2588\u2588\u2588\u2588\u2588\u2588\u2588\u2588\u2588\u2588\u2588\u2588\u2588\u2588\u2588\u2588\u2588\u2588\u2588\u2588\u2588\u2588\u2588\u2588\u2588\u2588\u2588\u2588\u2588\u2588\u2588\u2588\u2588\u2588\u2588\u2588\u2588\u2588\u2588\u2588\u2588\u2588\u2588\u2588\u2588\u2588\u2588\u2588\u2588\u2588\u2588\u2588\u2588\u2588\u2588\u2588\u2588\u258d                           | 816/1003 [00:12<00:02, 67.36it/s]", "step": null, "ts": 1730799778.8937306}]}, "version": 913, "at": 1730799778.893807}
{"obj": {"type": "LogStrings", "path": ["monitoring", "552629ed", "stderr"], "values": [{"value": "\r 82%|\u2588\u2588\u2588\u2588\u2588\u2588\u2588\u2588\u2588\u2588\u2588\u2588\u2588\u2588\u2588\u2588\u2588\u2588\u2588\u2588\u2588\u2588\u2588\u2588\u2588\u2588\u2588\u2588\u2588\u2588\u2588\u2588\u2588\u2588\u2588\u2588\u2588\u2588\u2588\u2588\u2588\u2588\u2588\u2588\u2588\u2588\u2588\u2588\u2588\u2588\u2588\u2588\u2588\u2588\u2588\u2588\u2588\u2588\u2588\u2588\u2588\u2588\u2588\u2588\u2588\u2588\u2588\u2588\u2588\u2588\u2588\u2588\u2588\u2588\u2588\u2588\u2588\u2588\u2588\u2588\u2588\u2588\u2588\u2588\u2588\u2588\u2588\u2588\u2588\u2588\u2588\u2588\u2588\u2588\u2588\u2588\u2588\u2588\u2588\u2588\u2588\u2588\u2588\u2588\u2588\u2588\u2588\u2588\u2588\u2588\u2588\u2588\u2588\u2588\u2588\u2588\u2588\u2588\u2588\u2588\u2588\u258d                          | 823/1003 [00:12<00:02, 66.69it/s]", "step": null, "ts": 1730799779.0012698}]}, "version": 914, "at": 1730799779.001343}
{"obj": {"type": "LogStrings", "path": ["monitoring", "552629ed", "stderr"], "values": [{"value": "\r 83%|\u2588\u2588\u2588\u2588\u2588\u2588\u2588\u2588\u2588\u2588\u2588\u2588\u2588\u2588\u2588\u2588\u2588\u2588\u2588\u2588\u2588\u2588\u2588\u2588\u2588\u2588\u2588\u2588\u2588\u2588\u2588\u2588\u2588\u2588\u2588\u2588\u2588\u2588\u2588\u2588\u2588\u2588\u2588\u2588\u2588\u2588\u2588\u2588\u2588\u2588\u2588\u2588\u2588\u2588\u2588\u2588\u2588\u2588\u2588\u2588\u2588\u2588\u2588\u2588\u2588\u2588\u2588\u2588\u2588\u2588\u2588\u2588\u2588\u2588\u2588\u2588\u2588\u2588\u2588\u2588\u2588\u2588\u2588\u2588\u2588\u2588\u2588\u2588\u2588\u2588\u2588\u2588\u2588\u2588\u2588\u2588\u2588\u2588\u2588\u2588\u2588\u2588\u2588\u2588\u2588\u2588\u2588\u2588\u2588\u2588\u2588\u2588\u2588\u2588\u2588\u2588\u2588\u2588\u2588\u2588\u2588\u2588\u258d                         | 830/1003 [00:12<00:02, 66.21it/s]", "step": null, "ts": 1730799779.1089041}]}, "version": 915, "at": 1730799779.108996}
{"obj": {"type": "LogStrings", "path": ["monitoring", "552629ed", "stderr"], "values": [{"value": "\r 83%|\u2588\u2588\u2588\u2588\u2588\u2588\u2588\u2588\u2588\u2588\u2588\u2588\u2588\u2588\u2588\u2588\u2588\u2588\u2588\u2588\u2588\u2588\u2588\u2588\u2588\u2588\u2588\u2588\u2588\u2588\u2588\u2588\u2588\u2588\u2588\u2588\u2588\u2588\u2588\u2588\u2588\u2588\u2588\u2588\u2588\u2588\u2588\u2588\u2588\u2588\u2588\u2588\u2588\u2588\u2588\u2588\u2588\u2588\u2588\u2588\u2588\u2588\u2588\u2588\u2588\u2588\u2588\u2588\u2588\u2588\u2588\u2588\u2588\u2588\u2588\u2588\u2588\u2588\u2588\u2588\u2588\u2588\u2588\u2588\u2588\u2588\u2588\u2588\u2588\u2588\u2588\u2588\u2588\u2588\u2588\u2588\u2588\u2588\u2588\u2588\u2588\u2588\u2588\u2588\u2588\u2588\u2588\u2588\u2588\u2588\u2588\u2588\u2588\u2588\u2588\u2588\u2588\u2588\u2588\u2588\u2588\u2588\u2588\u258c                        | 837/1003 [00:12<00:02, 65.93it/s]", "step": null, "ts": 1730799779.2162673}]}, "version": 916, "at": 1730799779.2163699}
{"obj": {"type": "LogStrings", "path": ["monitoring", "552629ed", "stderr"], "values": [{"value": "\r 84%|\u2588\u2588\u2588\u2588\u2588\u2588\u2588\u2588\u2588\u2588\u2588\u2588\u2588\u2588\u2588\u2588\u2588\u2588\u2588\u2588\u2588\u2588\u2588\u2588\u2588\u2588\u2588\u2588\u2588\u2588\u2588\u2588\u2588\u2588\u2588\u2588\u2588\u2588\u2588\u2588\u2588\u2588\u2588\u2588\u2588\u2588\u2588\u2588\u2588\u2588\u2588\u2588\u2588\u2588\u2588\u2588\u2588\u2588\u2588\u2588\u2588\u2588\u2588\u2588\u2588\u2588\u2588\u2588\u2588\u2588\u2588\u2588\u2588\u2588\u2588\u2588\u2588\u2588\u2588\u2588\u2588\u2588\u2588\u2588\u2588\u2588\u2588\u2588\u2588\u2588\u2588\u2588\u2588\u2588\u2588\u2588\u2588\u2588\u2588\u2588\u2588\u2588\u2588\u2588\u2588\u2588\u2588\u2588\u2588\u2588\u2588\u2588\u2588\u2588\u2588\u2588\u2588\u2588\u2588\u2588\u2588\u2588\u2588\u2588\u258c                       | 844/1003 [00:12<00:02, 65.77it/s]", "step": null, "ts": 1730799779.3234591}]}, "version": 917, "at": 1730799779.3235369}
{"obj": {"type": "LogStrings", "path": ["monitoring", "552629ed", "stderr"], "values": [{"value": "\r 85%|\u2588\u2588\u2588\u2588\u2588\u2588\u2588\u2588\u2588\u2588\u2588\u2588\u2588\u2588\u2588\u2588\u2588\u2588\u2588\u2588\u2588\u2588\u2588\u2588\u2588\u2588\u2588\u2588\u2588\u2588\u2588\u2588\u2588\u2588\u2588\u2588\u2588\u2588\u2588\u2588\u2588\u2588\u2588\u2588\u2588\u2588\u2588\u2588\u2588\u2588\u2588\u2588\u2588\u2588\u2588\u2588\u2588\u2588\u2588\u2588\u2588\u2588\u2588\u2588\u2588\u2588\u2588\u2588\u2588\u2588\u2588\u2588\u2588\u2588\u2588\u2588\u2588\u2588\u2588\u2588\u2588\u2588\u2588\u2588\u2588\u2588\u2588\u2588\u2588\u2588\u2588\u2588\u2588\u2588\u2588\u2588\u2588\u2588\u2588\u2588\u2588\u2588\u2588\u2588\u2588\u2588\u2588\u2588\u2588\u2588\u2588\u2588\u2588\u2588\u2588\u2588\u2588\u2588\u2588\u2588\u2588\u2588\u2588\u2588\u2588\u258c                      | 851/1003 [00:12<00:02, 65.81it/s]", "step": null, "ts": 1730799779.4294057}]}, "version": 918, "at": 1730799779.4294817}
{"obj": {"type": "LogStrings", "path": ["monitoring", "552629ed", "stderr"], "values": [{"value": "\r 86%|\u2588\u2588\u2588\u2588\u2588\u2588\u2588\u2588\u2588\u2588\u2588\u2588\u2588\u2588\u2588\u2588\u2588\u2588\u2588\u2588\u2588\u2588\u2588\u2588\u2588\u2588\u2588\u2588\u2588\u2588\u2588\u2588\u2588\u2588\u2588\u2588\u2588\u2588\u2588\u2588\u2588\u2588\u2588\u2588\u2588\u2588\u2588\u2588\u2588\u2588\u2588\u2588\u2588\u2588\u2588\u2588\u2588\u2588\u2588\u2588\u2588\u2588\u2588\u2588\u2588\u2588\u2588\u2588\u2588\u2588\u2588\u2588\u2588\u2588\u2588\u2588\u2588\u2588\u2588\u2588\u2588\u2588\u2588\u2588\u2588\u2588\u2588\u2588\u2588\u2588\u2588\u2588\u2588\u2588\u2588\u2588\u2588\u2588\u2588\u2588\u2588\u2588\u2588\u2588\u2588\u2588\u2588\u2588\u2588\u2588\u2588\u2588\u2588\u2588\u2588\u2588\u2588\u2588\u2588\u2588\u2588\u2588\u2588\u2588\u2588\u2588\u258c                     | 858/1003 [00:12<00:02, 65.62it/s]", "step": null, "ts": 1730799779.5368266}]}, "version": 919, "at": 1730799779.5369139}
{"obj": {"type": "LogStrings", "path": ["monitoring", "552629ed", "stderr"], "values": [{"value": "\r 86%|\u2588\u2588\u2588\u2588\u2588\u2588\u2588\u2588\u2588\u2588\u2588\u2588\u2588\u2588\u2588\u2588\u2588\u2588\u2588\u2588\u2588\u2588\u2588\u2588\u2588\u2588\u2588\u2588\u2588\u2588\u2588\u2588\u2588\u2588\u2588\u2588\u2588\u2588\u2588\u2588\u2588\u2588\u2588\u2588\u2588\u2588\u2588\u2588\u2588\u2588\u2588\u2588\u2588\u2588\u2588\u2588\u2588\u2588\u2588\u2588\u2588\u2588\u2588\u2588\u2588\u2588\u2588\u2588\u2588\u2588\u2588\u2588\u2588\u2588\u2588\u2588\u2588\u2588\u2588\u2588\u2588\u2588\u2588\u2588\u2588\u2588\u2588\u2588\u2588\u2588\u2588\u2588\u2588\u2588\u2588\u2588\u2588\u2588\u2588\u2588\u2588\u2588\u2588\u2588\u2588\u2588\u2588\u2588\u2588\u2588\u2588\u2588\u2588\u2588\u2588\u2588\u2588\u2588\u2588\u2588\u2588\u2588\u2588\u2588\u2588\u2588\u2588\u258b                    | 865/1003 [00:12<00:02, 65.38it/s]", "step": null, "ts": 1730799779.6447961}]}, "version": 920, "at": 1730799779.6448698}
{"obj": {"type": "LogStrings", "path": ["monitoring", "552629ed", "stderr"], "values": [{"value": "\r 87%|\u2588\u2588\u2588\u2588\u2588\u2588\u2588\u2588\u2588\u2588\u2588\u2588\u2588\u2588\u2588\u2588\u2588\u2588\u2588\u2588\u2588\u2588\u2588\u2588\u2588\u2588\u2588\u2588\u2588\u2588\u2588\u2588\u2588\u2588\u2588\u2588\u2588\u2588\u2588\u2588\u2588\u2588\u2588\u2588\u2588\u2588\u2588\u2588\u2588\u2588\u2588\u2588\u2588\u2588\u2588\u2588\u2588\u2588\u2588\u2588\u2588\u2588\u2588\u2588\u2588\u2588\u2588\u2588\u2588\u2588\u2588\u2588\u2588\u2588\u2588\u2588\u2588\u2588\u2588\u2588\u2588\u2588\u2588\u2588\u2588\u2588\u2588\u2588\u2588\u2588\u2588\u2588\u2588\u2588\u2588\u2588\u2588\u2588\u2588\u2588\u2588\u2588\u2588\u2588\u2588\u2588\u2588\u2588\u2588\u2588\u2588\u2588\u2588\u2588\u2588\u2588\u2588\u2588\u2588\u2588\u2588\u2588\u2588\u2588\u2588\u2588\u2588\u2588\u258b                   | 872/1003 [00:12<00:02, 65.32it/s]", "step": null, "ts": 1730799779.7521713}]}, "version": 921, "at": 1730799779.7522457}
{"obj": {"type": "LogStrings", "path": ["monitoring", "552629ed", "stderr"], "values": [{"value": "\r 88%|\u2588\u2588\u2588\u2588\u2588\u2588\u2588\u2588\u2588\u2588\u2588\u2588\u2588\u2588\u2588\u2588\u2588\u2588\u2588\u2588\u2588\u2588\u2588\u2588\u2588\u2588\u2588\u2588\u2588\u2588\u2588\u2588\u2588\u2588\u2588\u2588\u2588\u2588\u2588\u2588\u2588\u2588\u2588\u2588\u2588\u2588\u2588\u2588\u2588\u2588\u2588\u2588\u2588\u2588\u2588\u2588\u2588\u2588\u2588\u2588\u2588\u2588\u2588\u2588\u2588\u2588\u2588\u2588\u2588\u2588\u2588\u2588\u2588\u2588\u2588\u2588\u2588\u2588\u2588\u2588\u2588\u2588\u2588\u2588\u2588\u2588\u2588\u2588\u2588\u2588\u2588\u2588\u2588\u2588\u2588\u2588\u2588\u2588\u2588\u2588\u2588\u2588\u2588\u2588\u2588\u2588\u2588\u2588\u2588\u2588\u2588\u2588\u2588\u2588\u2588\u2588\u2588\u2588\u2588\u2588\u2588\u2588\u2588\u2588\u2588\u2588\u2588\u2588\u2588\u258b                  | 879/1003 [00:13<00:01, 65.25it/s]", "step": null, "ts": 1730799779.8598173}]}, "version": 922, "at": 1730799779.859899}
{"obj": {"type": "LogStrings", "path": ["monitoring", "552629ed", "stderr"], "values": [{"value": "\r 88%|\u2588\u2588\u2588\u2588\u2588\u2588\u2588\u2588\u2588\u2588\u2588\u2588\u2588\u2588\u2588\u2588\u2588\u2588\u2588\u2588\u2588\u2588\u2588\u2588\u2588\u2588\u2588\u2588\u2588\u2588\u2588\u2588\u2588\u2588\u2588\u2588\u2588\u2588\u2588\u2588\u2588\u2588\u2588\u2588\u2588\u2588\u2588\u2588\u2588\u2588\u2588\u2588\u2588\u2588\u2588\u2588\u2588\u2588\u2588\u2588\u2588\u2588\u2588\u2588\u2588\u2588\u2588\u2588\u2588\u2588\u2588\u2588\u2588\u2588\u2588\u2588\u2588\u2588\u2588\u2588\u2588\u2588\u2588\u2588\u2588\u2588\u2588\u2588\u2588\u2588\u2588\u2588\u2588\u2588\u2588\u2588\u2588\u2588\u2588\u2588\u2588\u2588\u2588\u2588\u2588\u2588\u2588\u2588\u2588\u2588\u2588\u2588\u2588\u2588\u2588\u2588\u2588\u2588\u2588\u2588\u2588\u2588\u2588\u2588\u2588\u2588\u2588\u2588\u2588\u2588\u258b                 | 886/1003 [00:13<00:01, 65.31it/s]", "step": null, "ts": 1730799779.9667041}]}, "version": 923, "at": 1730799779.9667785}
{"obj": {"type": "LogStrings", "path": ["monitoring", "552629ed", "stderr"], "values": [{"value": "\r 89%|\u2588\u2588\u2588\u2588\u2588\u2588\u2588\u2588\u2588\u2588\u2588\u2588\u2588\u2588\u2588\u2588\u2588\u2588\u2588\u2588\u2588\u2588\u2588\u2588\u2588\u2588\u2588\u2588\u2588\u2588\u2588\u2588\u2588\u2588\u2588\u2588\u2588\u2588\u2588\u2588\u2588\u2588\u2588\u2588\u2588\u2588\u2588\u2588\u2588\u2588\u2588\u2588\u2588\u2588\u2588\u2588\u2588\u2588\u2588\u2588\u2588\u2588\u2588\u2588\u2588\u2588\u2588\u2588\u2588\u2588\u2588\u2588\u2588\u2588\u2588\u2588\u2588\u2588\u2588\u2588\u2588\u2588\u2588\u2588\u2588\u2588\u2588\u2588\u2588\u2588\u2588\u2588\u2588\u2588\u2588\u2588\u2588\u2588\u2588\u2588\u2588\u2588\u2588\u2588\u2588\u2588\u2588\u2588\u2588\u2588\u2588\u2588\u2588\u2588\u2588\u2588\u2588\u2588\u2588\u2588\u2588\u2588\u2588\u2588\u2588\u2588\u2588\u2588\u2588\u2588\u2588\u258a                | 893/1003 [00:13<00:01, 65.36it/s]", "step": null, "ts": 1730799780.0738175}]}, "version": 924, "at": 1730799780.0738873}
{"obj": {"type": "LogStrings", "path": ["monitoring", "552629ed", "stderr"], "values": [{"value": "\r 90%|\u2588\u2588\u2588\u2588\u2588\u2588\u2588\u2588\u2588\u2588\u2588\u2588\u2588\u2588\u2588\u2588\u2588\u2588\u2588\u2588\u2588\u2588\u2588\u2588\u2588\u2588\u2588\u2588\u2588\u2588\u2588\u2588\u2588\u2588\u2588\u2588\u2588\u2588\u2588\u2588\u2588\u2588\u2588\u2588\u2588\u2588\u2588\u2588\u2588\u2588\u2588\u2588\u2588\u2588\u2588\u2588\u2588\u2588\u2588\u2588\u2588\u2588\u2588\u2588\u2588\u2588\u2588\u2588\u2588\u2588\u2588\u2588\u2588\u2588\u2588\u2588\u2588\u2588\u2588\u2588\u2588\u2588\u2588\u2588\u2588\u2588\u2588\u2588\u2588\u2588\u2588\u2588\u2588\u2588\u2588\u2588\u2588\u2588\u2588\u2588\u2588\u2588\u2588\u2588\u2588\u2588\u2588\u2588\u2588\u2588\u2588\u2588\u2588\u2588\u2588\u2588\u2588\u2588\u2588\u2588\u2588\u2588\u2588\u2588\u2588\u2588\u2588\u2588\u2588\u2588\u2588\u2588\u258a               | 900/1003 [00:13<00:01, 65.36it/s]", "step": null, "ts": 1730799780.1807187}]}, "version": 925, "at": 1730799780.1807945}
{"obj": {"type": "LogStrings", "path": ["monitoring", "552629ed", "stderr"], "values": [{"value": "\r 90%|\u2588\u2588\u2588\u2588\u2588\u2588\u2588\u2588\u2588\u2588\u2588\u2588\u2588\u2588\u2588\u2588\u2588\u2588\u2588\u2588\u2588\u2588\u2588\u2588\u2588\u2588\u2588\u2588\u2588\u2588\u2588\u2588\u2588\u2588\u2588\u2588\u2588\u2588\u2588\u2588\u2588\u2588\u2588\u2588\u2588\u2588\u2588\u2588\u2588\u2588\u2588\u2588\u2588\u2588\u2588\u2588\u2588\u2588\u2588\u2588\u2588\u2588\u2588\u2588\u2588\u2588\u2588\u2588\u2588\u2588\u2588\u2588\u2588\u2588\u2588\u2588\u2588\u2588\u2588\u2588\u2588\u2588\u2588\u2588\u2588\u2588\u2588\u2588\u2588\u2588\u2588\u2588\u2588\u2588\u2588\u2588\u2588\u2588\u2588\u2588\u2588\u2588\u2588\u2588\u2588\u2588\u2588\u2588\u2588\u2588\u2588\u2588\u2588\u2588\u2588\u2588\u2588\u2588\u2588\u2588\u2588\u2588\u2588\u2588\u2588\u2588\u2588\u2588\u2588\u2588\u2588\u2588\u2588\u258a              | 907/1003 [00:13<00:01, 65.25it/s]", "step": null, "ts": 1730799780.2884874}]}, "version": 926, "at": 1730799780.2885637}
{"obj": {"type": "LogStrings", "path": ["monitoring", "552629ed", "stderr"], "values": [{"value": "\r 91%|\u2588\u2588\u2588\u2588\u2588\u2588\u2588\u2588\u2588\u2588\u2588\u2588\u2588\u2588\u2588\u2588\u2588\u2588\u2588\u2588\u2588\u2588\u2588\u2588\u2588\u2588\u2588\u2588\u2588\u2588\u2588\u2588\u2588\u2588\u2588\u2588\u2588\u2588\u2588\u2588\u2588\u2588\u2588\u2588\u2588\u2588\u2588\u2588\u2588\u2588\u2588\u2588\u2588\u2588\u2588\u2588\u2588\u2588\u2588\u2588\u2588\u2588\u2588\u2588\u2588\u2588\u2588\u2588\u2588\u2588\u2588\u2588\u2588\u2588\u2588\u2588\u2588\u2588\u2588\u2588\u2588\u2588\u2588\u2588\u2588\u2588\u2588\u2588\u2588\u2588\u2588\u2588\u2588\u2588\u2588\u2588\u2588\u2588\u2588\u2588\u2588\u2588\u2588\u2588\u2588\u2588\u2588\u2588\u2588\u2588\u2588\u2588\u2588\u2588\u2588\u2588\u2588\u2588\u2588\u2588\u2588\u2588\u2588\u2588\u2588\u2588\u2588\u2588\u2588\u2588\u2588\u2588\u2588\u2588\u258a             | 914/1003 [00:13<00:01, 58.02it/s]", "step": null, "ts": 1730799780.440413}]}, "version": 927, "at": 1730799780.4404852}
{"obj": {"type": "LogStrings", "path": ["monitoring", "552629ed", "stderr"], "values": [{"value": "\r 92%|\u2588\u2588\u2588\u2588\u2588\u2588\u2588\u2588\u2588\u2588\u2588\u2588\u2588\u2588\u2588\u2588\u2588\u2588\u2588\u2588\u2588\u2588\u2588\u2588\u2588\u2588\u2588\u2588\u2588\u2588\u2588\u2588\u2588\u2588\u2588\u2588\u2588\u2588\u2588\u2588\u2588\u2588\u2588\u2588\u2588\u2588\u2588\u2588\u2588\u2588\u2588\u2588\u2588\u2588\u2588\u2588\u2588\u2588\u2588\u2588\u2588\u2588\u2588\u2588\u2588\u2588\u2588\u2588\u2588\u2588\u2588\u2588\u2588\u2588\u2588\u2588\u2588\u2588\u2588\u2588\u2588\u2588\u2588\u2588\u2588\u2588\u2588\u2588\u2588\u2588\u2588\u2588\u2588\u2588\u2588\u2588\u2588\u2588\u2588\u2588\u2588\u2588\u2588\u2588\u2588\u2588\u2588\u2588\u2588\u2588\u2588\u2588\u2588\u2588\u2588\u2588\u2588\u2588\u2588\u2588\u2588\u2588\u2588\u2588\u2588\u2588\u2588\u2588\u2588\u2588\u2588\u2588\u2588\u2588\u2588\u2589            | 921/1003 [00:13<00:01, 59.28it/s]", "step": null, "ts": 1730799780.5524416}]}, "version": 928, "at": 1730799780.5525334}
{"obj": {"type": "LogStrings", "path": ["monitoring", "552629ed", "stderr"], "values": [{"value": "\r 93%|\u2588\u2588\u2588\u2588\u2588\u2588\u2588\u2588\u2588\u2588\u2588\u2588\u2588\u2588\u2588\u2588\u2588\u2588\u2588\u2588\u2588\u2588\u2588\u2588\u2588\u2588\u2588\u2588\u2588\u2588\u2588\u2588\u2588\u2588\u2588\u2588\u2588\u2588\u2588\u2588\u2588\u2588\u2588\u2588\u2588\u2588\u2588\u2588\u2588\u2588\u2588\u2588\u2588\u2588\u2588\u2588\u2588\u2588\u2588\u2588\u2588\u2588\u2588\u2588\u2588\u2588\u2588\u2588\u2588\u2588\u2588\u2588\u2588\u2588\u2588\u2588\u2588\u2588\u2588\u2588\u2588\u2588\u2588\u2588\u2588\u2588\u2588\u2588\u2588\u2588\u2588\u2588\u2588\u2588\u2588\u2588\u2588\u2588\u2588\u2588\u2588\u2588\u2588\u2588\u2588\u2588\u2588\u2588\u2588\u2588\u2588\u2588\u2588\u2588\u2588\u2588\u2588\u2588\u2588\u2588\u2588\u2588\u2588\u2588\u2588\u2588\u2588\u2588\u2588\u2588\u2588\u2588\u2588\u2588\u2588\u2588\u2589           | 928/1003 [00:13<00:01, 61.54it/s]", "step": null, "ts": 1730799780.65602}]}, "version": 929, "at": 1730799780.6560893}
{"obj": {"type": "LogStrings", "path": ["monitoring", "552629ed", "stderr"], "values": [{"value": "\r 93%|\u2588\u2588\u2588\u2588\u2588\u2588\u2588\u2588\u2588\u2588\u2588\u2588\u2588\u2588\u2588\u2588\u2588\u2588\u2588\u2588\u2588\u2588\u2588\u2588\u2588\u2588\u2588\u2588\u2588\u2588\u2588\u2588\u2588\u2588\u2588\u2588\u2588\u2588\u2588\u2588\u2588\u2588\u2588\u2588\u2588\u2588\u2588\u2588\u2588\u2588\u2588\u2588\u2588\u2588\u2588\u2588\u2588\u2588\u2588\u2588\u2588\u2588\u2588\u2588\u2588\u2588\u2588\u2588\u2588\u2588\u2588\u2588\u2588\u2588\u2588\u2588\u2588\u2588\u2588\u2588\u2588\u2588\u2588\u2588\u2588\u2588\u2588\u2588\u2588\u2588\u2588\u2588\u2588\u2588\u2588\u2588\u2588\u2588\u2588\u2588\u2588\u2588\u2588\u2588\u2588\u2588\u2588\u2588\u2588\u2588\u2588\u2588\u2588\u2588\u2588\u2588\u2588\u2588\u2588\u2588\u2588\u2588\u2588\u2588\u2588\u2588\u2588\u2588\u2588\u2588\u2588\u2588\u2588\u2588\u2588\u2588\u2588\u2589          | 935/1003 [00:13<00:01, 62.99it/s]", "step": null, "ts": 1730799780.7610302}]}, "version": 930, "at": 1730799780.7611048}
{"obj": {"type": "LogStrings", "path": ["monitoring", "552629ed", "stderr"], "values": [{"value": "\r 94%|\u2588\u2588\u2588\u2588\u2588\u2588\u2588\u2588\u2588\u2588\u2588\u2588\u2588\u2588\u2588\u2588\u2588\u2588\u2588\u2588\u2588\u2588\u2588\u2588\u2588\u2588\u2588\u2588\u2588\u2588\u2588\u2588\u2588\u2588\u2588\u2588\u2588\u2588\u2588\u2588\u2588\u2588\u2588\u2588\u2588\u2588\u2588\u2588\u2588\u2588\u2588\u2588\u2588\u2588\u2588\u2588\u2588\u2588\u2588\u2588\u2588\u2588\u2588\u2588\u2588\u2588\u2588\u2588\u2588\u2588\u2588\u2588\u2588\u2588\u2588\u2588\u2588\u2588\u2588\u2588\u2588\u2588\u2588\u2588\u2588\u2588\u2588\u2588\u2588\u2588\u2588\u2588\u2588\u2588\u2588\u2588\u2588\u2588\u2588\u2588\u2588\u2588\u2588\u2588\u2588\u2588\u2588\u2588\u2588\u2588\u2588\u2588\u2588\u2588\u2588\u2588\u2588\u2588\u2588\u2588\u2588\u2588\u2588\u2588\u2588\u2588\u2588\u2588\u2588\u2588\u2588\u2588\u2588\u2588\u2588\u2588\u2588\u2588\u2589         | 942/1003 [00:14<00:00, 63.85it/s]", "step": null, "ts": 1730799780.8671706}]}, "version": 931, "at": 1730799780.8672397}
{"obj": {"type": "LogStrings", "path": ["monitoring", "552629ed", "stderr"], "values": [{"value": "\r 95%|\u2588\u2588\u2588\u2588\u2588\u2588\u2588\u2588\u2588\u2588\u2588\u2588\u2588\u2588\u2588\u2588\u2588\u2588\u2588\u2588\u2588\u2588\u2588\u2588\u2588\u2588\u2588\u2588\u2588\u2588\u2588\u2588\u2588\u2588\u2588\u2588\u2588\u2588\u2588\u2588\u2588\u2588\u2588\u2588\u2588\u2588\u2588\u2588\u2588\u2588\u2588\u2588\u2588\u2588\u2588\u2588\u2588\u2588\u2588\u2588\u2588\u2588\u2588\u2588\u2588\u2588\u2588\u2588\u2588\u2588\u2588\u2588\u2588\u2588\u2588\u2588\u2588\u2588\u2588\u2588\u2588\u2588\u2588\u2588\u2588\u2588\u2588\u2588\u2588\u2588\u2588\u2588\u2588\u2588\u2588\u2588\u2588\u2588\u2588\u2588\u2588\u2588\u2588\u2588\u2588\u2588\u2588\u2588\u2588\u2588\u2588\u2588\u2588\u2588\u2588\u2588\u2588\u2588\u2588\u2588\u2588\u2588\u2588\u2588\u2588\u2588\u2588\u2588\u2588\u2588\u2588\u2588\u2588\u2588\u2588\u2588\u2588\u2588\u2588\u2588        | 949/1003 [00:14<00:00, 64.59it/s]", "step": null, "ts": 1730799780.9726365}]}, "version": 932, "at": 1730799780.9727166}
{"obj": {"type": "LogStrings", "path": ["monitoring", "552629ed", "stderr"], "values": [{"value": "\r 95%|\u2588\u2588\u2588\u2588\u2588\u2588\u2588\u2588\u2588\u2588\u2588\u2588\u2588\u2588\u2588\u2588\u2588\u2588\u2588\u2588\u2588\u2588\u2588\u2588\u2588\u2588\u2588\u2588\u2588\u2588\u2588\u2588\u2588\u2588\u2588\u2588\u2588\u2588\u2588\u2588\u2588\u2588\u2588\u2588\u2588\u2588\u2588\u2588\u2588\u2588\u2588\u2588\u2588\u2588\u2588\u2588\u2588\u2588\u2588\u2588\u2588\u2588\u2588\u2588\u2588\u2588\u2588\u2588\u2588\u2588\u2588\u2588\u2588\u2588\u2588\u2588\u2588\u2588\u2588\u2588\u2588\u2588\u2588\u2588\u2588\u2588\u2588\u2588\u2588\u2588\u2588\u2588\u2588\u2588\u2588\u2588\u2588\u2588\u2588\u2588\u2588\u2588\u2588\u2588\u2588\u2588\u2588\u2588\u2588\u2588\u2588\u2588\u2588\u2588\u2588\u2588\u2588\u2588\u2588\u2588\u2588\u2588\u2588\u2588\u2588\u2588\u2588\u2588\u2588\u2588\u2588\u2588\u2588\u2588\u2588\u2588\u2588\u2588\u2588\u2588\u2588       | 956/1003 [00:14<00:00, 64.55it/s]", "step": null, "ts": 1730799781.0813556}]}, "version": 933, "at": 1730799781.0814505}
{"obj": {"type": "LogStrings", "path": ["monitoring", "552629ed", "stderr"], "values": [{"value": "\r 96%|\u2588\u2588\u2588\u2588\u2588\u2588\u2588\u2588\u2588\u2588\u2588\u2588\u2588\u2588\u2588\u2588\u2588\u2588\u2588\u2588\u2588\u2588\u2588\u2588\u2588\u2588\u2588\u2588\u2588\u2588\u2588\u2588\u2588\u2588\u2588\u2588\u2588\u2588\u2588\u2588\u2588\u2588\u2588\u2588\u2588\u2588\u2588\u2588\u2588\u2588\u2588\u2588\u2588\u2588\u2588\u2588\u2588\u2588\u2588\u2588\u2588\u2588\u2588\u2588\u2588\u2588\u2588\u2588\u2588\u2588\u2588\u2588\u2588\u2588\u2588\u2588\u2588\u2588\u2588\u2588\u2588\u2588\u2588\u2588\u2588\u2588\u2588\u2588\u2588\u2588\u2588\u2588\u2588\u2588\u2588\u2588\u2588\u2588\u2588\u2588\u2588\u2588\u2588\u2588\u2588\u2588\u2588\u2588\u2588\u2588\u2588\u2588\u2588\u2588\u2588\u2588\u2588\u2588\u2588\u2588\u2588\u2588\u2588\u2588\u2588\u2588\u2588\u2588\u2588\u2588\u2588\u2588\u2588\u2588\u2588\u2588\u2588\u2588\u2588\u2588\u2588\u2588      | 963/1003 [00:14<00:00, 64.75it/s]", "step": null, "ts": 1730799781.1885746}]}, "version": 934, "at": 1730799781.1886482}
{"obj": {"type": "LogStrings", "path": ["monitoring", "552629ed", "stderr"], "values": [{"value": "\r 97%|\u2588\u2588\u2588\u2588\u2588\u2588\u2588\u2588\u2588\u2588\u2588\u2588\u2588\u2588\u2588\u2588\u2588\u2588\u2588\u2588\u2588\u2588\u2588\u2588\u2588\u2588\u2588\u2588\u2588\u2588\u2588\u2588\u2588\u2588\u2588\u2588\u2588\u2588\u2588\u2588\u2588\u2588\u2588\u2588\u2588\u2588\u2588\u2588\u2588\u2588\u2588\u2588\u2588\u2588\u2588\u2588\u2588\u2588\u2588\u2588\u2588\u2588\u2588\u2588\u2588\u2588\u2588\u2588\u2588\u2588\u2588\u2588\u2588\u2588\u2588\u2588\u2588\u2588\u2588\u2588\u2588\u2588\u2588\u2588\u2588\u2588\u2588\u2588\u2588\u2588\u2588\u2588\u2588\u2588\u2588\u2588\u2588\u2588\u2588\u2588\u2588\u2588\u2588\u2588\u2588\u2588\u2588\u2588\u2588\u2588\u2588\u2588\u2588\u2588\u2588\u2588\u2588\u2588\u2588\u2588\u2588\u2588\u2588\u2588\u2588\u2588\u2588\u2588\u2588\u2588\u2588\u2588\u2588\u2588\u2588\u2588\u2588\u2588\u2588\u2588\u2588\u2588\u2588\u258f    | 970/1003 [00:14<00:00, 64.95it/s]", "step": null, "ts": 1730799781.2955894}]}, "version": 935, "at": 1730799781.295676}
{"obj": {"type": "LogStrings", "path": ["monitoring", "552629ed", "stderr"], "values": [{"value": "\r 97%|\u2588\u2588\u2588\u2588\u2588\u2588\u2588\u2588\u2588\u2588\u2588\u2588\u2588\u2588\u2588\u2588\u2588\u2588\u2588\u2588\u2588\u2588\u2588\u2588\u2588\u2588\u2588\u2588\u2588\u2588\u2588\u2588\u2588\u2588\u2588\u2588\u2588\u2588\u2588\u2588\u2588\u2588\u2588\u2588\u2588\u2588\u2588\u2588\u2588\u2588\u2588\u2588\u2588\u2588\u2588\u2588\u2588\u2588\u2588\u2588\u2588\u2588\u2588\u2588\u2588\u2588\u2588\u2588\u2588\u2588\u2588\u2588\u2588\u2588\u2588\u2588\u2588\u2588\u2588\u2588\u2588\u2588\u2588\u2588\u2588\u2588\u2588\u2588\u2588\u2588\u2588\u2588\u2588\u2588\u2588\u2588\u2588\u2588\u2588\u2588\u2588\u2588\u2588\u2588\u2588\u2588\u2588\u2588\u2588\u2588\u2588\u2588\u2588\u2588\u2588\u2588\u2588\u2588\u2588\u2588\u2588\u2588\u2588\u2588\u2588\u2588\u2588\u2588\u2588\u2588\u2588\u2588\u2588\u2588\u2588\u2588\u2588\u2588\u2588\u2588\u2588\u2588\u2588\u2588\u258f   | 977/1003 [00:14<00:00, 65.29it/s]", "step": null, "ts": 1730799781.4014642}]}, "version": 936, "at": 1730799781.4015386}
{"obj": {"type": "LogStrings", "path": ["monitoring", "552629ed", "stderr"], "values": [{"value": "\r 98%|\u2588\u2588\u2588\u2588\u2588\u2588\u2588\u2588\u2588\u2588\u2588\u2588\u2588\u2588\u2588\u2588\u2588\u2588\u2588\u2588\u2588\u2588\u2588\u2588\u2588\u2588\u2588\u2588\u2588\u2588\u2588\u2588\u2588\u2588\u2588\u2588\u2588\u2588\u2588\u2588\u2588\u2588\u2588\u2588\u2588\u2588\u2588\u2588\u2588\u2588\u2588\u2588\u2588\u2588\u2588\u2588\u2588\u2588\u2588\u2588\u2588\u2588\u2588\u2588\u2588\u2588\u2588\u2588\u2588\u2588\u2588\u2588\u2588\u2588\u2588\u2588\u2588\u2588\u2588\u2588\u2588\u2588\u2588\u2588\u2588\u2588\u2588\u2588\u2588\u2588\u2588\u2588\u2588\u2588\u2588\u2588\u2588\u2588\u2588\u2588\u2588\u2588\u2588\u2588\u2588\u2588\u2588\u2588\u2588\u2588\u2588\u2588\u2588\u2588\u2588\u2588\u2588\u2588\u2588\u2588\u2588\u2588\u2588\u2588\u2588\u2588\u2588\u2588\u2588\u2588\u2588\u2588\u2588\u2588\u2588\u2588\u2588\u2588\u2588\u2588\u2588\u2588\u2588\u2588\u2588\u258f  | 984/1003 [00:14<00:00, 65.10it/s]", "step": null, "ts": 1730799781.509708}]}, "version": 937, "at": 1730799781.5097861}
{"obj": {"type": "LogStrings", "path": ["monitoring", "552629ed", "stderr"], "values": [{"value": "\r 99%|\u2588\u2588\u2588\u2588\u2588\u2588\u2588\u2588\u2588\u2588\u2588\u2588\u2588\u2588\u2588\u2588\u2588\u2588\u2588\u2588\u2588\u2588\u2588\u2588\u2588\u2588\u2588\u2588\u2588\u2588\u2588\u2588\u2588\u2588\u2588\u2588\u2588\u2588\u2588\u2588\u2588\u2588\u2588\u2588\u2588\u2588\u2588\u2588\u2588\u2588\u2588\u2588\u2588\u2588\u2588\u2588\u2588\u2588\u2588\u2588\u2588\u2588\u2588\u2588\u2588\u2588\u2588\u2588\u2588\u2588\u2588\u2588\u2588\u2588\u2588\u2588\u2588\u2588\u2588\u2588\u2588\u2588\u2588\u2588\u2588\u2588\u2588\u2588\u2588\u2588\u2588\u2588\u2588\u2588\u2588\u2588\u2588\u2588\u2588\u2588\u2588\u2588\u2588\u2588\u2588\u2588\u2588\u2588\u2588\u2588\u2588\u2588\u2588\u2588\u2588\u2588\u2588\u2588\u2588\u2588\u2588\u2588\u2588\u2588\u2588\u2588\u2588\u2588\u2588\u2588\u2588\u2588\u2588\u2588\u2588\u2588\u2588\u2588\u2588\u2588\u2588\u2588\u2588\u2588\u2588\u2588\u258f | 991/1003 [00:14<00:00, 65.85it/s]", "step": null, "ts": 1730799781.6131635}]}, "version": 938, "at": 1730799781.61324}
{"obj": {"type": "LogStrings", "path": ["monitoring", "552629ed", "stderr"], "values": [{"value": "\r100%|\u2588\u2588\u2588\u2588\u2588\u2588\u2588\u2588\u2588\u2588\u2588\u2588\u2588\u2588\u2588\u2588\u2588\u2588\u2588\u2588\u2588\u2588\u2588\u2588\u2588\u2588\u2588\u2588\u2588\u2588\u2588\u2588\u2588\u2588\u2588\u2588\u2588\u2588\u2588\u2588\u2588\u2588\u2588\u2588\u2588\u2588\u2588\u2588\u2588\u2588\u2588\u2588\u2588\u2588\u2588\u2588\u2588\u2588\u2588\u2588\u2588\u2588\u2588\u2588\u2588\u2588\u2588\u2588\u2588\u2588\u2588\u2588\u2588\u2588\u2588\u2588\u2588\u2588\u2588\u2588\u2588\u2588\u2588\u2588\u2588\u2588\u2588\u2588\u2588\u2588\u2588\u2588\u2588\u2588\u2588\u2588\u2588\u2588\u2588\u2588\u2588\u2588\u2588\u2588\u2588\u2588\u2588\u2588\u2588\u2588\u2588\u2588\u2588\u2588\u2588\u2588\u2588\u2588\u2588\u2588\u2588\u2588\u2588\u2588\u2588\u2588\u2588\u2588\u2588\u2588\u2588\u2588\u2588\u2588\u2588\u2588\u2588\u2588\u2588\u2588\u2588\u2588\u2588\u2588\u2588\u2588\u2588\u258e| 998/1003 [00:14<00:00, 65.57it/s]", "step": null, "ts": 1730799781.7210257}]}, "version": 939, "at": 1730799781.721105}
{"obj": {"type": "LogStrings", "path": ["monitoring", "552629ed", "stderr"], "values": [{"value": "", "step": null, "ts": 1730799781.7989197}]}, "version": 940, "at": 1730799781.798976}
{"obj": {"type": "LogStrings", "path": ["monitoring", "552629ed", "stderr"], "values": [{"value": "\r100%|\u2588\u2588\u2588\u2588\u2588\u2588\u2588\u2588\u2588\u2588\u2588\u2588\u2588\u2588\u2588\u2588\u2588\u2588\u2588\u2588\u2588\u2588\u2588\u2588\u2588\u2588\u2588\u2588\u2588\u2588\u2588\u2588\u2588\u2588\u2588\u2588\u2588\u2588\u2588\u2588\u2588\u2588\u2588\u2588\u2588\u2588\u2588\u2588\u2588\u2588\u2588\u2588\u2588\u2588\u2588\u2588\u2588\u2588\u2588\u2588\u2588\u2588\u2588\u2588\u2588\u2588\u2588\u2588\u2588\u2588\u2588\u2588\u2588\u2588\u2588\u2588\u2588\u2588\u2588\u2588\u2588\u2588\u2588\u2588\u2588\u2588\u2588\u2588\u2588\u2588\u2588\u2588\u2588\u2588\u2588\u2588\u2588\u2588\u2588\u2588\u2588\u2588\u2588\u2588\u2588\u2588\u2588\u2588\u2588\u2588\u2588\u2588\u2588\u2588\u2588\u2588\u2588\u2588\u2588\u2588\u2588\u2588\u2588\u2588\u2588\u2588\u2588\u2588\u2588\u2588\u2588\u2588\u2588\u2588\u2588\u2588\u2588\u2588\u2588\u2588\u2588\u2588\u2588\u2588\u2588\u2588\u2588| 1003/1003 [00:14<00:00, 67.07it/s]", "step": null, "ts": 1730799781.7995296}]}, "version": 941, "at": 1730799781.7995772}
{"obj": {"type": "LogStrings", "path": ["monitoring", "552629ed", "stderr"], "values": [{"value": "\n", "step": null, "ts": 1730799781.8001626}]}, "version": 942, "at": 1730799781.8002064}
{"obj": {"type": "LogFloats", "path": ["monitoring", "552629ed", "cpu"], "values": [{"value": 40.3, "step": null, "ts": 1730799786.8147507}]}, "version": 943, "at": 1730799786.8170192}
{"obj": {"type": "LogFloats", "path": ["monitoring", "552629ed", "memory"], "values": [{"value": 10.685009002685547, "step": null, "ts": 1730799786.8147507}]}, "version": 944, "at": 1730799786.817195}
{"obj": {"type": "LogFloats", "path": ["monitoring", "552629ed", "gpu"], "values": [{"value": 24.0, "step": null, "ts": 1730799786.8147507}]}, "version": 945, "at": 1730799786.8172886}
{"obj": {"type": "LogFloats", "path": ["monitoring", "552629ed", "gpu_memory"], "values": [{"value": 1.07916259765625, "step": null, "ts": 1730799786.8147507}]}, "version": 946, "at": 1730799786.8173816}
{"obj": {"type": "LogFloats", "path": ["monitoring", "552629ed", "gpu_power"], "values": [{"value": 51.536, "step": null, "ts": 1730799786.8147507}]}, "version": 947, "at": 1730799786.8174787}
{"obj": {"type": "LogStrings", "path": ["monitoring", "552629ed", "stdout"], "values": [{"value": "[6/21]", "step": null, "ts": 1730799788.3436527}]}, "version": 948, "at": 1730799788.343707}
{"obj": {"type": "LogStrings", "path": ["monitoring", "552629ed", "stderr"], "values": [{"value": "\r  0%|                                                                                                                                                              | 0/1279 [00:00<?, ?it/s]", "step": null, "ts": 1730799788.3442988}]}, "version": 949, "at": 1730799788.344391}
{"obj": {"type": "LogStrings", "path": ["monitoring", "552629ed", "stdout"], "values": [{"value": "\n", "step": null, "ts": 1730799788.3446796}]}, "version": 950, "at": 1730799788.3447216}
{"obj": {"type": "LogStrings", "path": ["monitoring", "552629ed", "stderr"], "values": [{"value": "\r  0%|\u258b                                                                                                                                                     | 6/1279 [00:00<00:22, 56.68it/s]", "step": null, "ts": 1730799788.4501271}]}, "version": 951, "at": 1730799788.4502904}
{"obj": {"type": "LogStrings", "path": ["monitoring", "552629ed", "stderr"], "values": [{"value": "\r  1%|\u2588\u258d                                                                                                                                                   | 12/1279 [00:00<00:22, 57.08it/s]", "step": null, "ts": 1730799788.5547154}]}, "version": 952, "at": 1730799788.5548024}
{"obj": {"type": "LogStrings", "path": ["monitoring", "552629ed", "stderr"], "values": [{"value": "\r  1%|\u2588\u2588\u258f                                                                                                                                                  | 19/1279 [00:00<00:20, 60.11it/s]", "step": null, "ts": 1730799788.664793}]}, "version": 953, "at": 1730799788.6648834}
{"obj": {"type": "LogStrings", "path": ["monitoring", "552629ed", "stderr"], "values": [{"value": "\r  2%|\u2588\u2588\u2588                                                                                                                                                  | 26/1279 [00:00<00:19, 62.79it/s]", "step": null, "ts": 1730799788.769274}]}, "version": 954, "at": 1730799788.7693553}
{"obj": {"type": "LogStrings", "path": ["monitoring", "552629ed", "stderr"], "values": [{"value": "\r  3%|\u2588\u2588\u2588\u258a                                                                                                                                                 | 33/1279 [00:00<00:19, 64.74it/s]", "step": null, "ts": 1730799788.871776}]}, "version": 955, "at": 1730799788.8718681}
{"obj": {"type": "LogStrings", "path": ["monitoring", "552629ed", "stderr"], "values": [{"value": "\r  3%|\u2588\u2588\u2588\u2588\u258b                                                                                                                                                | 40/1279 [00:00<00:19, 65.07it/s]", "step": null, "ts": 1730799788.9782295}]}, "version": 956, "at": 1730799788.9782894}
{"obj": {"type": "LogStrings", "path": ["monitoring", "552629ed", "stderr"], "values": [{"value": "\r  4%|\u2588\u2588\u2588\u2588\u2588\u258d                                                                                                                                               | 47/1279 [00:00<00:18, 65.67it/s]", "step": null, "ts": 1730799789.0829391}]}, "version": 957, "at": 1730799789.083039}
{"obj": {"type": "LogStrings", "path": ["monitoring", "552629ed", "stderr"], "values": [{"value": "\r  4%|\u2588\u2588\u2588\u2588\u2588\u2588\u258e                                                                                                                                              | 54/1279 [00:00<00:18, 65.87it/s]", "step": null, "ts": 1730799789.1884694}]}, "version": 958, "at": 1730799789.188552}
{"obj": {"type": "LogStrings", "path": ["monitoring", "552629ed", "stderr"], "values": [{"value": "\r  5%|\u2588\u2588\u2588\u2588\u2588\u2588\u2588                                                                                                                                              | 61/1279 [00:00<00:18, 66.34it/s]", "step": null, "ts": 1730799789.2923448}]}, "version": 959, "at": 1730799789.2924554}
{"obj": {"type": "LogStrings", "path": ["monitoring", "552629ed", "stderr"], "values": [{"value": "\r  5%|\u2588\u2588\u2588\u2588\u2588\u2588\u2588\u2589                                                                                                                                             | 68/1279 [00:01<00:18, 66.68it/s]", "step": null, "ts": 1730799789.396161}]}, "version": 960, "at": 1730799789.3962686}
{"obj": {"type": "LogStrings", "path": ["monitoring", "552629ed", "stderr"], "values": [{"value": "\r  6%|\u2588\u2588\u2588\u2588\u2588\u2588\u2588\u2588\u258b                                                                                                                                            | 75/1279 [00:01<00:17, 66.96it/s]", "step": null, "ts": 1730799789.4996915}]}, "version": 961, "at": 1730799789.4997847}
{"obj": {"type": "LogStrings", "path": ["monitoring", "552629ed", "stderr"], "values": [{"value": "\r  6%|\u2588\u2588\u2588\u2588\u2588\u2588\u2588\u2588\u2588\u258c                                                                                                                                           | 82/1279 [00:01<00:17, 67.48it/s]", "step": null, "ts": 1730799789.6015675}]}, "version": 962, "at": 1730799789.60164}
{"obj": {"type": "LogStrings", "path": ["monitoring", "552629ed", "stderr"], "values": [{"value": "\r  7%|\u2588\u2588\u2588\u2588\u2588\u2588\u2588\u2588\u2588\u2588\u258d                                                                                                                                          | 90/1279 [00:01<00:17, 69.50it/s]", "step": null, "ts": 1730799789.709758}]}, "version": 963, "at": 1730799789.709851}
{"obj": {"type": "LogStrings", "path": ["monitoring", "552629ed", "stderr"], "values": [{"value": "\r  8%|\u2588\u2588\u2588\u2588\u2588\u2588\u2588\u2588\u2588\u2588\u2588\u258e                                                                                                                                         | 97/1279 [00:01<00:20, 56.35it/s]", "step": null, "ts": 1730799789.890588}]}, "version": 964, "at": 1730799789.890685}
{"obj": {"type": "LogStrings", "path": ["monitoring", "552629ed", "stderr"], "values": [{"value": "\r  8%|\u2588\u2588\u2588\u2588\u2588\u2588\u2588\u2588\u2588\u2588\u2588\u2588\u258f                                                                                                                                       | 105/1279 [00:01<00:19, 60.97it/s]", "step": null, "ts": 1730799789.9993467}]}, "version": 965, "at": 1730799789.9994256}
{"obj": {"type": "LogStrings", "path": ["monitoring", "552629ed", "stderr"], "values": [{"value": "\r  9%|\u2588\u2588\u2588\u2588\u2588\u2588\u2588\u2588\u2588\u2588\u2588\u2588\u2588                                                                                                                                       | 113/1279 [00:01<00:18, 64.48it/s]", "step": null, "ts": 1730799790.1079414}]}, "version": 966, "at": 1730799790.1080124}
{"obj": {"type": "LogStrings", "path": ["monitoring", "552629ed", "stderr"], "values": [{"value": "\r  9%|\u2588\u2588\u2588\u2588\u2588\u2588\u2588\u2588\u2588\u2588\u2588\u2588\u2588\u2588                                                                                                                                      | 121/1279 [00:01<00:17, 67.29it/s]", "step": null, "ts": 1730799790.2154472}]}, "version": 967, "at": 1730799790.2155244}
{"obj": {"type": "LogStrings", "path": ["monitoring", "552629ed", "stderr"], "values": [{"value": "\r 10%|\u2588\u2588\u2588\u2588\u2588\u2588\u2588\u2588\u2588\u2588\u2588\u2588\u2588\u2588\u2589                                                                                                                                     | 129/1279 [00:01<00:16, 69.36it/s]", "step": null, "ts": 1730799790.3227355}]}, "version": 968, "at": 1730799790.3228228}
{"obj": {"type": "LogStrings", "path": ["monitoring", "552629ed", "stderr"], "values": [{"value": "\r 11%|\u2588\u2588\u2588\u2588\u2588\u2588\u2588\u2588\u2588\u2588\u2588\u2588\u2588\u2588\u2588\u258a                                                                                                                                    | 137/1279 [00:02<00:16, 69.81it/s]", "step": null, "ts": 1730799790.435663}]}, "version": 969, "at": 1730799790.4357352}
{"obj": {"type": "LogStrings", "path": ["monitoring", "552629ed", "stderr"], "values": [{"value": "\r 11%|\u2588\u2588\u2588\u2588\u2588\u2588\u2588\u2588\u2588\u2588\u2588\u2588\u2588\u2588\u2588\u2588\u258a                                                                                                                                   | 145/1279 [00:02<00:16, 70.42it/s]", "step": null, "ts": 1730799790.5470304}]}, "version": 970, "at": 1730799790.5471275}
{"obj": {"type": "LogStrings", "path": ["monitoring", "552629ed", "stderr"], "values": [{"value": "\r 12%|\u2588\u2588\u2588\u2588\u2588\u2588\u2588\u2588\u2588\u2588\u2588\u2588\u2588\u2588\u2588\u2588\u2588\u258b                                                                                                                                  | 153/1279 [00:02<00:16, 68.69it/s]", "step": null, "ts": 1730799790.6700313}]}, "version": 971, "at": 1730799790.670097}
{"obj": {"type": "LogStrings", "path": ["monitoring", "552629ed", "stderr"], "values": [{"value": "\r 13%|\u2588\u2588\u2588\u2588\u2588\u2588\u2588\u2588\u2588\u2588\u2588\u2588\u2588\u2588\u2588\u2588\u2588\u2588\u258c                                                                                                                                 | 160/1279 [00:02<00:16, 68.01it/s]", "step": null, "ts": 1730799790.7756877}]}, "version": 972, "at": 1730799790.775757}
{"obj": {"type": "LogStrings", "path": ["monitoring", "552629ed", "stderr"], "values": [{"value": "\r 13%|\u2588\u2588\u2588\u2588\u2588\u2588\u2588\u2588\u2588\u2588\u2588\u2588\u2588\u2588\u2588\u2588\u2588\u2588\u2588\u258e                                                                                                                                | 167/1279 [00:02<00:18, 59.79it/s]", "step": null, "ts": 1730799790.928965}]}, "version": 973, "at": 1730799790.9290504}
{"obj": {"type": "LogStrings", "path": ["monitoring", "552629ed", "stderr"], "values": [{"value": "\r 14%|\u2588\u2588\u2588\u2588\u2588\u2588\u2588\u2588\u2588\u2588\u2588\u2588\u2588\u2588\u2588\u2588\u2588\u2588\u2588\u2588\u258f                                                                                                                               | 174/1279 [00:02<00:17, 61.49it/s]", "step": null, "ts": 1730799791.0346663}]}, "version": 974, "at": 1730799791.0347683}
{"obj": {"type": "LogStrings", "path": ["monitoring", "552629ed", "stderr"], "values": [{"value": "\r 14%|\u2588\u2588\u2588\u2588\u2588\u2588\u2588\u2588\u2588\u2588\u2588\u2588\u2588\u2588\u2588\u2588\u2588\u2588\u2588\u2588\u2589                                                                                                                               | 181/1279 [00:02<00:17, 62.40it/s]", "step": null, "ts": 1730799791.142729}]}, "version": 975, "at": 1730799791.1428194}
{"obj": {"type": "LogStrings", "path": ["monitoring", "552629ed", "stderr"], "values": [{"value": "\r 15%|\u2588\u2588\u2588\u2588\u2588\u2588\u2588\u2588\u2588\u2588\u2588\u2588\u2588\u2588\u2588\u2588\u2588\u2588\u2588\u2588\u2588\u258a                                                                                                                              | 188/1279 [00:02<00:17, 63.39it/s]", "step": null, "ts": 1730799791.2489853}]}, "version": 976, "at": 1730799791.2490678}
{"obj": {"type": "LogStrings", "path": ["monitoring", "552629ed", "stderr"], "values": [{"value": "\r 15%|\u2588\u2588\u2588\u2588\u2588\u2588\u2588\u2588\u2588\u2588\u2588\u2588\u2588\u2588\u2588\u2588\u2588\u2588\u2588\u2588\u2588\u2588\u258c                                                                                                                             | 195/1279 [00:03<00:16, 64.17it/s]", "step": null, "ts": 1730799791.354888}]}, "version": 977, "at": 1730799791.35498}
{"obj": {"type": "LogStrings", "path": ["monitoring", "552629ed", "stderr"], "values": [{"value": "\r 16%|\u2588\u2588\u2588\u2588\u2588\u2588\u2588\u2588\u2588\u2588\u2588\u2588\u2588\u2588\u2588\u2588\u2588\u2588\u2588\u2588\u2588\u2588\u2588\u258e                                                                                                                            | 202/1279 [00:03<00:16, 65.21it/s]", "step": null, "ts": 1730799791.4580562}]}, "version": 978, "at": 1730799791.4581602}
{"obj": {"type": "LogStrings", "path": ["monitoring", "552629ed", "stderr"], "values": [{"value": "\r 16%|\u2588\u2588\u2588\u2588\u2588\u2588\u2588\u2588\u2588\u2588\u2588\u2588\u2588\u2588\u2588\u2588\u2588\u2588\u2588\u2588\u2588\u2588\u2588\u2588\u258f                                                                                                                           | 209/1279 [00:03<00:16, 65.64it/s]", "step": null, "ts": 1730799791.5630429}]}, "version": 979, "at": 1730799791.56312}
{"obj": {"type": "LogStrings", "path": ["monitoring", "552629ed", "stderr"], "values": [{"value": "\r 17%|\u2588\u2588\u2588\u2588\u2588\u2588\u2588\u2588\u2588\u2588\u2588\u2588\u2588\u2588\u2588\u2588\u2588\u2588\u2588\u2588\u2588\u2588\u2588\u2588\u2589                                                                                                                           | 216/1279 [00:03<00:16, 65.75it/s]", "step": null, "ts": 1730799791.6690652}]}, "version": 980, "at": 1730799791.6691508}
{"obj": {"type": "LogStrings", "path": ["monitoring", "552629ed", "stderr"], "values": [{"value": "\r 17%|\u2588\u2588\u2588\u2588\u2588\u2588\u2588\u2588\u2588\u2588\u2588\u2588\u2588\u2588\u2588\u2588\u2588\u2588\u2588\u2588\u2588\u2588\u2588\u2588\u2588\u258a                                                                                                                          | 223/1279 [00:03<00:15, 66.26it/s]", "step": null, "ts": 1730799791.7728264}]}, "version": 981, "at": 1730799791.7729173}
{"obj": {"type": "LogStrings", "path": ["monitoring", "552629ed", "stderr"], "values": [{"value": "\r 18%|\u2588\u2588\u2588\u2588\u2588\u2588\u2588\u2588\u2588\u2588\u2588\u2588\u2588\u2588\u2588\u2588\u2588\u2588\u2588\u2588\u2588\u2588\u2588\u2588\u2588\u2588\u258c                                                                                                                         | 230/1279 [00:03<00:15, 67.08it/s]", "step": null, "ts": 1730799791.8740993}]}, "version": 982, "at": 1730799791.8741858}
{"obj": {"type": "LogStrings", "path": ["monitoring", "552629ed", "stderr"], "values": [{"value": "\r 19%|\u2588\u2588\u2588\u2588\u2588\u2588\u2588\u2588\u2588\u2588\u2588\u2588\u2588\u2588\u2588\u2588\u2588\u2588\u2588\u2588\u2588\u2588\u2588\u2588\u2588\u2588\u2588\u258c                                                                                                                        | 238/1279 [00:03<00:15, 68.98it/s]", "step": null, "ts": 1730799791.9834595}]}, "version": 983, "at": 1730799791.9835594}
{"obj": {"type": "LogStrings", "path": ["monitoring", "552629ed", "stderr"], "values": [{"value": "\r 19%|\u2588\u2588\u2588\u2588\u2588\u2588\u2588\u2588\u2588\u2588\u2588\u2588\u2588\u2588\u2588\u2588\u2588\u2588\u2588\u2588\u2588\u2588\u2588\u2588\u2588\u2588\u2588\u2588\u258e                                                                                                                       | 245/1279 [00:03<00:15, 68.66it/s]", "step": null, "ts": 1730799792.0864835}]}, "version": 984, "at": 1730799792.0865664}
{"obj": {"type": "LogStrings", "path": ["monitoring", "552629ed", "stderr"], "values": [{"value": "\r 20%|\u2588\u2588\u2588\u2588\u2588\u2588\u2588\u2588\u2588\u2588\u2588\u2588\u2588\u2588\u2588\u2588\u2588\u2588\u2588\u2588\u2588\u2588\u2588\u2588\u2588\u2588\u2588\u2588\u2588\u258e                                                                                                                      | 253/1279 [00:03<00:14, 69.64it/s]", "step": null, "ts": 1730799792.1978993}]}, "version": 985, "at": 1730799792.1979809}
{"obj": {"type": "LogStrings", "path": ["monitoring", "552629ed", "stderr"], "values": [{"value": "\r 20%|\u2588\u2588\u2588\u2588\u2588\u2588\u2588\u2588\u2588\u2588\u2588\u2588\u2588\u2588\u2588\u2588\u2588\u2588\u2588\u2588\u2588\u2588\u2588\u2588\u2588\u2588\u2588\u2588\u2588\u2588\u258f                                                                                                                     | 261/1279 [00:03<00:14, 70.95it/s]", "step": null, "ts": 1730799792.3060288}]}, "version": 986, "at": 1730799792.3060992}
{"obj": {"type": "LogStrings", "path": ["monitoring", "552629ed", "stderr"], "values": [{"value": "\r 21%|\u2588\u2588\u2588\u2588\u2588\u2588\u2588\u2588\u2588\u2588\u2588\u2588\u2588\u2588\u2588\u2588\u2588\u2588\u2588\u2588\u2588\u2588\u2588\u2588\u2588\u2588\u2588\u2588\u2588\u2588\u2588\u258f                                                                                                                    | 269/1279 [00:04<00:14, 71.86it/s]", "step": null, "ts": 1730799792.4142342}]}, "version": 987, "at": 1730799792.4143007}
{"obj": {"type": "LogStrings", "path": ["monitoring", "552629ed", "stderr"], "values": [{"value": "\r 22%|\u2588\u2588\u2588\u2588\u2588\u2588\u2588\u2588\u2588\u2588\u2588\u2588\u2588\u2588\u2588\u2588\u2588\u2588\u2588\u2588\u2588\u2588\u2588\u2588\u2588\u2588\u2588\u2588\u2588\u2588\u2588\u2588                                                                                                                    | 277/1279 [00:04<00:13, 71.59it/s]", "step": null, "ts": 1730799792.5268505}]}, "version": 988, "at": 1730799792.5269325}
{"obj": {"type": "LogStrings", "path": ["monitoring", "552629ed", "stderr"], "values": [{"value": "\r 22%|\u2588\u2588\u2588\u2588\u2588\u2588\u2588\u2588\u2588\u2588\u2588\u2588\u2588\u2588\u2588\u2588\u2588\u2588\u2588\u2588\u2588\u2588\u2588\u2588\u2588\u2588\u2588\u2588\u2588\u2588\u2588\u2588\u2589                                                                                                                   | 285/1279 [00:04<00:13, 72.30it/s]", "step": null, "ts": 1730799792.6350586}]}, "version": 989, "at": 1730799792.6351316}
{"obj": {"type": "LogStrings", "path": ["monitoring", "552629ed", "stderr"], "values": [{"value": "\r 23%|\u2588\u2588\u2588\u2588\u2588\u2588\u2588\u2588\u2588\u2588\u2588\u2588\u2588\u2588\u2588\u2588\u2588\u2588\u2588\u2588\u2588\u2588\u2588\u2588\u2588\u2588\u2588\u2588\u2588\u2588\u2588\u2588\u2588\u2589                                                                                                                  | 293/1279 [00:04<00:13, 72.88it/s]", "step": null, "ts": 1730799792.7428062}]}, "version": 990, "at": 1730799792.742876}
{"obj": {"type": "LogStrings", "path": ["monitoring", "552629ed", "stderr"], "values": [{"value": "\r 24%|\u2588\u2588\u2588\u2588\u2588\u2588\u2588\u2588\u2588\u2588\u2588\u2588\u2588\u2588\u2588\u2588\u2588\u2588\u2588\u2588\u2588\u2588\u2588\u2588\u2588\u2588\u2588\u2588\u2588\u2588\u2588\u2588\u2588\u2588\u258a                                                                                                                 | 301/1279 [00:04<00:13, 73.22it/s]", "step": null, "ts": 1730799792.8508744}]}, "version": 991, "at": 1730799792.8509505}
{"obj": {"type": "LogStrings", "path": ["monitoring", "552629ed", "stderr"], "values": [{"value": "\r 24%|\u2588\u2588\u2588\u2588\u2588\u2588\u2588\u2588\u2588\u2588\u2588\u2588\u2588\u2588\u2588\u2588\u2588\u2588\u2588\u2588\u2588\u2588\u2588\u2588\u2588\u2588\u2588\u2588\u2588\u2588\u2588\u2588\u2588\u2588\u2588\u258a                                                                                                                | 309/1279 [00:04<00:13, 73.87it/s]", "step": null, "ts": 1730799792.9570174}]}, "version": 992, "at": 1730799792.9571617}
{"obj": {"type": "LogStrings", "path": ["monitoring", "552629ed", "stderr"], "values": [{"value": "\r 25%|\u2588\u2588\u2588\u2588\u2588\u2588\u2588\u2588\u2588\u2588\u2588\u2588\u2588\u2588\u2588\u2588\u2588\u2588\u2588\u2588\u2588\u2588\u2588\u2588\u2588\u2588\u2588\u2588\u2588\u2588\u2588\u2588\u2588\u2588\u2588\u2588\u258b                                                                                                               | 317/1279 [00:04<00:13, 72.01it/s]", "step": null, "ts": 1730799793.0746536}]}, "version": 993, "at": 1730799793.07478}
{"obj": {"type": "LogStrings", "path": ["monitoring", "552629ed", "stderr"], "values": [{"value": "\r 25%|\u2588\u2588\u2588\u2588\u2588\u2588\u2588\u2588\u2588\u2588\u2588\u2588\u2588\u2588\u2588\u2588\u2588\u2588\u2588\u2588\u2588\u2588\u2588\u2588\u2588\u2588\u2588\u2588\u2588\u2588\u2588\u2588\u2588\u2588\u2588\u2588\u2588\u258c                                                                                                              | 325/1279 [00:04<00:13, 71.06it/s]", "step": null, "ts": 1730799793.190698}]}, "version": 994, "at": 1730799793.1908135}
{"obj": {"type": "LogStrings", "path": ["monitoring", "552629ed", "stderr"], "values": [{"value": "\r 26%|\u2588\u2588\u2588\u2588\u2588\u2588\u2588\u2588\u2588\u2588\u2588\u2588\u2588\u2588\u2588\u2588\u2588\u2588\u2588\u2588\u2588\u2588\u2588\u2588\u2588\u2588\u2588\u2588\u2588\u2588\u2588\u2588\u2588\u2588\u2588\u2588\u2588\u2588\u258c                                                                                                             | 333/1279 [00:04<00:13, 70.30it/s]", "step": null, "ts": 1730799793.3073876}]}, "version": 995, "at": 1730799793.3075402}
{"obj": {"type": "LogStrings", "path": ["monitoring", "552629ed", "stderr"], "values": [{"value": "\r 27%|\u2588\u2588\u2588\u2588\u2588\u2588\u2588\u2588\u2588\u2588\u2588\u2588\u2588\u2588\u2588\u2588\u2588\u2588\u2588\u2588\u2588\u2588\u2588\u2588\u2588\u2588\u2588\u2588\u2588\u2588\u2588\u2588\u2588\u2588\u2588\u2588\u2588\u2588\u2588\u258d                                                                                                            | 341/1279 [00:05<00:13, 69.82it/s]", "step": null, "ts": 1730799793.4236841}]}, "version": 996, "at": 1730799793.4237866}
{"obj": {"type": "LogStrings", "path": ["monitoring", "552629ed", "stderr"], "values": [{"value": "\r 27%|\u2588\u2588\u2588\u2588\u2588\u2588\u2588\u2588\u2588\u2588\u2588\u2588\u2588\u2588\u2588\u2588\u2588\u2588\u2588\u2588\u2588\u2588\u2588\u2588\u2588\u2588\u2588\u2588\u2588\u2588\u2588\u2588\u2588\u2588\u2588\u2588\u2588\u2588\u2588\u2588\u258d                                                                                                           | 349/1279 [00:05<00:13, 69.85it/s]", "step": null, "ts": 1730799793.5380082}]}, "version": 997, "at": 1730799793.5381238}
{"obj": {"type": "LogStrings", "path": ["monitoring", "552629ed", "stderr"], "values": [{"value": "\r 28%|\u2588\u2588\u2588\u2588\u2588\u2588\u2588\u2588\u2588\u2588\u2588\u2588\u2588\u2588\u2588\u2588\u2588\u2588\u2588\u2588\u2588\u2588\u2588\u2588\u2588\u2588\u2588\u2588\u2588\u2588\u2588\u2588\u2588\u2588\u2588\u2588\u2588\u2588\u2588\u2588\u2588\u258f                                                                                                          | 356/1279 [00:05<00:13, 69.13it/s]", "step": null, "ts": 1730799793.6431432}]}, "version": 998, "at": 1730799793.6435113}
{"obj": {"type": "LogStrings", "path": ["monitoring", "552629ed", "stderr"], "values": [{"value": "\r 28%|\u2588\u2588\u2588\u2588\u2588\u2588\u2588\u2588\u2588\u2588\u2588\u2588\u2588\u2588\u2588\u2588\u2588\u2588\u2588\u2588\u2588\u2588\u2588\u2588\u2588\u2588\u2588\u2588\u2588\u2588\u2588\u2588\u2588\u2588\u2588\u2588\u2588\u2588\u2588\u2588\u2588\u2588                                                                                                          | 363/1279 [00:05<00:13, 68.81it/s]", "step": null, "ts": 1730799793.745127}]}, "version": 999, "at": 1730799793.7452464}
{"obj": {"type": "LogStrings", "path": ["monitoring", "552629ed", "stderr"], "values": [{"value": "\r 29%|\u2588\u2588\u2588\u2588\u2588\u2588\u2588\u2588\u2588\u2588\u2588\u2588\u2588\u2588\u2588\u2588\u2588\u2588\u2588\u2588\u2588\u2588\u2588\u2588\u2588\u2588\u2588\u2588\u2588\u2588\u2588\u2588\u2588\u2588\u2588\u2588\u2588\u2588\u2588\u2588\u2588\u2588\u258a                                                                                                         | 370/1279 [00:05<00:13, 68.85it/s]", "step": null, "ts": 1730799793.8469343}]}, "version": 1000, "at": 1730799793.8470488}
{"obj": {"type": "LogStrings", "path": ["monitoring", "552629ed", "stderr"], "values": [{"value": "\r 29%|\u2588\u2588\u2588\u2588\u2588\u2588\u2588\u2588\u2588\u2588\u2588\u2588\u2588\u2588\u2588\u2588\u2588\u2588\u2588\u2588\u2588\u2588\u2588\u2588\u2588\u2588\u2588\u2588\u2588\u2588\u2588\u2588\u2588\u2588\u2588\u2588\u2588\u2588\u2588\u2588\u2588\u2588\u2588\u258c                                                                                                        | 377/1279 [00:05<00:16, 54.57it/s]", "step": null, "ts": 1730799794.0400996}]}, "version": 1001, "at": 1730799794.0401878}
{"obj": {"type": "LogStrings", "path": ["monitoring", "552629ed", "stderr"], "values": [{"value": "\r 30%|\u2588\u2588\u2588\u2588\u2588\u2588\u2588\u2588\u2588\u2588\u2588\u2588\u2588\u2588\u2588\u2588\u2588\u2588\u2588\u2588\u2588\u2588\u2588\u2588\u2588\u2588\u2588\u2588\u2588\u2588\u2588\u2588\u2588\u2588\u2588\u2588\u2588\u2588\u2588\u2588\u2588\u2588\u2588\u2588\u258d                                                                                                       | 384/1279 [00:05<00:15, 56.81it/s]", "step": null, "ts": 1730799794.1510384}]}, "version": 1002, "at": 1730799794.1511648}
{"obj": {"type": "LogStrings", "path": ["monitoring", "552629ed", "stderr"], "values": [{"value": "\r 31%|\u2588\u2588\u2588\u2588\u2588\u2588\u2588\u2588\u2588\u2588\u2588\u2588\u2588\u2588\u2588\u2588\u2588\u2588\u2588\u2588\u2588\u2588\u2588\u2588\u2588\u2588\u2588\u2588\u2588\u2588\u2588\u2588\u2588\u2588\u2588\u2588\u2588\u2588\u2588\u2588\u2588\u2588\u2588\u2588\u2588\u258f                                                                                                      | 391/1279 [00:05<00:14, 60.07it/s]", "step": null, "ts": 1730799794.2515764}]}, "version": 1003, "at": 1730799794.2516584}
{"obj": {"type": "LogStrings", "path": ["monitoring", "552629ed", "stderr"], "values": [{"value": "\r 31%|\u2588\u2588\u2588\u2588\u2588\u2588\u2588\u2588\u2588\u2588\u2588\u2588\u2588\u2588\u2588\u2588\u2588\u2588\u2588\u2588\u2588\u2588\u2588\u2588\u2588\u2588\u2588\u2588\u2588\u2588\u2588\u2588\u2588\u2588\u2588\u2588\u2588\u2588\u2588\u2588\u2588\u2588\u2588\u2588\u2588\u2588                                                                                                      | 398/1279 [00:06<00:14, 62.53it/s]", "step": null, "ts": 1730799794.3528194}]}, "version": 1004, "at": 1730799794.353007}
{"obj": {"type": "LogStrings", "path": ["monitoring", "552629ed", "stderr"], "values": [{"value": "\r 32%|\u2588\u2588\u2588\u2588\u2588\u2588\u2588\u2588\u2588\u2588\u2588\u2588\u2588\u2588\u2588\u2588\u2588\u2588\u2588\u2588\u2588\u2588\u2588\u2588\u2588\u2588\u2588\u2588\u2588\u2588\u2588\u2588\u2588\u2588\u2588\u2588\u2588\u2588\u2588\u2588\u2588\u2588\u2588\u2588\u2588\u2588\u258a                                                                                                     | 405/1279 [00:06<00:13, 63.95it/s]", "step": null, "ts": 1730799794.4562964}]}, "version": 1005, "at": 1730799794.4564083}
{"obj": {"type": "LogStrings", "path": ["monitoring", "552629ed", "stderr"], "values": [{"value": "\r 32%|\u2588\u2588\u2588\u2588\u2588\u2588\u2588\u2588\u2588\u2588\u2588\u2588\u2588\u2588\u2588\u2588\u2588\u2588\u2588\u2588\u2588\u2588\u2588\u2588\u2588\u2588\u2588\u2588\u2588\u2588\u2588\u2588\u2588\u2588\u2588\u2588\u2588\u2588\u2588\u2588\u2588\u2588\u2588\u2588\u2588\u2588\u2588\u258b                                                                                                    | 412/1279 [00:06<00:13, 65.49it/s]", "step": null, "ts": 1730799794.5572054}]}, "version": 1006, "at": 1730799794.5573533}
{"obj": {"type": "LogStrings", "path": ["monitoring", "552629ed", "stderr"], "values": [{"value": "\r 33%|\u2588\u2588\u2588\u2588\u2588\u2588\u2588\u2588\u2588\u2588\u2588\u2588\u2588\u2588\u2588\u2588\u2588\u2588\u2588\u2588\u2588\u2588\u2588\u2588\u2588\u2588\u2588\u2588\u2588\u2588\u2588\u2588\u2588\u2588\u2588\u2588\u2588\u2588\u2588\u2588\u2588\u2588\u2588\u2588\u2588\u2588\u2588\u2588\u258d                                                                                                   | 419/1279 [00:06<00:12, 66.72it/s]", "step": null, "ts": 1730799794.65743}]}, "version": 1007, "at": 1730799794.6575232}
{"obj": {"type": "LogStrings", "path": ["monitoring", "552629ed", "stderr"], "values": [{"value": "\r 33%|\u2588\u2588\u2588\u2588\u2588\u2588\u2588\u2588\u2588\u2588\u2588\u2588\u2588\u2588\u2588\u2588\u2588\u2588\u2588\u2588\u2588\u2588\u2588\u2588\u2588\u2588\u2588\u2588\u2588\u2588\u2588\u2588\u2588\u2588\u2588\u2588\u2588\u2588\u2588\u2588\u2588\u2588\u2588\u2588\u2588\u2588\u2588\u2588\u2588\u258e                                                                                                  | 426/1279 [00:06<00:12, 67.45it/s]", "step": null, "ts": 1730799794.758472}]}, "version": 1008, "at": 1730799794.7585611}
{"obj": {"type": "LogStrings", "path": ["monitoring", "552629ed", "stderr"], "values": [{"value": "\r 34%|\u2588\u2588\u2588\u2588\u2588\u2588\u2588\u2588\u2588\u2588\u2588\u2588\u2588\u2588\u2588\u2588\u2588\u2588\u2588\u2588\u2588\u2588\u2588\u2588\u2588\u2588\u2588\u2588\u2588\u2588\u2588\u2588\u2588\u2588\u2588\u2588\u2588\u2588\u2588\u2588\u2588\u2588\u2588\u2588\u2588\u2588\u2588\u2588\u2588\u2588\u258f                                                                                                 | 434/1279 [00:06<00:12, 69.05it/s]", "step": null, "ts": 1730799794.8689313}]}, "version": 1009, "at": 1730799794.869036}
{"obj": {"type": "LogStrings", "path": ["monitoring", "552629ed", "stderr"], "values": [{"value": "\r 34%|\u2588\u2588\u2588\u2588\u2588\u2588\u2588\u2588\u2588\u2588\u2588\u2588\u2588\u2588\u2588\u2588\u2588\u2588\u2588\u2588\u2588\u2588\u2588\u2588\u2588\u2588\u2588\u2588\u2588\u2588\u2588\u2588\u2588\u2588\u2588\u2588\u2588\u2588\u2588\u2588\u2588\u2588\u2588\u2588\u2588\u2588\u2588\u2588\u2588\u2588\u2588                                                                                                 | 441/1279 [00:06<00:14, 57.26it/s]", "step": null, "ts": 1730799795.042052}]}, "version": 1010, "at": 1730799795.0421705}
{"obj": {"type": "LogStrings", "path": ["monitoring", "552629ed", "stderr"], "values": [{"value": "\r 35%|\u2588\u2588\u2588\u2588\u2588\u2588\u2588\u2588\u2588\u2588\u2588\u2588\u2588\u2588\u2588\u2588\u2588\u2588\u2588\u2588\u2588\u2588\u2588\u2588\u2588\u2588\u2588\u2588\u2588\u2588\u2588\u2588\u2588\u2588\u2588\u2588\u2588\u2588\u2588\u2588\u2588\u2588\u2588\u2588\u2588\u2588\u2588\u2588\u2588\u2588\u2588\u258a                                                                                                | 448/1279 [00:06<00:13, 60.01it/s]", "step": null, "ts": 1730799795.1450436}]}, "version": 1011, "at": 1730799795.14513}
{"obj": {"type": "LogStrings", "path": ["monitoring", "552629ed", "stderr"], "values": [{"value": "\r 36%|\u2588\u2588\u2588\u2588\u2588\u2588\u2588\u2588\u2588\u2588\u2588\u2588\u2588\u2588\u2588\u2588\u2588\u2588\u2588\u2588\u2588\u2588\u2588\u2588\u2588\u2588\u2588\u2588\u2588\u2588\u2588\u2588\u2588\u2588\u2588\u2588\u2588\u2588\u2588\u2588\u2588\u2588\u2588\u2588\u2588\u2588\u2588\u2588\u2588\u2588\u2588\u2588\u258a                                                                                               | 456/1279 [00:06<00:12, 63.39it/s]", "step": null, "ts": 1730799795.2564242}]}, "version": 1012, "at": 1730799795.2565072}
{"obj": {"type": "LogStrings", "path": ["monitoring", "552629ed", "stderr"], "values": [{"value": "\r 36%|\u2588\u2588\u2588\u2588\u2588\u2588\u2588\u2588\u2588\u2588\u2588\u2588\u2588\u2588\u2588\u2588\u2588\u2588\u2588\u2588\u2588\u2588\u2588\u2588\u2588\u2588\u2588\u2588\u2588\u2588\u2588\u2588\u2588\u2588\u2588\u2588\u2588\u2588\u2588\u2588\u2588\u2588\u2588\u2588\u2588\u2588\u2588\u2588\u2588\u2588\u2588\u2588\u2588\u258b                                                                                              | 464/1279 [00:07<00:12, 66.37it/s]", "step": null, "ts": 1730799795.364682}]}, "version": 1013, "at": 1730799795.3647692}
{"obj": {"type": "LogStrings", "path": ["monitoring", "552629ed", "stderr"], "values": [{"value": "\r 37%|\u2588\u2588\u2588\u2588\u2588\u2588\u2588\u2588\u2588\u2588\u2588\u2588\u2588\u2588\u2588\u2588\u2588\u2588\u2588\u2588\u2588\u2588\u2588\u2588\u2588\u2588\u2588\u2588\u2588\u2588\u2588\u2588\u2588\u2588\u2588\u2588\u2588\u2588\u2588\u2588\u2588\u2588\u2588\u2588\u2588\u2588\u2588\u2588\u2588\u2588\u2588\u2588\u2588\u2588\u258c                                                                                             | 472/1279 [00:07<00:11, 68.51it/s]", "step": null, "ts": 1730799795.4730284}]}, "version": 1014, "at": 1730799795.4731023}
{"obj": {"type": "LogStrings", "path": ["monitoring", "552629ed", "stderr"], "values": [{"value": "\r 38%|\u2588\u2588\u2588\u2588\u2588\u2588\u2588\u2588\u2588\u2588\u2588\u2588\u2588\u2588\u2588\u2588\u2588\u2588\u2588\u2588\u2588\u2588\u2588\u2588\u2588\u2588\u2588\u2588\u2588\u2588\u2588\u2588\u2588\u2588\u2588\u2588\u2588\u2588\u2588\u2588\u2588\u2588\u2588\u2588\u2588\u2588\u2588\u2588\u2588\u2588\u2588\u2588\u2588\u2588\u2588\u258c                                                                                            | 480/1279 [00:07<00:11, 70.05it/s]", "step": null, "ts": 1730799795.5815268}]}, "version": 1015, "at": 1730799795.581618}
{"obj": {"type": "LogStrings", "path": ["monitoring", "552629ed", "stderr"], "values": [{"value": "\r 38%|\u2588\u2588\u2588\u2588\u2588\u2588\u2588\u2588\u2588\u2588\u2588\u2588\u2588\u2588\u2588\u2588\u2588\u2588\u2588\u2588\u2588\u2588\u2588\u2588\u2588\u2588\u2588\u2588\u2588\u2588\u2588\u2588\u2588\u2588\u2588\u2588\u2588\u2588\u2588\u2588\u2588\u2588\u2588\u2588\u2588\u2588\u2588\u2588\u2588\u2588\u2588\u2588\u2588\u2588\u2588\u2588\u258d                                                                                           | 488/1279 [00:07<00:11, 71.18it/s]", "step": null, "ts": 1730799795.6898477}]}, "version": 1016, "at": 1730799795.6899385}
{"obj": {"type": "LogStrings", "path": ["monitoring", "552629ed", "stderr"], "values": [{"value": "\r 39%|\u2588\u2588\u2588\u2588\u2588\u2588\u2588\u2588\u2588\u2588\u2588\u2588\u2588\u2588\u2588\u2588\u2588\u2588\u2588\u2588\u2588\u2588\u2588\u2588\u2588\u2588\u2588\u2588\u2588\u2588\u2588\u2588\u2588\u2588\u2588\u2588\u2588\u2588\u2588\u2588\u2588\u2588\u2588\u2588\u2588\u2588\u2588\u2588\u2588\u2588\u2588\u2588\u2588\u2588\u2588\u2588\u2588\u258d                                                                                          | 496/1279 [00:07<00:10, 71.95it/s]", "step": null, "ts": 1730799795.7982447}]}, "version": 1017, "at": 1730799795.7983325}
{"obj": {"type": "LogStrings", "path": ["monitoring", "552629ed", "stderr"], "values": [{"value": "\r 39%|\u2588\u2588\u2588\u2588\u2588\u2588\u2588\u2588\u2588\u2588\u2588\u2588\u2588\u2588\u2588\u2588\u2588\u2588\u2588\u2588\u2588\u2588\u2588\u2588\u2588\u2588\u2588\u2588\u2588\u2588\u2588\u2588\u2588\u2588\u2588\u2588\u2588\u2588\u2588\u2588\u2588\u2588\u2588\u2588\u2588\u2588\u2588\u2588\u2588\u2588\u2588\u2588\u2588\u2588\u2588\u2588\u2588\u2588\u258e                                                                                         | 504/1279 [00:07<00:10, 72.52it/s]", "step": null, "ts": 1730799795.9064806}]}, "version": 1018, "at": 1730799795.9065354}
{"obj": {"type": "LogStrings", "path": ["monitoring", "552629ed", "stderr"], "values": [{"value": "\r 40%|\u2588\u2588\u2588\u2588\u2588\u2588\u2588\u2588\u2588\u2588\u2588\u2588\u2588\u2588\u2588\u2588\u2588\u2588\u2588\u2588\u2588\u2588\u2588\u2588\u2588\u2588\u2588\u2588\u2588\u2588\u2588\u2588\u2588\u2588\u2588\u2588\u2588\u2588\u2588\u2588\u2588\u2588\u2588\u2588\u2588\u2588\u2588\u2588\u2588\u2588\u2588\u2588\u2588\u2588\u2588\u2588\u2588\u2588\u2588\u258f                                                                                        | 512/1279 [00:07<00:10, 73.02it/s]", "step": null, "ts": 1730799796.0144944}]}, "version": 1019, "at": 1730799796.01456}
{"obj": {"type": "LogStrings", "path": ["monitoring", "552629ed", "stderr"], "values": [{"value": "\r 41%|\u2588\u2588\u2588\u2588\u2588\u2588\u2588\u2588\u2588\u2588\u2588\u2588\u2588\u2588\u2588\u2588\u2588\u2588\u2588\u2588\u2588\u2588\u2588\u2588\u2588\u2588\u2588\u2588\u2588\u2588\u2588\u2588\u2588\u2588\u2588\u2588\u2588\u2588\u2588\u2588\u2588\u2588\u2588\u2588\u2588\u2588\u2588\u2588\u2588\u2588\u2588\u2588\u2588\u2588\u2588\u2588\u2588\u2588\u2588\u2588\u258f                                                                                       | 520/1279 [00:07<00:10, 73.16it/s]", "step": null, "ts": 1730799796.123216}]}, "version": 1020, "at": 1730799796.1232889}
{"obj": {"type": "LogStrings", "path": ["monitoring", "552629ed", "stderr"], "values": [{"value": "\r 41%|\u2588\u2588\u2588\u2588\u2588\u2588\u2588\u2588\u2588\u2588\u2588\u2588\u2588\u2588\u2588\u2588\u2588\u2588\u2588\u2588\u2588\u2588\u2588\u2588\u2588\u2588\u2588\u2588\u2588\u2588\u2588\u2588\u2588\u2588\u2588\u2588\u2588\u2588\u2588\u2588\u2588\u2588\u2588\u2588\u2588\u2588\u2588\u2588\u2588\u2588\u2588\u2588\u2588\u2588\u2588\u2588\u2588\u2588\u2588\u2588\u2588                                                                                       | 528/1279 [00:07<00:10, 73.35it/s]", "step": null, "ts": 1730799796.2315993}]}, "version": 1021, "at": 1730799796.2316856}
{"obj": {"type": "LogStrings", "path": ["monitoring", "552629ed", "stderr"], "values": [{"value": "\r 42%|\u2588\u2588\u2588\u2588\u2588\u2588\u2588\u2588\u2588\u2588\u2588\u2588\u2588\u2588\u2588\u2588\u2588\u2588\u2588\u2588\u2588\u2588\u2588\u2588\u2588\u2588\u2588\u2588\u2588\u2588\u2588\u2588\u2588\u2588\u2588\u2588\u2588\u2588\u2588\u2588\u2588\u2588\u2588\u2588\u2588\u2588\u2588\u2588\u2588\u2588\u2588\u2588\u2588\u2588\u2588\u2588\u2588\u2588\u2588\u2588\u2588\u2588                                                                                      | 536/1279 [00:07<00:10, 73.59it/s]", "step": null, "ts": 1730799796.339557}]}, "version": 1022, "at": 1730799796.33966}
{"obj": {"type": "LogStrings", "path": ["monitoring", "552629ed", "stderr"], "values": [{"value": "\r 43%|\u2588\u2588\u2588\u2588\u2588\u2588\u2588\u2588\u2588\u2588\u2588\u2588\u2588\u2588\u2588\u2588\u2588\u2588\u2588\u2588\u2588\u2588\u2588\u2588\u2588\u2588\u2588\u2588\u2588\u2588\u2588\u2588\u2588\u2588\u2588\u2588\u2588\u2588\u2588\u2588\u2588\u2588\u2588\u2588\u2588\u2588\u2588\u2588\u2588\u2588\u2588\u2588\u2588\u2588\u2588\u2588\u2588\u2588\u2588\u2588\u2588\u2588\u2589                                                                                     | 544/1279 [00:08<00:09, 73.65it/s]", "step": null, "ts": 1730799796.4480672}]}, "version": 1023, "at": 1730799796.4481332}
{"obj": {"type": "LogStrings", "path": ["monitoring", "552629ed", "stderr"], "values": [{"value": "\r 43%|\u2588\u2588\u2588\u2588\u2588\u2588\u2588\u2588\u2588\u2588\u2588\u2588\u2588\u2588\u2588\u2588\u2588\u2588\u2588\u2588\u2588\u2588\u2588\u2588\u2588\u2588\u2588\u2588\u2588\u2588\u2588\u2588\u2588\u2588\u2588\u2588\u2588\u2588\u2588\u2588\u2588\u2588\u2588\u2588\u2588\u2588\u2588\u2588\u2588\u2588\u2588\u2588\u2588\u2588\u2588\u2588\u2588\u2588\u2588\u2588\u2588\u2588\u2588\u258a                                                                                    | 552/1279 [00:08<00:09, 73.67it/s]", "step": null, "ts": 1730799796.556395}]}, "version": 1024, "at": 1730799796.5564816}
{"obj": {"type": "LogStrings", "path": ["monitoring", "552629ed", "stderr"], "values": [{"value": "\r 44%|\u2588\u2588\u2588\u2588\u2588\u2588\u2588\u2588\u2588\u2588\u2588\u2588\u2588\u2588\u2588\u2588\u2588\u2588\u2588\u2588\u2588\u2588\u2588\u2588\u2588\u2588\u2588\u2588\u2588\u2588\u2588\u2588\u2588\u2588\u2588\u2588\u2588\u2588\u2588\u2588\u2588\u2588\u2588\u2588\u2588\u2588\u2588\u2588\u2588\u2588\u2588\u2588\u2588\u2588\u2588\u2588\u2588\u2588\u2588\u2588\u2588\u2588\u2588\u2588\u258a                                                                                   | 560/1279 [00:08<00:09, 73.48it/s]", "step": null, "ts": 1730799796.6660867}]}, "version": 1025, "at": 1730799796.6662316}
{"obj": {"type": "LogStrings", "path": ["monitoring", "552629ed", "stderr"], "values": [{"value": "\r 44%|\u2588\u2588\u2588\u2588\u2588\u2588\u2588\u2588\u2588\u2588\u2588\u2588\u2588\u2588\u2588\u2588\u2588\u2588\u2588\u2588\u2588\u2588\u2588\u2588\u2588\u2588\u2588\u2588\u2588\u2588\u2588\u2588\u2588\u2588\u2588\u2588\u2588\u2588\u2588\u2588\u2588\u2588\u2588\u2588\u2588\u2588\u2588\u2588\u2588\u2588\u2588\u2588\u2588\u2588\u2588\u2588\u2588\u2588\u2588\u2588\u2588\u2588\u2588\u2588\u2588\u258b                                                                                  | 568/1279 [00:08<00:09, 72.21it/s]", "step": null, "ts": 1730799796.7814531}]}, "version": 1026, "at": 1730799796.7815347}
{"obj": {"type": "LogFloats", "path": ["monitoring", "552629ed", "cpu"], "values": [{"value": 36.1, "step": null, "ts": 1730799796.825678}]}, "version": 1027, "at": 1730799796.828205}
{"obj": {"type": "LogFloats", "path": ["monitoring", "552629ed", "memory"], "values": [{"value": 11.397891998291016, "step": null, "ts": 1730799796.825678}]}, "version": 1028, "at": 1730799796.8286316}
{"obj": {"type": "LogFloats", "path": ["monitoring", "552629ed", "gpu"], "values": [{"value": 94.0, "step": null, "ts": 1730799796.825678}]}, "version": 1029, "at": 1730799796.8289204}
{"obj": {"type": "LogFloats", "path": ["monitoring", "552629ed", "gpu_memory"], "values": [{"value": 1.10137939453125, "step": null, "ts": 1730799796.825678}]}, "version": 1030, "at": 1730799796.8291516}
{"obj": {"type": "LogFloats", "path": ["monitoring", "552629ed", "gpu_power"], "values": [{"value": 196.526, "step": null, "ts": 1730799796.825678}]}, "version": 1031, "at": 1730799796.829394}
{"obj": {"type": "LogStrings", "path": ["monitoring", "552629ed", "stderr"], "values": [{"value": "\r 45%|\u2588\u2588\u2588\u2588\u2588\u2588\u2588\u2588\u2588\u2588\u2588\u2588\u2588\u2588\u2588\u2588\u2588\u2588\u2588\u2588\u2588\u2588\u2588\u2588\u2588\u2588\u2588\u2588\u2588\u2588\u2588\u2588\u2588\u2588\u2588\u2588\u2588\u2588\u2588\u2588\u2588\u2588\u2588\u2588\u2588\u2588\u2588\u2588\u2588\u2588\u2588\u2588\u2588\u2588\u2588\u2588\u2588\u2588\u2588\u2588\u2588\u2588\u2588\u2588\u2588\u2588\u258b                                                                                 | 576/1279 [00:08<00:09, 70.96it/s]", "step": null, "ts": 1730799796.8985126}]}, "version": 1032, "at": 1730799796.8985834}
{"obj": {"type": "LogStrings", "path": ["monitoring", "552629ed", "stderr"], "values": [{"value": "\r 46%|\u2588\u2588\u2588\u2588\u2588\u2588\u2588\u2588\u2588\u2588\u2588\u2588\u2588\u2588\u2588\u2588\u2588\u2588\u2588\u2588\u2588\u2588\u2588\u2588\u2588\u2588\u2588\u2588\u2588\u2588\u2588\u2588\u2588\u2588\u2588\u2588\u2588\u2588\u2588\u2588\u2588\u2588\u2588\u2588\u2588\u2588\u2588\u2588\u2588\u2588\u2588\u2588\u2588\u2588\u2588\u2588\u2588\u2588\u2588\u2588\u2588\u2588\u2588\u2588\u2588\u2588\u2588\u258c                                                                                | 584/1279 [00:08<00:09, 71.29it/s]", "step": null, "ts": 1730799797.0094697}]}, "version": 1033, "at": 1730799797.00954}
{"obj": {"type": "LogStrings", "path": ["monitoring", "552629ed", "stderr"], "values": [{"value": "\r 46%|\u2588\u2588\u2588\u2588\u2588\u2588\u2588\u2588\u2588\u2588\u2588\u2588\u2588\u2588\u2588\u2588\u2588\u2588\u2588\u2588\u2588\u2588\u2588\u2588\u2588\u2588\u2588\u2588\u2588\u2588\u2588\u2588\u2588\u2588\u2588\u2588\u2588\u2588\u2588\u2588\u2588\u2588\u2588\u2588\u2588\u2588\u2588\u2588\u2588\u2588\u2588\u2588\u2588\u2588\u2588\u2588\u2588\u2588\u2588\u2588\u2588\u2588\u2588\u2588\u2588\u2588\u2588\u2588\u258c                                                                               | 592/1279 [00:08<00:09, 71.82it/s]", "step": null, "ts": 1730799797.1190498}]}, "version": 1034, "at": 1730799797.1191573}
{"obj": {"type": "LogStrings", "path": ["monitoring", "552629ed", "stderr"], "values": [{"value": "\r 47%|\u2588\u2588\u2588\u2588\u2588\u2588\u2588\u2588\u2588\u2588\u2588\u2588\u2588\u2588\u2588\u2588\u2588\u2588\u2588\u2588\u2588\u2588\u2588\u2588\u2588\u2588\u2588\u2588\u2588\u2588\u2588\u2588\u2588\u2588\u2588\u2588\u2588\u2588\u2588\u2588\u2588\u2588\u2588\u2588\u2588\u2588\u2588\u2588\u2588\u2588\u2588\u2588\u2588\u2588\u2588\u2588\u2588\u2588\u2588\u2588\u2588\u2588\u2588\u2588\u2588\u2588\u2588\u2588\u2588\u258d                                                                              | 600/1279 [00:08<00:09, 71.56it/s]", "step": null, "ts": 1730799797.2319298}]}, "version": 1035, "at": 1730799797.2320118}
{"obj": {"type": "LogStrings", "path": ["monitoring", "552629ed", "stderr"], "values": [{"value": "\r 48%|\u2588\u2588\u2588\u2588\u2588\u2588\u2588\u2588\u2588\u2588\u2588\u2588\u2588\u2588\u2588\u2588\u2588\u2588\u2588\u2588\u2588\u2588\u2588\u2588\u2588\u2588\u2588\u2588\u2588\u2588\u2588\u2588\u2588\u2588\u2588\u2588\u2588\u2588\u2588\u2588\u2588\u2588\u2588\u2588\u2588\u2588\u2588\u2588\u2588\u2588\u2588\u2588\u2588\u2588\u2588\u2588\u2588\u2588\u2588\u2588\u2588\u2588\u2588\u2588\u2588\u2588\u2588\u2588\u2588\u2588\u258e                                                                             | 608/1279 [00:09<00:09, 71.23it/s]", "step": null, "ts": 1730799797.3451846}]}, "version": 1036, "at": 1730799797.345268}
{"obj": {"type": "LogStrings", "path": ["monitoring", "552629ed", "stderr"], "values": [{"value": "\r 48%|\u2588\u2588\u2588\u2588\u2588\u2588\u2588\u2588\u2588\u2588\u2588\u2588\u2588\u2588\u2588\u2588\u2588\u2588\u2588\u2588\u2588\u2588\u2588\u2588\u2588\u2588\u2588\u2588\u2588\u2588\u2588\u2588\u2588\u2588\u2588\u2588\u2588\u2588\u2588\u2588\u2588\u2588\u2588\u2588\u2588\u2588\u2588\u2588\u2588\u2588\u2588\u2588\u2588\u2588\u2588\u2588\u2588\u2588\u2588\u2588\u2588\u2588\u2588\u2588\u2588\u2588\u2588\u2588\u2588\u2588\u2588\u258e                                                                            | 616/1279 [00:09<00:09, 71.27it/s]", "step": null, "ts": 1730799797.4573913}]}, "version": 1037, "at": 1730799797.4574864}
{"obj": {"type": "LogStrings", "path": ["monitoring", "552629ed", "stderr"], "values": [{"value": "\r 49%|\u2588\u2588\u2588\u2588\u2588\u2588\u2588\u2588\u2588\u2588\u2588\u2588\u2588\u2588\u2588\u2588\u2588\u2588\u2588\u2588\u2588\u2588\u2588\u2588\u2588\u2588\u2588\u2588\u2588\u2588\u2588\u2588\u2588\u2588\u2588\u2588\u2588\u2588\u2588\u2588\u2588\u2588\u2588\u2588\u2588\u2588\u2588\u2588\u2588\u2588\u2588\u2588\u2588\u2588\u2588\u2588\u2588\u2588\u2588\u2588\u2588\u2588\u2588\u2588\u2588\u2588\u2588\u2588\u2588\u2588\u2588\u2588\u258f                                                                           | 624/1279 [00:09<00:09, 71.18it/s]", "step": null, "ts": 1730799797.5701683}]}, "version": 1038, "at": 1730799797.5702653}
{"obj": {"type": "LogStrings", "path": ["monitoring", "552629ed", "stderr"], "values": [{"value": "\r 49%|\u2588\u2588\u2588\u2588\u2588\u2588\u2588\u2588\u2588\u2588\u2588\u2588\u2588\u2588\u2588\u2588\u2588\u2588\u2588\u2588\u2588\u2588\u2588\u2588\u2588\u2588\u2588\u2588\u2588\u2588\u2588\u2588\u2588\u2588\u2588\u2588\u2588\u2588\u2588\u2588\u2588\u2588\u2588\u2588\u2588\u2588\u2588\u2588\u2588\u2588\u2588\u2588\u2588\u2588\u2588\u2588\u2588\u2588\u2588\u2588\u2588\u2588\u2588\u2588\u2588\u2588\u2588\u2588\u2588\u2588\u2588\u2588\u2588\u258f                                                                          | 632/1279 [00:09<00:09, 69.48it/s]", "step": null, "ts": 1730799797.6917133}]}, "version": 1039, "at": 1730799797.69181}
{"obj": {"type": "LogStrings", "path": ["monitoring", "552629ed", "stderr"], "values": [{"value": "\r 50%|\u2588\u2588\u2588\u2588\u2588\u2588\u2588\u2588\u2588\u2588\u2588\u2588\u2588\u2588\u2588\u2588\u2588\u2588\u2588\u2588\u2588\u2588\u2588\u2588\u2588\u2588\u2588\u2588\u2588\u2588\u2588\u2588\u2588\u2588\u2588\u2588\u2588\u2588\u2588\u2588\u2588\u2588\u2588\u2588\u2588\u2588\u2588\u2588\u2588\u2588\u2588\u2588\u2588\u2588\u2588\u2588\u2588\u2588\u2588\u2588\u2588\u2588\u2588\u2588\u2588\u2588\u2588\u2588\u2588\u2588\u2588\u2588\u2588\u2589                                                                          | 639/1279 [00:09<00:09, 68.93it/s]", "step": null, "ts": 1730799797.7953076}]}, "version": 1040, "at": 1730799797.795368}
{"obj": {"type": "LogStrings", "path": ["monitoring", "552629ed", "stderr"], "values": [{"value": "\r 51%|\u2588\u2588\u2588\u2588\u2588\u2588\u2588\u2588\u2588\u2588\u2588\u2588\u2588\u2588\u2588\u2588\u2588\u2588\u2588\u2588\u2588\u2588\u2588\u2588\u2588\u2588\u2588\u2588\u2588\u2588\u2588\u2588\u2588\u2588\u2588\u2588\u2588\u2588\u2588\u2588\u2588\u2588\u2588\u2588\u2588\u2588\u2588\u2588\u2588\u2588\u2588\u2588\u2588\u2588\u2588\u2588\u2588\u2588\u2588\u2588\u2588\u2588\u2588\u2588\u2588\u2588\u2588\u2588\u2588\u2588\u2588\u2588\u2588\u2588\u258a                                                                         | 646/1279 [00:09<00:09, 68.48it/s]", "step": null, "ts": 1730799797.8991864}]}, "version": 1041, "at": 1730799797.899251}
{"obj": {"type": "LogStrings", "path": ["monitoring", "552629ed", "stderr"], "values": [{"value": "\r 51%|\u2588\u2588\u2588\u2588\u2588\u2588\u2588\u2588\u2588\u2588\u2588\u2588\u2588\u2588\u2588\u2588\u2588\u2588\u2588\u2588\u2588\u2588\u2588\u2588\u2588\u2588\u2588\u2588\u2588\u2588\u2588\u2588\u2588\u2588\u2588\u2588\u2588\u2588\u2588\u2588\u2588\u2588\u2588\u2588\u2588\u2588\u2588\u2588\u2588\u2588\u2588\u2588\u2588\u2588\u2588\u2588\u2588\u2588\u2588\u2588\u2588\u2588\u2588\u2588\u2588\u2588\u2588\u2588\u2588\u2588\u2588\u2588\u2588\u2588\u2588\u258c                                                                        | 653/1279 [00:09<00:09, 68.30it/s]", "step": null, "ts": 1730799798.0024571}]}, "version": 1042, "at": 1730799798.0025494}
{"obj": {"type": "LogStrings", "path": ["monitoring", "552629ed", "stderr"], "values": [{"value": "\r 52%|\u2588\u2588\u2588\u2588\u2588\u2588\u2588\u2588\u2588\u2588\u2588\u2588\u2588\u2588\u2588\u2588\u2588\u2588\u2588\u2588\u2588\u2588\u2588\u2588\u2588\u2588\u2588\u2588\u2588\u2588\u2588\u2588\u2588\u2588\u2588\u2588\u2588\u2588\u2588\u2588\u2588\u2588\u2588\u2588\u2588\u2588\u2588\u2588\u2588\u2588\u2588\u2588\u2588\u2588\u2588\u2588\u2588\u2588\u2588\u2588\u2588\u2588\u2588\u2588\u2588\u2588\u2588\u2588\u2588\u2588\u2588\u2588\u2588\u2588\u2588\u2588\u258e                                                                       | 660/1279 [00:09<00:09, 68.01it/s]", "step": null, "ts": 1730799798.1065063}]}, "version": 1043, "at": 1730799798.1066053}
{"obj": {"type": "LogStrings", "path": ["monitoring", "552629ed", "stderr"], "values": [{"value": "\r 52%|\u2588\u2588\u2588\u2588\u2588\u2588\u2588\u2588\u2588\u2588\u2588\u2588\u2588\u2588\u2588\u2588\u2588\u2588\u2588\u2588\u2588\u2588\u2588\u2588\u2588\u2588\u2588\u2588\u2588\u2588\u2588\u2588\u2588\u2588\u2588\u2588\u2588\u2588\u2588\u2588\u2588\u2588\u2588\u2588\u2588\u2588\u2588\u2588\u2588\u2588\u2588\u2588\u2588\u2588\u2588\u2588\u2588\u2588\u2588\u2588\u2588\u2588\u2588\u2588\u2588\u2588\u2588\u2588\u2588\u2588\u2588\u2588\u2588\u2588\u2588\u2588\u2588\u258f                                                                      | 667/1279 [00:09<00:09, 67.46it/s]", "step": null, "ts": 1730799798.212197}]}, "version": 1044, "at": 1730799798.212288}
{"obj": {"type": "LogStrings", "path": ["monitoring", "552629ed", "stderr"], "values": [{"value": "\r 53%|\u2588\u2588\u2588\u2588\u2588\u2588\u2588\u2588\u2588\u2588\u2588\u2588\u2588\u2588\u2588\u2588\u2588\u2588\u2588\u2588\u2588\u2588\u2588\u2588\u2588\u2588\u2588\u2588\u2588\u2588\u2588\u2588\u2588\u2588\u2588\u2588\u2588\u2588\u2588\u2588\u2588\u2588\u2588\u2588\u2588\u2588\u2588\u2588\u2588\u2588\u2588\u2588\u2588\u2588\u2588\u2588\u2588\u2588\u2588\u2588\u2588\u2588\u2588\u2588\u2588\u2588\u2588\u2588\u2588\u2588\u2588\u2588\u2588\u2588\u2588\u2588\u2588\u2589                                                                      | 674/1279 [00:09<00:09, 67.09it/s]", "step": null, "ts": 1730799798.3179984}]}, "version": 1045, "at": 1730799798.3180935}
{"obj": {"type": "LogStrings", "path": ["monitoring", "552629ed", "stderr"], "values": [{"value": "\r 53%|\u2588\u2588\u2588\u2588\u2588\u2588\u2588\u2588\u2588\u2588\u2588\u2588\u2588\u2588\u2588\u2588\u2588\u2588\u2588\u2588\u2588\u2588\u2588\u2588\u2588\u2588\u2588\u2588\u2588\u2588\u2588\u2588\u2588\u2588\u2588\u2588\u2588\u2588\u2588\u2588\u2588\u2588\u2588\u2588\u2588\u2588\u2588\u2588\u2588\u2588\u2588\u2588\u2588\u2588\u2588\u2588\u2588\u2588\u2588\u2588\u2588\u2588\u2588\u2588\u2588\u2588\u2588\u2588\u2588\u2588\u2588\u2588\u2588\u2588\u2588\u2588\u2588\u2588\u2589                                                                     | 682/1279 [00:10<00:08, 68.08it/s]", "step": null, "ts": 1730799798.432012}]}, "version": 1046, "at": 1730799798.4321108}
{"obj": {"type": "LogStrings", "path": ["monitoring", "552629ed", "stderr"], "values": [{"value": "\r 54%|\u2588\u2588\u2588\u2588\u2588\u2588\u2588\u2588\u2588\u2588\u2588\u2588\u2588\u2588\u2588\u2588\u2588\u2588\u2588\u2588\u2588\u2588\u2588\u2588\u2588\u2588\u2588\u2588\u2588\u2588\u2588\u2588\u2588\u2588\u2588\u2588\u2588\u2588\u2588\u2588\u2588\u2588\u2588\u2588\u2588\u2588\u2588\u2588\u2588\u2588\u2588\u2588\u2588\u2588\u2588\u2588\u2588\u2588\u2588\u2588\u2588\u2588\u2588\u2588\u2588\u2588\u2588\u2588\u2588\u2588\u2588\u2588\u2588\u2588\u2588\u2588\u2588\u2588\u2588\u258b                                                                    | 689/1279 [00:10<00:08, 67.66it/s]", "step": null, "ts": 1730799798.5369265}]}, "version": 1047, "at": 1730799798.5370202}
{"obj": {"type": "LogStrings", "path": ["monitoring", "552629ed", "stderr"], "values": [{"value": "\r 54%|\u2588\u2588\u2588\u2588\u2588\u2588\u2588\u2588\u2588\u2588\u2588\u2588\u2588\u2588\u2588\u2588\u2588\u2588\u2588\u2588\u2588\u2588\u2588\u2588\u2588\u2588\u2588\u2588\u2588\u2588\u2588\u2588\u2588\u2588\u2588\u2588\u2588\u2588\u2588\u2588\u2588\u2588\u2588\u2588\u2588\u2588\u2588\u2588\u2588\u2588\u2588\u2588\u2588\u2588\u2588\u2588\u2588\u2588\u2588\u2588\u2588\u2588\u2588\u2588\u2588\u2588\u2588\u2588\u2588\u2588\u2588\u2588\u2588\u2588\u2588\u2588\u2588\u2588\u2588\u2588\u258c                                                                   | 696/1279 [00:10<00:08, 67.90it/s]", "step": null, "ts": 1730799798.6390548}]}, "version": 1048, "at": 1730799798.6391327}
{"obj": {"type": "LogStrings", "path": ["monitoring", "552629ed", "stderr"], "values": [{"value": "\r 55%|\u2588\u2588\u2588\u2588\u2588\u2588\u2588\u2588\u2588\u2588\u2588\u2588\u2588\u2588\u2588\u2588\u2588\u2588\u2588\u2588\u2588\u2588\u2588\u2588\u2588\u2588\u2588\u2588\u2588\u2588\u2588\u2588\u2588\u2588\u2588\u2588\u2588\u2588\u2588\u2588\u2588\u2588\u2588\u2588\u2588\u2588\u2588\u2588\u2588\u2588\u2588\u2588\u2588\u2588\u2588\u2588\u2588\u2588\u2588\u2588\u2588\u2588\u2588\u2588\u2588\u2588\u2588\u2588\u2588\u2588\u2588\u2588\u2588\u2588\u2588\u2588\u2588\u2588\u2588\u2588\u2588\u258e                                                                  | 703/1279 [00:10<00:08, 66.89it/s]", "step": null, "ts": 1730799798.7475023}]}, "version": 1049, "at": 1730799798.7475955}
{"obj": {"type": "LogStrings", "path": ["monitoring", "552629ed", "stderr"], "values": [{"value": "\r 56%|\u2588\u2588\u2588\u2588\u2588\u2588\u2588\u2588\u2588\u2588\u2588\u2588\u2588\u2588\u2588\u2588\u2588\u2588\u2588\u2588\u2588\u2588\u2588\u2588\u2588\u2588\u2588\u2588\u2588\u2588\u2588\u2588\u2588\u2588\u2588\u2588\u2588\u2588\u2588\u2588\u2588\u2588\u2588\u2588\u2588\u2588\u2588\u2588\u2588\u2588\u2588\u2588\u2588\u2588\u2588\u2588\u2588\u2588\u2588\u2588\u2588\u2588\u2588\u2588\u2588\u2588\u2588\u2588\u2588\u2588\u2588\u2588\u2588\u2588\u2588\u2588\u2588\u2588\u2588\u2588\u2588\u2588\u258f                                                                 | 710/1279 [00:10<00:08, 66.80it/s]", "step": null, "ts": 1730799798.8526173}]}, "version": 1050, "at": 1730799798.8527079}
{"obj": {"type": "LogStrings", "path": ["monitoring", "552629ed", "stderr"], "values": [{"value": "\r 56%|\u2588\u2588\u2588\u2588\u2588\u2588\u2588\u2588\u2588\u2588\u2588\u2588\u2588\u2588\u2588\u2588\u2588\u2588\u2588\u2588\u2588\u2588\u2588\u2588\u2588\u2588\u2588\u2588\u2588\u2588\u2588\u2588\u2588\u2588\u2588\u2588\u2588\u2588\u2588\u2588\u2588\u2588\u2588\u2588\u2588\u2588\u2588\u2588\u2588\u2588\u2588\u2588\u2588\u2588\u2588\u2588\u2588\u2588\u2588\u2588\u2588\u2588\u2588\u2588\u2588\u2588\u2588\u2588\u2588\u2588\u2588\u2588\u2588\u2588\u2588\u2588\u2588\u2588\u2588\u2588\u2588\u2588\u2588                                                                 | 718/1279 [00:10<00:08, 68.80it/s]", "step": null, "ts": 1730799798.961661}]}, "version": 1051, "at": 1730799798.9617453}
{"obj": {"type": "LogStrings", "path": ["monitoring", "552629ed", "stderr"], "values": [{"value": "\r 57%|\u2588\u2588\u2588\u2588\u2588\u2588\u2588\u2588\u2588\u2588\u2588\u2588\u2588\u2588\u2588\u2588\u2588\u2588\u2588\u2588\u2588\u2588\u2588\u2588\u2588\u2588\u2588\u2588\u2588\u2588\u2588\u2588\u2588\u2588\u2588\u2588\u2588\u2588\u2588\u2588\u2588\u2588\u2588\u2588\u2588\u2588\u2588\u2588\u2588\u2588\u2588\u2588\u2588\u2588\u2588\u2588\u2588\u2588\u2588\u2588\u2588\u2588\u2588\u2588\u2588\u2588\u2588\u2588\u2588\u2588\u2588\u2588\u2588\u2588\u2588\u2588\u2588\u2588\u2588\u2588\u2588\u2588\u2588\u2588                                                                | 726/1279 [00:10<00:07, 70.30it/s]", "step": null, "ts": 1730799799.0700567}]}, "version": 1052, "at": 1730799799.0701256}
{"obj": {"type": "LogStrings", "path": ["monitoring", "552629ed", "stderr"], "values": [{"value": "\r 57%|\u2588\u2588\u2588\u2588\u2588\u2588\u2588\u2588\u2588\u2588\u2588\u2588\u2588\u2588\u2588\u2588\u2588\u2588\u2588\u2588\u2588\u2588\u2588\u2588\u2588\u2588\u2588\u2588\u2588\u2588\u2588\u2588\u2588\u2588\u2588\u2588\u2588\u2588\u2588\u2588\u2588\u2588\u2588\u2588\u2588\u2588\u2588\u2588\u2588\u2588\u2588\u2588\u2588\u2588\u2588\u2588\u2588\u2588\u2588\u2588\u2588\u2588\u2588\u2588\u2588\u2588\u2588\u2588\u2588\u2588\u2588\u2588\u2588\u2588\u2588\u2588\u2588\u2588\u2588\u2588\u2588\u2588\u2588\u2588\u2589                                                               | 734/1279 [00:10<00:07, 68.84it/s]", "step": null, "ts": 1730799799.191591}]}, "version": 1053, "at": 1730799799.1916685}
{"obj": {"type": "LogStrings", "path": ["monitoring", "552629ed", "stderr"], "values": [{"value": "\r 58%|\u2588\u2588\u2588\u2588\u2588\u2588\u2588\u2588\u2588\u2588\u2588\u2588\u2588\u2588\u2588\u2588\u2588\u2588\u2588\u2588\u2588\u2588\u2588\u2588\u2588\u2588\u2588\u2588\u2588\u2588\u2588\u2588\u2588\u2588\u2588\u2588\u2588\u2588\u2588\u2588\u2588\u2588\u2588\u2588\u2588\u2588\u2588\u2588\u2588\u2588\u2588\u2588\u2588\u2588\u2588\u2588\u2588\u2588\u2588\u2588\u2588\u2588\u2588\u2588\u2588\u2588\u2588\u2588\u2588\u2588\u2588\u2588\u2588\u2588\u2588\u2588\u2588\u2588\u2588\u2588\u2588\u2588\u2588\u2588\u2588\u258b                                                              | 741/1279 [00:10<00:07, 68.57it/s]", "step": null, "ts": 1730799799.2947252}]}, "version": 1054, "at": 1730799799.294809}
{"obj": {"type": "LogStrings", "path": ["monitoring", "552629ed", "stderr"], "values": [{"value": "\r 58%|\u2588\u2588\u2588\u2588\u2588\u2588\u2588\u2588\u2588\u2588\u2588\u2588\u2588\u2588\u2588\u2588\u2588\u2588\u2588\u2588\u2588\u2588\u2588\u2588\u2588\u2588\u2588\u2588\u2588\u2588\u2588\u2588\u2588\u2588\u2588\u2588\u2588\u2588\u2588\u2588\u2588\u2588\u2588\u2588\u2588\u2588\u2588\u2588\u2588\u2588\u2588\u2588\u2588\u2588\u2588\u2588\u2588\u2588\u2588\u2588\u2588\u2588\u2588\u2588\u2588\u2588\u2588\u2588\u2588\u2588\u2588\u2588\u2588\u2588\u2588\u2588\u2588\u2588\u2588\u2588\u2588\u2588\u2588\u2588\u2588\u2588\u258c                                                             | 748/1279 [00:11<00:07, 68.76it/s]", "step": null, "ts": 1730799799.3959033}]}, "version": 1055, "at": 1730799799.3959947}
{"obj": {"type": "LogStrings", "path": ["monitoring", "552629ed", "stderr"], "values": [{"value": "\r 59%|\u2588\u2588\u2588\u2588\u2588\u2588\u2588\u2588\u2588\u2588\u2588\u2588\u2588\u2588\u2588\u2588\u2588\u2588\u2588\u2588\u2588\u2588\u2588\u2588\u2588\u2588\u2588\u2588\u2588\u2588\u2588\u2588\u2588\u2588\u2588\u2588\u2588\u2588\u2588\u2588\u2588\u2588\u2588\u2588\u2588\u2588\u2588\u2588\u2588\u2588\u2588\u2588\u2588\u2588\u2588\u2588\u2588\u2588\u2588\u2588\u2588\u2588\u2588\u2588\u2588\u2588\u2588\u2588\u2588\u2588\u2588\u2588\u2588\u2588\u2588\u2588\u2588\u2588\u2588\u2588\u2588\u2588\u2588\u2588\u2588\u2588\u2588\u258e                                                            | 755/1279 [00:11<00:07, 67.87it/s]", "step": null, "ts": 1730799799.502243}]}, "version": 1056, "at": 1730799799.5023224}
{"obj": {"type": "LogStrings", "path": ["monitoring", "552629ed", "stderr"], "values": [{"value": "\r 60%|\u2588\u2588\u2588\u2588\u2588\u2588\u2588\u2588\u2588\u2588\u2588\u2588\u2588\u2588\u2588\u2588\u2588\u2588\u2588\u2588\u2588\u2588\u2588\u2588\u2588\u2588\u2588\u2588\u2588\u2588\u2588\u2588\u2588\u2588\u2588\u2588\u2588\u2588\u2588\u2588\u2588\u2588\u2588\u2588\u2588\u2588\u2588\u2588\u2588\u2588\u2588\u2588\u2588\u2588\u2588\u2588\u2588\u2588\u2588\u2588\u2588\u2588\u2588\u2588\u2588\u2588\u2588\u2588\u2588\u2588\u2588\u2588\u2588\u2588\u2588\u2588\u2588\u2588\u2588\u2588\u2588\u2588\u2588\u2588\u2588\u2588\u2588\u2588\u258f                                                           | 762/1279 [00:11<00:08, 64.10it/s]", "step": null, "ts": 1730799799.6260817}]}, "version": 1057, "at": 1730799799.6261935}
{"obj": {"type": "LogStrings", "path": ["monitoring", "552629ed", "stderr"], "values": [{"value": "\r 60%|\u2588\u2588\u2588\u2588\u2588\u2588\u2588\u2588\u2588\u2588\u2588\u2588\u2588\u2588\u2588\u2588\u2588\u2588\u2588\u2588\u2588\u2588\u2588\u2588\u2588\u2588\u2588\u2588\u2588\u2588\u2588\u2588\u2588\u2588\u2588\u2588\u2588\u2588\u2588\u2588\u2588\u2588\u2588\u2588\u2588\u2588\u2588\u2588\u2588\u2588\u2588\u2588\u2588\u2588\u2588\u2588\u2588\u2588\u2588\u2588\u2588\u2588\u2588\u2588\u2588\u2588\u2588\u2588\u2588\u2588\u2588\u2588\u2588\u2588\u2588\u2588\u2588\u2588\u2588\u2588\u2588\u2588\u2588\u2588\u2588\u2588\u2588\u2588\u2589                                                           | 769/1279 [00:11<00:07, 64.39it/s]", "step": null, "ts": 1730799799.7336116}]}, "version": 1058, "at": 1730799799.7336926}
{"obj": {"type": "LogStrings", "path": ["monitoring", "552629ed", "stderr"], "values": [{"value": "\r 61%|\u2588\u2588\u2588\u2588\u2588\u2588\u2588\u2588\u2588\u2588\u2588\u2588\u2588\u2588\u2588\u2588\u2588\u2588\u2588\u2588\u2588\u2588\u2588\u2588\u2588\u2588\u2588\u2588\u2588\u2588\u2588\u2588\u2588\u2588\u2588\u2588\u2588\u2588\u2588\u2588\u2588\u2588\u2588\u2588\u2588\u2588\u2588\u2588\u2588\u2588\u2588\u2588\u2588\u2588\u2588\u2588\u2588\u2588\u2588\u2588\u2588\u2588\u2588\u2588\u2588\u2588\u2588\u2588\u2588\u2588\u2588\u2588\u2588\u2588\u2588\u2588\u2588\u2588\u2588\u2588\u2588\u2588\u2588\u2588\u2588\u2588\u2588\u2588\u2588\u258a                                                          | 776/1279 [00:11<00:07, 65.25it/s]", "step": null, "ts": 1730799799.8375049}]}, "version": 1059, "at": 1730799799.8375866}
{"obj": {"type": "LogStrings", "path": ["monitoring", "552629ed", "stderr"], "values": [{"value": "\r 61%|\u2588\u2588\u2588\u2588\u2588\u2588\u2588\u2588\u2588\u2588\u2588\u2588\u2588\u2588\u2588\u2588\u2588\u2588\u2588\u2588\u2588\u2588\u2588\u2588\u2588\u2588\u2588\u2588\u2588\u2588\u2588\u2588\u2588\u2588\u2588\u2588\u2588\u2588\u2588\u2588\u2588\u2588\u2588\u2588\u2588\u2588\u2588\u2588\u2588\u2588\u2588\u2588\u2588\u2588\u2588\u2588\u2588\u2588\u2588\u2588\u2588\u2588\u2588\u2588\u2588\u2588\u2588\u2588\u2588\u2588\u2588\u2588\u2588\u2588\u2588\u2588\u2588\u2588\u2588\u2588\u2588\u2588\u2588\u2588\u2588\u2588\u2588\u2588\u2588\u2588\u258c                                                         | 783/1279 [00:11<00:07, 64.93it/s]", "step": null, "ts": 1730799799.946569}]}, "version": 1060, "at": 1730799799.9466498}
{"obj": {"type": "LogStrings", "path": ["monitoring", "552629ed", "stderr"], "values": [{"value": "\r 62%|\u2588\u2588\u2588\u2588\u2588\u2588\u2588\u2588\u2588\u2588\u2588\u2588\u2588\u2588\u2588\u2588\u2588\u2588\u2588\u2588\u2588\u2588\u2588\u2588\u2588\u2588\u2588\u2588\u2588\u2588\u2588\u2588\u2588\u2588\u2588\u2588\u2588\u2588\u2588\u2588\u2588\u2588\u2588\u2588\u2588\u2588\u2588\u2588\u2588\u2588\u2588\u2588\u2588\u2588\u2588\u2588\u2588\u2588\u2588\u2588\u2588\u2588\u2588\u2588\u2588\u2588\u2588\u2588\u2588\u2588\u2588\u2588\u2588\u2588\u2588\u2588\u2588\u2588\u2588\u2588\u2588\u2588\u2588\u2588\u2588\u2588\u2588\u2588\u2588\u2588\u2588\u258d                                                        | 790/1279 [00:11<00:08, 58.80it/s]", "step": null, "ts": 1730799800.0921881}]}, "version": 1061, "at": 1730799800.0922937}
{"obj": {"type": "LogStrings", "path": ["monitoring", "552629ed", "stderr"], "values": [{"value": "\r 62%|\u2588\u2588\u2588\u2588\u2588\u2588\u2588\u2588\u2588\u2588\u2588\u2588\u2588\u2588\u2588\u2588\u2588\u2588\u2588\u2588\u2588\u2588\u2588\u2588\u2588\u2588\u2588\u2588\u2588\u2588\u2588\u2588\u2588\u2588\u2588\u2588\u2588\u2588\u2588\u2588\u2588\u2588\u2588\u2588\u2588\u2588\u2588\u2588\u2588\u2588\u2588\u2588\u2588\u2588\u2588\u2588\u2588\u2588\u2588\u2588\u2588\u2588\u2588\u2588\u2588\u2588\u2588\u2588\u2588\u2588\u2588\u2588\u2588\u2588\u2588\u2588\u2588\u2588\u2588\u2588\u2588\u2588\u2588\u2588\u2588\u2588\u2588\u2588\u2588\u2588\u2588\u2588\u258f                                                       | 797/1279 [00:11<00:07, 61.16it/s]", "step": null, "ts": 1730799800.1958}]}, "version": 1062, "at": 1730799800.1958845}
{"obj": {"type": "LogStrings", "path": ["monitoring", "552629ed", "stderr"], "values": [{"value": "\r 63%|\u2588\u2588\u2588\u2588\u2588\u2588\u2588\u2588\u2588\u2588\u2588\u2588\u2588\u2588\u2588\u2588\u2588\u2588\u2588\u2588\u2588\u2588\u2588\u2588\u2588\u2588\u2588\u2588\u2588\u2588\u2588\u2588\u2588\u2588\u2588\u2588\u2588\u2588\u2588\u2588\u2588\u2588\u2588\u2588\u2588\u2588\u2588\u2588\u2588\u2588\u2588\u2588\u2588\u2588\u2588\u2588\u2588\u2588\u2588\u2588\u2588\u2588\u2588\u2588\u2588\u2588\u2588\u2588\u2588\u2588\u2588\u2588\u2588\u2588\u2588\u2588\u2588\u2588\u2588\u2588\u2588\u2588\u2588\u2588\u2588\u2588\u2588\u2588\u2588\u2588\u2588\u2588\u2588                                                       | 804/1279 [00:11<00:07, 60.90it/s]", "step": null, "ts": 1730799800.3118632}]}, "version": 1063, "at": 1730799800.311951}
{"obj": {"type": "LogStrings", "path": ["monitoring", "552629ed", "stderr"], "values": [{"value": "\r 63%|\u2588\u2588\u2588\u2588\u2588\u2588\u2588\u2588\u2588\u2588\u2588\u2588\u2588\u2588\u2588\u2588\u2588\u2588\u2588\u2588\u2588\u2588\u2588\u2588\u2588\u2588\u2588\u2588\u2588\u2588\u2588\u2588\u2588\u2588\u2588\u2588\u2588\u2588\u2588\u2588\u2588\u2588\u2588\u2588\u2588\u2588\u2588\u2588\u2588\u2588\u2588\u2588\u2588\u2588\u2588\u2588\u2588\u2588\u2588\u2588\u2588\u2588\u2588\u2588\u2588\u2588\u2588\u2588\u2588\u2588\u2588\u2588\u2588\u2588\u2588\u2588\u2588\u2588\u2588\u2588\u2588\u2588\u2588\u2588\u2588\u2588\u2588\u2588\u2588\u2588\u2588\u2588\u2588\u258a                                                      | 811/1279 [00:12<00:07, 61.82it/s]", "step": null, "ts": 1730799800.4210842}]}, "version": 1064, "at": 1730799800.4211643}
{"obj": {"type": "LogStrings", "path": ["monitoring", "552629ed", "stderr"], "values": [{"value": "\r 64%|\u2588\u2588\u2588\u2588\u2588\u2588\u2588\u2588\u2588\u2588\u2588\u2588\u2588\u2588\u2588\u2588\u2588\u2588\u2588\u2588\u2588\u2588\u2588\u2588\u2588\u2588\u2588\u2588\u2588\u2588\u2588\u2588\u2588\u2588\u2588\u2588\u2588\u2588\u2588\u2588\u2588\u2588\u2588\u2588\u2588\u2588\u2588\u2588\u2588\u2588\u2588\u2588\u2588\u2588\u2588\u2588\u2588\u2588\u2588\u2588\u2588\u2588\u2588\u2588\u2588\u2588\u2588\u2588\u2588\u2588\u2588\u2588\u2588\u2588\u2588\u2588\u2588\u2588\u2588\u2588\u2588\u2588\u2588\u2588\u2588\u2588\u2588\u2588\u2588\u2588\u2588\u2588\u2588\u2588\u258a                                                     | 819/1279 [00:12<00:07, 65.04it/s]", "step": null, "ts": 1730799800.5309758}]}, "version": 1065, "at": 1730799800.5310884}
{"obj": {"type": "LogStrings", "path": ["monitoring", "552629ed", "stderr"], "values": [{"value": "\r 65%|\u2588\u2588\u2588\u2588\u2588\u2588\u2588\u2588\u2588\u2588\u2588\u2588\u2588\u2588\u2588\u2588\u2588\u2588\u2588\u2588\u2588\u2588\u2588\u2588\u2588\u2588\u2588\u2588\u2588\u2588\u2588\u2588\u2588\u2588\u2588\u2588\u2588\u2588\u2588\u2588\u2588\u2588\u2588\u2588\u2588\u2588\u2588\u2588\u2588\u2588\u2588\u2588\u2588\u2588\u2588\u2588\u2588\u2588\u2588\u2588\u2588\u2588\u2588\u2588\u2588\u2588\u2588\u2588\u2588\u2588\u2588\u2588\u2588\u2588\u2588\u2588\u2588\u2588\u2588\u2588\u2588\u2588\u2588\u2588\u2588\u2588\u2588\u2588\u2588\u2588\u2588\u2588\u2588\u2588\u2588\u258b                                                    | 827/1279 [00:12<00:06, 67.67it/s]", "step": null, "ts": 1730799800.6389594}]}, "version": 1066, "at": 1730799800.6390483}
{"obj": {"type": "LogStrings", "path": ["monitoring", "552629ed", "stderr"], "values": [{"value": "\r 65%|\u2588\u2588\u2588\u2588\u2588\u2588\u2588\u2588\u2588\u2588\u2588\u2588\u2588\u2588\u2588\u2588\u2588\u2588\u2588\u2588\u2588\u2588\u2588\u2588\u2588\u2588\u2588\u2588\u2588\u2588\u2588\u2588\u2588\u2588\u2588\u2588\u2588\u2588\u2588\u2588\u2588\u2588\u2588\u2588\u2588\u2588\u2588\u2588\u2588\u2588\u2588\u2588\u2588\u2588\u2588\u2588\u2588\u2588\u2588\u2588\u2588\u2588\u2588\u2588\u2588\u2588\u2588\u2588\u2588\u2588\u2588\u2588\u2588\u2588\u2588\u2588\u2588\u2588\u2588\u2588\u2588\u2588\u2588\u2588\u2588\u2588\u2588\u2588\u2588\u2588\u2588\u2588\u2588\u2588\u2588\u2588\u258c                                                   | 835/1279 [00:12<00:06, 69.34it/s]", "step": null, "ts": 1730799800.7480738}]}, "version": 1067, "at": 1730799800.7481527}
{"obj": {"type": "LogStrings", "path": ["monitoring", "552629ed", "stderr"], "values": [{"value": "\r 66%|\u2588\u2588\u2588\u2588\u2588\u2588\u2588\u2588\u2588\u2588\u2588\u2588\u2588\u2588\u2588\u2588\u2588\u2588\u2588\u2588\u2588\u2588\u2588\u2588\u2588\u2588\u2588\u2588\u2588\u2588\u2588\u2588\u2588\u2588\u2588\u2588\u2588\u2588\u2588\u2588\u2588\u2588\u2588\u2588\u2588\u2588\u2588\u2588\u2588\u2588\u2588\u2588\u2588\u2588\u2588\u2588\u2588\u2588\u2588\u2588\u2588\u2588\u2588\u2588\u2588\u2588\u2588\u2588\u2588\u2588\u2588\u2588\u2588\u2588\u2588\u2588\u2588\u2588\u2588\u2588\u2588\u2588\u2588\u2588\u2588\u2588\u2588\u2588\u2588\u2588\u2588\u2588\u2588\u2588\u2588\u2588\u2588\u258d                                                  | 842/1279 [00:12<00:06, 69.42it/s]", "step": null, "ts": 1730799800.8486493}]}, "version": 1068, "at": 1730799800.8487291}
{"obj": {"type": "LogStrings", "path": ["monitoring", "552629ed", "stderr"], "values": [{"value": "\r 66%|\u2588\u2588\u2588\u2588\u2588\u2588\u2588\u2588\u2588\u2588\u2588\u2588\u2588\u2588\u2588\u2588\u2588\u2588\u2588\u2588\u2588\u2588\u2588\u2588\u2588\u2588\u2588\u2588\u2588\u2588\u2588\u2588\u2588\u2588\u2588\u2588\u2588\u2588\u2588\u2588\u2588\u2588\u2588\u2588\u2588\u2588\u2588\u2588\u2588\u2588\u2588\u2588\u2588\u2588\u2588\u2588\u2588\u2588\u2588\u2588\u2588\u2588\u2588\u2588\u2588\u2588\u2588\u2588\u2588\u2588\u2588\u2588\u2588\u2588\u2588\u2588\u2588\u2588\u2588\u2588\u2588\u2588\u2588\u2588\u2588\u2588\u2588\u2588\u2588\u2588\u2588\u2588\u2588\u2588\u2588\u2588\u2588\u2588\u258e                                                 | 850/1279 [00:12<00:06, 69.97it/s]", "step": null, "ts": 1730799800.9609935}]}, "version": 1069, "at": 1730799800.9610713}
{"obj": {"type": "LogStrings", "path": ["monitoring", "552629ed", "stderr"], "values": [{"value": "\r 67%|\u2588\u2588\u2588\u2588\u2588\u2588\u2588\u2588\u2588\u2588\u2588\u2588\u2588\u2588\u2588\u2588\u2588\u2588\u2588\u2588\u2588\u2588\u2588\u2588\u2588\u2588\u2588\u2588\u2588\u2588\u2588\u2588\u2588\u2588\u2588\u2588\u2588\u2588\u2588\u2588\u2588\u2588\u2588\u2588\u2588\u2588\u2588\u2588\u2588\u2588\u2588\u2588\u2588\u2588\u2588\u2588\u2588\u2588\u2588\u2588\u2588\u2588\u2588\u2588\u2588\u2588\u2588\u2588\u2588\u2588\u2588\u2588\u2588\u2588\u2588\u2588\u2588\u2588\u2588\u2588\u2588\u2588\u2588\u2588\u2588\u2588\u2588\u2588\u2588\u2588\u2588\u2588\u2588\u2588\u2588\u2588\u2588\u2588\u2588\u258e                                                | 858/1279 [00:12<00:05, 71.28it/s]", "step": null, "ts": 1730799801.0685925}]}, "version": 1070, "at": 1730799801.0686746}
{"obj": {"type": "LogStrings", "path": ["monitoring", "552629ed", "stderr"], "values": [{"value": "\r 68%|\u2588\u2588\u2588\u2588\u2588\u2588\u2588\u2588\u2588\u2588\u2588\u2588\u2588\u2588\u2588\u2588\u2588\u2588\u2588\u2588\u2588\u2588\u2588\u2588\u2588\u2588\u2588\u2588\u2588\u2588\u2588\u2588\u2588\u2588\u2588\u2588\u2588\u2588\u2588\u2588\u2588\u2588\u2588\u2588\u2588\u2588\u2588\u2588\u2588\u2588\u2588\u2588\u2588\u2588\u2588\u2588\u2588\u2588\u2588\u2588\u2588\u2588\u2588\u2588\u2588\u2588\u2588\u2588\u2588\u2588\u2588\u2588\u2588\u2588\u2588\u2588\u2588\u2588\u2588\u2588\u2588\u2588\u2588\u2588\u2588\u2588\u2588\u2588\u2588\u2588\u2588\u2588\u2588\u2588\u2588\u2588\u2588\u2588\u2588\u2588\u258f                                               | 866/1279 [00:12<00:05, 71.75it/s]", "step": null, "ts": 1730799801.1784282}]}, "version": 1071, "at": 1730799801.1785223}
{"obj": {"type": "LogStrings", "path": ["monitoring", "552629ed", "stderr"], "values": [{"value": "\r 68%|\u2588\u2588\u2588\u2588\u2588\u2588\u2588\u2588\u2588\u2588\u2588\u2588\u2588\u2588\u2588\u2588\u2588\u2588\u2588\u2588\u2588\u2588\u2588\u2588\u2588\u2588\u2588\u2588\u2588\u2588\u2588\u2588\u2588\u2588\u2588\u2588\u2588\u2588\u2588\u2588\u2588\u2588\u2588\u2588\u2588\u2588\u2588\u2588\u2588\u2588\u2588\u2588\u2588\u2588\u2588\u2588\u2588\u2588\u2588\u2588\u2588\u2588\u2588\u2588\u2588\u2588\u2588\u2588\u2588\u2588\u2588\u2588\u2588\u2588\u2588\u2588\u2588\u2588\u2588\u2588\u2588\u2588\u2588\u2588\u2588\u2588\u2588\u2588\u2588\u2588\u2588\u2588\u2588\u2588\u2588\u2588\u2588\u2588\u2588\u2588\u2588\u258f                                              | 874/1279 [00:12<00:05, 72.18it/s]", "step": null, "ts": 1730799801.2877576}]}, "version": 1072, "at": 1730799801.287858}
{"obj": {"type": "LogStrings", "path": ["monitoring", "552629ed", "stderr"], "values": [{"value": "\r 69%|\u2588\u2588\u2588\u2588\u2588\u2588\u2588\u2588\u2588\u2588\u2588\u2588\u2588\u2588\u2588\u2588\u2588\u2588\u2588\u2588\u2588\u2588\u2588\u2588\u2588\u2588\u2588\u2588\u2588\u2588\u2588\u2588\u2588\u2588\u2588\u2588\u2588\u2588\u2588\u2588\u2588\u2588\u2588\u2588\u2588\u2588\u2588\u2588\u2588\u2588\u2588\u2588\u2588\u2588\u2588\u2588\u2588\u2588\u2588\u2588\u2588\u2588\u2588\u2588\u2588\u2588\u2588\u2588\u2588\u2588\u2588\u2588\u2588\u2588\u2588\u2588\u2588\u2588\u2588\u2588\u2588\u2588\u2588\u2588\u2588\u2588\u2588\u2588\u2588\u2588\u2588\u2588\u2588\u2588\u2588\u2588\u2588\u2588\u2588\u2588\u2588\u2588                                              | 882/1279 [00:13<00:05, 72.62it/s]", "step": null, "ts": 1730799801.3962936}]}, "version": 1073, "at": 1730799801.3963733}
{"obj": {"type": "LogStrings", "path": ["monitoring", "552629ed", "stderr"], "values": [{"value": "\r 70%|\u2588\u2588\u2588\u2588\u2588\u2588\u2588\u2588\u2588\u2588\u2588\u2588\u2588\u2588\u2588\u2588\u2588\u2588\u2588\u2588\u2588\u2588\u2588\u2588\u2588\u2588\u2588\u2588\u2588\u2588\u2588\u2588\u2588\u2588\u2588\u2588\u2588\u2588\u2588\u2588\u2588\u2588\u2588\u2588\u2588\u2588\u2588\u2588\u2588\u2588\u2588\u2588\u2588\u2588\u2588\u2588\u2588\u2588\u2588\u2588\u2588\u2588\u2588\u2588\u2588\u2588\u2588\u2588\u2588\u2588\u2588\u2588\u2588\u2588\u2588\u2588\u2588\u2588\u2588\u2588\u2588\u2588\u2588\u2588\u2588\u2588\u2588\u2588\u2588\u2588\u2588\u2588\u2588\u2588\u2588\u2588\u2588\u2588\u2588\u2588\u2588\u2588\u2589                                             | 890/1279 [00:13<00:05, 72.92it/s]", "step": null, "ts": 1730799801.5049748}]}, "version": 1074, "at": 1730799801.5050502}
{"obj": {"type": "LogStrings", "path": ["monitoring", "552629ed", "stderr"], "values": [{"value": "\r 70%|\u2588\u2588\u2588\u2588\u2588\u2588\u2588\u2588\u2588\u2588\u2588\u2588\u2588\u2588\u2588\u2588\u2588\u2588\u2588\u2588\u2588\u2588\u2588\u2588\u2588\u2588\u2588\u2588\u2588\u2588\u2588\u2588\u2588\u2588\u2588\u2588\u2588\u2588\u2588\u2588\u2588\u2588\u2588\u2588\u2588\u2588\u2588\u2588\u2588\u2588\u2588\u2588\u2588\u2588\u2588\u2588\u2588\u2588\u2588\u2588\u2588\u2588\u2588\u2588\u2588\u2588\u2588\u2588\u2588\u2588\u2588\u2588\u2588\u2588\u2588\u2588\u2588\u2588\u2588\u2588\u2588\u2588\u2588\u2588\u2588\u2588\u2588\u2588\u2588\u2588\u2588\u2588\u2588\u2588\u2588\u2588\u2588\u2588\u2588\u2588\u2588\u2588\u2588\u2589                                            | 898/1279 [00:13<00:05, 73.11it/s]", "step": null, "ts": 1730799801.613739}]}, "version": 1075, "at": 1730799801.6138196}
{"obj": {"type": "LogStrings", "path": ["monitoring", "552629ed", "stderr"], "values": [{"value": "\r 71%|\u2588\u2588\u2588\u2588\u2588\u2588\u2588\u2588\u2588\u2588\u2588\u2588\u2588\u2588\u2588\u2588\u2588\u2588\u2588\u2588\u2588\u2588\u2588\u2588\u2588\u2588\u2588\u2588\u2588\u2588\u2588\u2588\u2588\u2588\u2588\u2588\u2588\u2588\u2588\u2588\u2588\u2588\u2588\u2588\u2588\u2588\u2588\u2588\u2588\u2588\u2588\u2588\u2588\u2588\u2588\u2588\u2588\u2588\u2588\u2588\u2588\u2588\u2588\u2588\u2588\u2588\u2588\u2588\u2588\u2588\u2588\u2588\u2588\u2588\u2588\u2588\u2588\u2588\u2588\u2588\u2588\u2588\u2588\u2588\u2588\u2588\u2588\u2588\u2588\u2588\u2588\u2588\u2588\u2588\u2588\u2588\u2588\u2588\u2588\u2588\u2588\u2588\u2588\u2588\u258a                                           | 906/1279 [00:13<00:05, 73.35it/s]", "step": null, "ts": 1730799801.7220027}]}, "version": 1076, "at": 1730799801.7220755}
{"obj": {"type": "LogStrings", "path": ["monitoring", "552629ed", "stderr"], "values": [{"value": "\r 71%|\u2588\u2588\u2588\u2588\u2588\u2588\u2588\u2588\u2588\u2588\u2588\u2588\u2588\u2588\u2588\u2588\u2588\u2588\u2588\u2588\u2588\u2588\u2588\u2588\u2588\u2588\u2588\u2588\u2588\u2588\u2588\u2588\u2588\u2588\u2588\u2588\u2588\u2588\u2588\u2588\u2588\u2588\u2588\u2588\u2588\u2588\u2588\u2588\u2588\u2588\u2588\u2588\u2588\u2588\u2588\u2588\u2588\u2588\u2588\u2588\u2588\u2588\u2588\u2588\u2588\u2588\u2588\u2588\u2588\u2588\u2588\u2588\u2588\u2588\u2588\u2588\u2588\u2588\u2588\u2588\u2588\u2588\u2588\u2588\u2588\u2588\u2588\u2588\u2588\u2588\u2588\u2588\u2588\u2588\u2588\u2588\u2588\u2588\u2588\u2588\u2588\u2588\u2588\u2588\u2588\u258a                                          | 914/1279 [00:13<00:05, 72.20it/s]", "step": null, "ts": 1730799801.836933}]}, "version": 1077, "at": 1730799801.8370354}
{"obj": {"type": "LogStrings", "path": ["monitoring", "552629ed", "stderr"], "values": [{"value": "\r 72%|\u2588\u2588\u2588\u2588\u2588\u2588\u2588\u2588\u2588\u2588\u2588\u2588\u2588\u2588\u2588\u2588\u2588\u2588\u2588\u2588\u2588\u2588\u2588\u2588\u2588\u2588\u2588\u2588\u2588\u2588\u2588\u2588\u2588\u2588\u2588\u2588\u2588\u2588\u2588\u2588\u2588\u2588\u2588\u2588\u2588\u2588\u2588\u2588\u2588\u2588\u2588\u2588\u2588\u2588\u2588\u2588\u2588\u2588\u2588\u2588\u2588\u2588\u2588\u2588\u2588\u2588\u2588\u2588\u2588\u2588\u2588\u2588\u2588\u2588\u2588\u2588\u2588\u2588\u2588\u2588\u2588\u2588\u2588\u2588\u2588\u2588\u2588\u2588\u2588\u2588\u2588\u2588\u2588\u2588\u2588\u2588\u2588\u2588\u2588\u2588\u2588\u2588\u2588\u2588\u2588\u2588\u258b                                         | 922/1279 [00:13<00:05, 71.33it/s]", "step": null, "ts": 1730799801.9522362}]}, "version": 1078, "at": 1730799801.9523141}
{"obj": {"type": "LogStrings", "path": ["monitoring", "552629ed", "stderr"], "values": [{"value": "\r 73%|\u2588\u2588\u2588\u2588\u2588\u2588\u2588\u2588\u2588\u2588\u2588\u2588\u2588\u2588\u2588\u2588\u2588\u2588\u2588\u2588\u2588\u2588\u2588\u2588\u2588\u2588\u2588\u2588\u2588\u2588\u2588\u2588\u2588\u2588\u2588\u2588\u2588\u2588\u2588\u2588\u2588\u2588\u2588\u2588\u2588\u2588\u2588\u2588\u2588\u2588\u2588\u2588\u2588\u2588\u2588\u2588\u2588\u2588\u2588\u2588\u2588\u2588\u2588\u2588\u2588\u2588\u2588\u2588\u2588\u2588\u2588\u2588\u2588\u2588\u2588\u2588\u2588\u2588\u2588\u2588\u2588\u2588\u2588\u2588\u2588\u2588\u2588\u2588\u2588\u2588\u2588\u2588\u2588\u2588\u2588\u2588\u2588\u2588\u2588\u2588\u2588\u2588\u2588\u2588\u2588\u2588\u2588\u258c                                        | 930/1279 [00:13<00:04, 71.37it/s]", "step": null, "ts": 1730799802.0641}]}, "version": 1079, "at": 1730799802.064172}
{"obj": {"type": "LogStrings", "path": ["monitoring", "552629ed", "stderr"], "values": [{"value": "\r 73%|\u2588\u2588\u2588\u2588\u2588\u2588\u2588\u2588\u2588\u2588\u2588\u2588\u2588\u2588\u2588\u2588\u2588\u2588\u2588\u2588\u2588\u2588\u2588\u2588\u2588\u2588\u2588\u2588\u2588\u2588\u2588\u2588\u2588\u2588\u2588\u2588\u2588\u2588\u2588\u2588\u2588\u2588\u2588\u2588\u2588\u2588\u2588\u2588\u2588\u2588\u2588\u2588\u2588\u2588\u2588\u2588\u2588\u2588\u2588\u2588\u2588\u2588\u2588\u2588\u2588\u2588\u2588\u2588\u2588\u2588\u2588\u2588\u2588\u2588\u2588\u2588\u2588\u2588\u2588\u2588\u2588\u2588\u2588\u2588\u2588\u2588\u2588\u2588\u2588\u2588\u2588\u2588\u2588\u2588\u2588\u2588\u2588\u2588\u2588\u2588\u2588\u2588\u2588\u2588\u2588\u2588\u2588\u2588\u258c                                       | 938/1279 [00:13<00:04, 72.80it/s]", "step": null, "ts": 1730799802.1688786}]}, "version": 1080, "at": 1730799802.1689851}
{"obj": {"type": "LogStrings", "path": ["monitoring", "552629ed", "stderr"], "values": [{"value": "\r 74%|\u2588\u2588\u2588\u2588\u2588\u2588\u2588\u2588\u2588\u2588\u2588\u2588\u2588\u2588\u2588\u2588\u2588\u2588\u2588\u2588\u2588\u2588\u2588\u2588\u2588\u2588\u2588\u2588\u2588\u2588\u2588\u2588\u2588\u2588\u2588\u2588\u2588\u2588\u2588\u2588\u2588\u2588\u2588\u2588\u2588\u2588\u2588\u2588\u2588\u2588\u2588\u2588\u2588\u2588\u2588\u2588\u2588\u2588\u2588\u2588\u2588\u2588\u2588\u2588\u2588\u2588\u2588\u2588\u2588\u2588\u2588\u2588\u2588\u2588\u2588\u2588\u2588\u2588\u2588\u2588\u2588\u2588\u2588\u2588\u2588\u2588\u2588\u2588\u2588\u2588\u2588\u2588\u2588\u2588\u2588\u2588\u2588\u2588\u2588\u2588\u2588\u2588\u2588\u2588\u2588\u2588\u2588\u2588\u2588\u258d                                      | 946/1279 [00:13<00:04, 72.40it/s]", "step": null, "ts": 1730799802.2807906}]}, "version": 1081, "at": 1730799802.280872}
{"obj": {"type": "LogStrings", "path": ["monitoring", "552629ed", "stderr"], "values": [{"value": "\r 75%|\u2588\u2588\u2588\u2588\u2588\u2588\u2588\u2588\u2588\u2588\u2588\u2588\u2588\u2588\u2588\u2588\u2588\u2588\u2588\u2588\u2588\u2588\u2588\u2588\u2588\u2588\u2588\u2588\u2588\u2588\u2588\u2588\u2588\u2588\u2588\u2588\u2588\u2588\u2588\u2588\u2588\u2588\u2588\u2588\u2588\u2588\u2588\u2588\u2588\u2588\u2588\u2588\u2588\u2588\u2588\u2588\u2588\u2588\u2588\u2588\u2588\u2588\u2588\u2588\u2588\u2588\u2588\u2588\u2588\u2588\u2588\u2588\u2588\u2588\u2588\u2588\u2588\u2588\u2588\u2588\u2588\u2588\u2588\u2588\u2588\u2588\u2588\u2588\u2588\u2588\u2588\u2588\u2588\u2588\u2588\u2588\u2588\u2588\u2588\u2588\u2588\u2588\u2588\u2588\u2588\u2588\u2588\u2588\u2588\u2588\u258d                                     | 954/1279 [00:14<00:04, 72.65it/s]", "step": null, "ts": 1730799802.390008}]}, "version": 1082, "at": 1730799802.3900979}
{"obj": {"type": "LogStrings", "path": ["monitoring", "552629ed", "stderr"], "values": [{"value": "\r 75%|\u2588\u2588\u2588\u2588\u2588\u2588\u2588\u2588\u2588\u2588\u2588\u2588\u2588\u2588\u2588\u2588\u2588\u2588\u2588\u2588\u2588\u2588\u2588\u2588\u2588\u2588\u2588\u2588\u2588\u2588\u2588\u2588\u2588\u2588\u2588\u2588\u2588\u2588\u2588\u2588\u2588\u2588\u2588\u2588\u2588\u2588\u2588\u2588\u2588\u2588\u2588\u2588\u2588\u2588\u2588\u2588\u2588\u2588\u2588\u2588\u2588\u2588\u2588\u2588\u2588\u2588\u2588\u2588\u2588\u2588\u2588\u2588\u2588\u2588\u2588\u2588\u2588\u2588\u2588\u2588\u2588\u2588\u2588\u2588\u2588\u2588\u2588\u2588\u2588\u2588\u2588\u2588\u2588\u2588\u2588\u2588\u2588\u2588\u2588\u2588\u2588\u2588\u2588\u2588\u2588\u2588\u2588\u2588\u2588\u2588\u2588\u258e                                    | 962/1279 [00:14<00:04, 72.70it/s]", "step": null, "ts": 1730799802.4998717}]}, "version": 1083, "at": 1730799802.499952}
{"obj": {"type": "LogStrings", "path": ["monitoring", "552629ed", "stderr"], "values": [{"value": "\r 76%|\u2588\u2588\u2588\u2588\u2588\u2588\u2588\u2588\u2588\u2588\u2588\u2588\u2588\u2588\u2588\u2588\u2588\u2588\u2588\u2588\u2588\u2588\u2588\u2588\u2588\u2588\u2588\u2588\u2588\u2588\u2588\u2588\u2588\u2588\u2588\u2588\u2588\u2588\u2588\u2588\u2588\u2588\u2588\u2588\u2588\u2588\u2588\u2588\u2588\u2588\u2588\u2588\u2588\u2588\u2588\u2588\u2588\u2588\u2588\u2588\u2588\u2588\u2588\u2588\u2588\u2588\u2588\u2588\u2588\u2588\u2588\u2588\u2588\u2588\u2588\u2588\u2588\u2588\u2588\u2588\u2588\u2588\u2588\u2588\u2588\u2588\u2588\u2588\u2588\u2588\u2588\u2588\u2588\u2588\u2588\u2588\u2588\u2588\u2588\u2588\u2588\u2588\u2588\u2588\u2588\u2588\u2588\u2588\u2588\u2588\u2588\u2588\u258f                                   | 970/1279 [00:14<00:04, 72.83it/s]", "step": null, "ts": 1730799802.6092181}]}, "version": 1084, "at": 1730799802.609298}
{"obj": {"type": "LogStrings", "path": ["monitoring", "552629ed", "stderr"], "values": [{"value": "\r 76%|\u2588\u2588\u2588\u2588\u2588\u2588\u2588\u2588\u2588\u2588\u2588\u2588\u2588\u2588\u2588\u2588\u2588\u2588\u2588\u2588\u2588\u2588\u2588\u2588\u2588\u2588\u2588\u2588\u2588\u2588\u2588\u2588\u2588\u2588\u2588\u2588\u2588\u2588\u2588\u2588\u2588\u2588\u2588\u2588\u2588\u2588\u2588\u2588\u2588\u2588\u2588\u2588\u2588\u2588\u2588\u2588\u2588\u2588\u2588\u2588\u2588\u2588\u2588\u2588\u2588\u2588\u2588\u2588\u2588\u2588\u2588\u2588\u2588\u2588\u2588\u2588\u2588\u2588\u2588\u2588\u2588\u2588\u2588\u2588\u2588\u2588\u2588\u2588\u2588\u2588\u2588\u2588\u2588\u2588\u2588\u2588\u2588\u2588\u2588\u2588\u2588\u2588\u2588\u2588\u2588\u2588\u2588\u2588\u2588\u2588\u2588\u2588\u2588\u258f                                  | 978/1279 [00:14<00:04, 73.08it/s]", "step": null, "ts": 1730799802.717847}]}, "version": 1085, "at": 1730799802.717917}
{"obj": {"type": "LogStrings", "path": ["monitoring", "552629ed", "stderr"], "values": [{"value": "\r 77%|\u2588\u2588\u2588\u2588\u2588\u2588\u2588\u2588\u2588\u2588\u2588\u2588\u2588\u2588\u2588\u2588\u2588\u2588\u2588\u2588\u2588\u2588\u2588\u2588\u2588\u2588\u2588\u2588\u2588\u2588\u2588\u2588\u2588\u2588\u2588\u2588\u2588\u2588\u2588\u2588\u2588\u2588\u2588\u2588\u2588\u2588\u2588\u2588\u2588\u2588\u2588\u2588\u2588\u2588\u2588\u2588\u2588\u2588\u2588\u2588\u2588\u2588\u2588\u2588\u2588\u2588\u2588\u2588\u2588\u2588\u2588\u2588\u2588\u2588\u2588\u2588\u2588\u2588\u2588\u2588\u2588\u2588\u2588\u2588\u2588\u2588\u2588\u2588\u2588\u2588\u2588\u2588\u2588\u2588\u2588\u2588\u2588\u2588\u2588\u2588\u2588\u2588\u2588\u2588\u2588\u2588\u2588\u2588\u2588\u2588\u2588\u2588\u2588\u2588                                  | 986/1279 [00:14<00:04, 72.86it/s]", "step": null, "ts": 1730799802.8284671}]}, "version": 1086, "at": 1730799802.828564}
{"obj": {"type": "LogStrings", "path": ["monitoring", "552629ed", "stderr"], "values": [{"value": "\r 78%|\u2588\u2588\u2588\u2588\u2588\u2588\u2588\u2588\u2588\u2588\u2588\u2588\u2588\u2588\u2588\u2588\u2588\u2588\u2588\u2588\u2588\u2588\u2588\u2588\u2588\u2588\u2588\u2588\u2588\u2588\u2588\u2588\u2588\u2588\u2588\u2588\u2588\u2588\u2588\u2588\u2588\u2588\u2588\u2588\u2588\u2588\u2588\u2588\u2588\u2588\u2588\u2588\u2588\u2588\u2588\u2588\u2588\u2588\u2588\u2588\u2588\u2588\u2588\u2588\u2588\u2588\u2588\u2588\u2588\u2588\u2588\u2588\u2588\u2588\u2588\u2588\u2588\u2588\u2588\u2588\u2588\u2588\u2588\u2588\u2588\u2588\u2588\u2588\u2588\u2588\u2588\u2588\u2588\u2588\u2588\u2588\u2588\u2588\u2588\u2588\u2588\u2588\u2588\u2588\u2588\u2588\u2588\u2588\u2588\u2588\u2588\u2588\u2588\u2588\u2588                                 | 994/1279 [00:14<00:03, 72.33it/s]", "step": null, "ts": 1730799802.9409459}]}, "version": 1087, "at": 1730799802.941036}
{"obj": {"type": "LogStrings", "path": ["monitoring", "552629ed", "stderr"], "values": [{"value": "\r 78%|\u2588\u2588\u2588\u2588\u2588\u2588\u2588\u2588\u2588\u2588\u2588\u2588\u2588\u2588\u2588\u2588\u2588\u2588\u2588\u2588\u2588\u2588\u2588\u2588\u2588\u2588\u2588\u2588\u2588\u2588\u2588\u2588\u2588\u2588\u2588\u2588\u2588\u2588\u2588\u2588\u2588\u2588\u2588\u2588\u2588\u2588\u2588\u2588\u2588\u2588\u2588\u2588\u2588\u2588\u2588\u2588\u2588\u2588\u2588\u2588\u2588\u2588\u2588\u2588\u2588\u2588\u2588\u2588\u2588\u2588\u2588\u2588\u2588\u2588\u2588\u2588\u2588\u2588\u2588\u2588\u2588\u2588\u2588\u2588\u2588\u2588\u2588\u2588\u2588\u2588\u2588\u2588\u2588\u2588\u2588\u2588\u2588\u2588\u2588\u2588\u2588\u2588\u2588\u2588\u2588\u2588\u2588\u2588\u2588\u2588\u2588\u2588\u2588\u2588\u2588\u258f                               | 1002/1279 [00:14<00:04, 63.44it/s]", "step": null, "ts": 1730799803.1033444}]}, "version": 1088, "at": 1730799803.103462}
{"obj": {"type": "LogStrings", "path": ["monitoring", "552629ed", "stderr"], "values": [{"value": "\r 79%|\u2588\u2588\u2588\u2588\u2588\u2588\u2588\u2588\u2588\u2588\u2588\u2588\u2588\u2588\u2588\u2588\u2588\u2588\u2588\u2588\u2588\u2588\u2588\u2588\u2588\u2588\u2588\u2588\u2588\u2588\u2588\u2588\u2588\u2588\u2588\u2588\u2588\u2588\u2588\u2588\u2588\u2588\u2588\u2588\u2588\u2588\u2588\u2588\u2588\u2588\u2588\u2588\u2588\u2588\u2588\u2588\u2588\u2588\u2588\u2588\u2588\u2588\u2588\u2588\u2588\u2588\u2588\u2588\u2588\u2588\u2588\u2588\u2588\u2588\u2588\u2588\u2588\u2588\u2588\u2588\u2588\u2588\u2588\u2588\u2588\u2588\u2588\u2588\u2588\u2588\u2588\u2588\u2588\u2588\u2588\u2588\u2588\u2588\u2588\u2588\u2588\u2588\u2588\u2588\u2588\u2588\u2588\u2588\u2588\u2588\u2588\u2588\u2588\u2588\u2588\u2588                               | 1010/1279 [00:14<00:04, 65.68it/s]", "step": null, "ts": 1730799803.2151947}]}, "version": 1089, "at": 1730799803.2153027}
{"obj": {"type": "LogStrings", "path": ["monitoring", "552629ed", "stderr"], "values": [{"value": "\r 80%|\u2588\u2588\u2588\u2588\u2588\u2588\u2588\u2588\u2588\u2588\u2588\u2588\u2588\u2588\u2588\u2588\u2588\u2588\u2588\u2588\u2588\u2588\u2588\u2588\u2588\u2588\u2588\u2588\u2588\u2588\u2588\u2588\u2588\u2588\u2588\u2588\u2588\u2588\u2588\u2588\u2588\u2588\u2588\u2588\u2588\u2588\u2588\u2588\u2588\u2588\u2588\u2588\u2588\u2588\u2588\u2588\u2588\u2588\u2588\u2588\u2588\u2588\u2588\u2588\u2588\u2588\u2588\u2588\u2588\u2588\u2588\u2588\u2588\u2588\u2588\u2588\u2588\u2588\u2588\u2588\u2588\u2588\u2588\u2588\u2588\u2588\u2588\u2588\u2588\u2588\u2588\u2588\u2588\u2588\u2588\u2588\u2588\u2588\u2588\u2588\u2588\u2588\u2588\u2588\u2588\u2588\u2588\u2588\u2588\u2588\u2588\u2588\u2588\u2588\u2588\u2588\u2589                              | 1017/1279 [00:14<00:04, 65.46it/s]", "step": null, "ts": 1730799803.3228765}]}, "version": 1090, "at": 1730799803.3229675}
{"obj": {"type": "LogStrings", "path": ["monitoring", "552629ed", "stderr"], "values": [{"value": "\r 80%|\u2588\u2588\u2588\u2588\u2588\u2588\u2588\u2588\u2588\u2588\u2588\u2588\u2588\u2588\u2588\u2588\u2588\u2588\u2588\u2588\u2588\u2588\u2588\u2588\u2588\u2588\u2588\u2588\u2588\u2588\u2588\u2588\u2588\u2588\u2588\u2588\u2588\u2588\u2588\u2588\u2588\u2588\u2588\u2588\u2588\u2588\u2588\u2588\u2588\u2588\u2588\u2588\u2588\u2588\u2588\u2588\u2588\u2588\u2588\u2588\u2588\u2588\u2588\u2588\u2588\u2588\u2588\u2588\u2588\u2588\u2588\u2588\u2588\u2588\u2588\u2588\u2588\u2588\u2588\u2588\u2588\u2588\u2588\u2588\u2588\u2588\u2588\u2588\u2588\u2588\u2588\u2588\u2588\u2588\u2588\u2588\u2588\u2588\u2588\u2588\u2588\u2588\u2588\u2588\u2588\u2588\u2588\u2588\u2588\u2588\u2588\u2588\u2588\u2588\u2588\u2588\u2588\u258b                             | 1024/1279 [00:15<00:03, 66.04it/s]", "step": null, "ts": 1730799803.4264677}]}, "version": 1091, "at": 1730799803.4265327}
{"obj": {"type": "LogStrings", "path": ["monitoring", "552629ed", "stderr"], "values": [{"value": "\r 81%|\u2588\u2588\u2588\u2588\u2588\u2588\u2588\u2588\u2588\u2588\u2588\u2588\u2588\u2588\u2588\u2588\u2588\u2588\u2588\u2588\u2588\u2588\u2588\u2588\u2588\u2588\u2588\u2588\u2588\u2588\u2588\u2588\u2588\u2588\u2588\u2588\u2588\u2588\u2588\u2588\u2588\u2588\u2588\u2588\u2588\u2588\u2588\u2588\u2588\u2588\u2588\u2588\u2588\u2588\u2588\u2588\u2588\u2588\u2588\u2588\u2588\u2588\u2588\u2588\u2588\u2588\u2588\u2588\u2588\u2588\u2588\u2588\u2588\u2588\u2588\u2588\u2588\u2588\u2588\u2588\u2588\u2588\u2588\u2588\u2588\u2588\u2588\u2588\u2588\u2588\u2588\u2588\u2588\u2588\u2588\u2588\u2588\u2588\u2588\u2588\u2588\u2588\u2588\u2588\u2588\u2588\u2588\u2588\u2588\u2588\u2588\u2588\u2588\u2588\u2588\u2588\u2588\u2588\u258d                            | 1031/1279 [00:15<00:03, 66.50it/s]", "step": null, "ts": 1730799803.5299566}]}, "version": 1092, "at": 1730799803.5300457}
{"obj": {"type": "LogStrings", "path": ["monitoring", "552629ed", "stderr"], "values": [{"value": "\r 81%|\u2588\u2588\u2588\u2588\u2588\u2588\u2588\u2588\u2588\u2588\u2588\u2588\u2588\u2588\u2588\u2588\u2588\u2588\u2588\u2588\u2588\u2588\u2588\u2588\u2588\u2588\u2588\u2588\u2588\u2588\u2588\u2588\u2588\u2588\u2588\u2588\u2588\u2588\u2588\u2588\u2588\u2588\u2588\u2588\u2588\u2588\u2588\u2588\u2588\u2588\u2588\u2588\u2588\u2588\u2588\u2588\u2588\u2588\u2588\u2588\u2588\u2588\u2588\u2588\u2588\u2588\u2588\u2588\u2588\u2588\u2588\u2588\u2588\u2588\u2588\u2588\u2588\u2588\u2588\u2588\u2588\u2588\u2588\u2588\u2588\u2588\u2588\u2588\u2588\u2588\u2588\u2588\u2588\u2588\u2588\u2588\u2588\u2588\u2588\u2588\u2588\u2588\u2588\u2588\u2588\u2588\u2588\u2588\u2588\u2588\u2588\u2588\u2588\u2588\u2588\u2588\u2588\u2588\u2588\u258e                           | 1038/1279 [00:15<00:03, 67.02it/s]", "step": null, "ts": 1730799803.632359}]}, "version": 1093, "at": 1730799803.6324515}
{"obj": {"type": "LogStrings", "path": ["monitoring", "552629ed", "stderr"], "values": [{"value": "\r 82%|\u2588\u2588\u2588\u2588\u2588\u2588\u2588\u2588\u2588\u2588\u2588\u2588\u2588\u2588\u2588\u2588\u2588\u2588\u2588\u2588\u2588\u2588\u2588\u2588\u2588\u2588\u2588\u2588\u2588\u2588\u2588\u2588\u2588\u2588\u2588\u2588\u2588\u2588\u2588\u2588\u2588\u2588\u2588\u2588\u2588\u2588\u2588\u2588\u2588\u2588\u2588\u2588\u2588\u2588\u2588\u2588\u2588\u2588\u2588\u2588\u2588\u2588\u2588\u2588\u2588\u2588\u2588\u2588\u2588\u2588\u2588\u2588\u2588\u2588\u2588\u2588\u2588\u2588\u2588\u2588\u2588\u2588\u2588\u2588\u2588\u2588\u2588\u2588\u2588\u2588\u2588\u2588\u2588\u2588\u2588\u2588\u2588\u2588\u2588\u2588\u2588\u2588\u2588\u2588\u2588\u2588\u2588\u2588\u2588\u2588\u2588\u2588\u2588\u2588\u2588\u2588\u2588\u2588\u2588\u2588                           | 1045/1279 [00:15<00:03, 66.16it/s]", "step": null, "ts": 1730799803.7414658}]}, "version": 1094, "at": 1730799803.741569}
{"obj": {"type": "LogStrings", "path": ["monitoring", "552629ed", "stderr"], "values": [{"value": "\r 82%|\u2588\u2588\u2588\u2588\u2588\u2588\u2588\u2588\u2588\u2588\u2588\u2588\u2588\u2588\u2588\u2588\u2588\u2588\u2588\u2588\u2588\u2588\u2588\u2588\u2588\u2588\u2588\u2588\u2588\u2588\u2588\u2588\u2588\u2588\u2588\u2588\u2588\u2588\u2588\u2588\u2588\u2588\u2588\u2588\u2588\u2588\u2588\u2588\u2588\u2588\u2588\u2588\u2588\u2588\u2588\u2588\u2588\u2588\u2588\u2588\u2588\u2588\u2588\u2588\u2588\u2588\u2588\u2588\u2588\u2588\u2588\u2588\u2588\u2588\u2588\u2588\u2588\u2588\u2588\u2588\u2588\u2588\u2588\u2588\u2588\u2588\u2588\u2588\u2588\u2588\u2588\u2588\u2588\u2588\u2588\u2588\u2588\u2588\u2588\u2588\u2588\u2588\u2588\u2588\u2588\u2588\u2588\u2588\u2588\u2588\u2588\u2588\u2588\u2588\u2588\u2588\u2588\u2588\u2588\u2588\u2589                          | 1052/1279 [00:15<00:03, 64.63it/s]", "step": null, "ts": 1730799803.8557363}]}, "version": 1095, "at": 1730799803.8558316}
{"obj": {"type": "LogStrings", "path": ["monitoring", "552629ed", "stderr"], "values": [{"value": "\r 83%|\u2588\u2588\u2588\u2588\u2588\u2588\u2588\u2588\u2588\u2588\u2588\u2588\u2588\u2588\u2588\u2588\u2588\u2588\u2588\u2588\u2588\u2588\u2588\u2588\u2588\u2588\u2588\u2588\u2588\u2588\u2588\u2588\u2588\u2588\u2588\u2588\u2588\u2588\u2588\u2588\u2588\u2588\u2588\u2588\u2588\u2588\u2588\u2588\u2588\u2588\u2588\u2588\u2588\u2588\u2588\u2588\u2588\u2588\u2588\u2588\u2588\u2588\u2588\u2588\u2588\u2588\u2588\u2588\u2588\u2588\u2588\u2588\u2588\u2588\u2588\u2588\u2588\u2588\u2588\u2588\u2588\u2588\u2588\u2588\u2588\u2588\u2588\u2588\u2588\u2588\u2588\u2588\u2588\u2588\u2588\u2588\u2588\u2588\u2588\u2588\u2588\u2588\u2588\u2588\u2588\u2588\u2588\u2588\u2588\u2588\u2588\u2588\u2588\u2588\u2588\u2588\u2588\u2588\u2588\u2588\u2588\u258b                         | 1059/1279 [00:15<00:03, 63.66it/s]", "step": null, "ts": 1730799803.9696853}]}, "version": 1096, "at": 1730799803.969782}
{"obj": {"type": "LogStrings", "path": ["monitoring", "552629ed", "stderr"], "values": [{"value": "\r 83%|\u2588\u2588\u2588\u2588\u2588\u2588\u2588\u2588\u2588\u2588\u2588\u2588\u2588\u2588\u2588\u2588\u2588\u2588\u2588\u2588\u2588\u2588\u2588\u2588\u2588\u2588\u2588\u2588\u2588\u2588\u2588\u2588\u2588\u2588\u2588\u2588\u2588\u2588\u2588\u2588\u2588\u2588\u2588\u2588\u2588\u2588\u2588\u2588\u2588\u2588\u2588\u2588\u2588\u2588\u2588\u2588\u2588\u2588\u2588\u2588\u2588\u2588\u2588\u2588\u2588\u2588\u2588\u2588\u2588\u2588\u2588\u2588\u2588\u2588\u2588\u2588\u2588\u2588\u2588\u2588\u2588\u2588\u2588\u2588\u2588\u2588\u2588\u2588\u2588\u2588\u2588\u2588\u2588\u2588\u2588\u2588\u2588\u2588\u2588\u2588\u2588\u2588\u2588\u2588\u2588\u2588\u2588\u2588\u2588\u2588\u2588\u2588\u2588\u2588\u2588\u2588\u2588\u2588\u2588\u2588\u2588\u2588\u258c                        | 1066/1279 [00:15<00:04, 52.37it/s]", "step": null, "ts": 1730799804.159369}]}, "version": 1097, "at": 1730799804.1594856}
{"obj": {"type": "LogStrings", "path": ["monitoring", "552629ed", "stderr"], "values": [{"value": "\r 84%|\u2588\u2588\u2588\u2588\u2588\u2588\u2588\u2588\u2588\u2588\u2588\u2588\u2588\u2588\u2588\u2588\u2588\u2588\u2588\u2588\u2588\u2588\u2588\u2588\u2588\u2588\u2588\u2588\u2588\u2588\u2588\u2588\u2588\u2588\u2588\u2588\u2588\u2588\u2588\u2588\u2588\u2588\u2588\u2588\u2588\u2588\u2588\u2588\u2588\u2588\u2588\u2588\u2588\u2588\u2588\u2588\u2588\u2588\u2588\u2588\u2588\u2588\u2588\u2588\u2588\u2588\u2588\u2588\u2588\u2588\u2588\u2588\u2588\u2588\u2588\u2588\u2588\u2588\u2588\u2588\u2588\u2588\u2588\u2588\u2588\u2588\u2588\u2588\u2588\u2588\u2588\u2588\u2588\u2588\u2588\u2588\u2588\u2588\u2588\u2588\u2588\u2588\u2588\u2588\u2588\u2588\u2588\u2588\u2588\u2588\u2588\u2588\u2588\u2588\u2588\u2588\u2588\u2588\u2588\u2588\u2588\u2588\u2588\u258e                       | 1073/1279 [00:15<00:03, 55.66it/s]", "step": null, "ts": 1730799804.2664416}]}, "version": 1098, "at": 1730799804.2665343}
{"obj": {"type": "LogStrings", "path": ["monitoring", "552629ed", "stderr"], "values": [{"value": "\r 84%|\u2588\u2588\u2588\u2588\u2588\u2588\u2588\u2588\u2588\u2588\u2588\u2588\u2588\u2588\u2588\u2588\u2588\u2588\u2588\u2588\u2588\u2588\u2588\u2588\u2588\u2588\u2588\u2588\u2588\u2588\u2588\u2588\u2588\u2588\u2588\u2588\u2588\u2588\u2588\u2588\u2588\u2588\u2588\u2588\u2588\u2588\u2588\u2588\u2588\u2588\u2588\u2588\u2588\u2588\u2588\u2588\u2588\u2588\u2588\u2588\u2588\u2588\u2588\u2588\u2588\u2588\u2588\u2588\u2588\u2588\u2588\u2588\u2588\u2588\u2588\u2588\u2588\u2588\u2588\u2588\u2588\u2588\u2588\u2588\u2588\u2588\u2588\u2588\u2588\u2588\u2588\u2588\u2588\u2588\u2588\u2588\u2588\u2588\u2588\u2588\u2588\u2588\u2588\u2588\u2588\u2588\u2588\u2588\u2588\u2588\u2588\u2588\u2588\u2588\u2588\u2588\u2588\u2588\u2588\u2588\u2588\u2588\u2588\u2588\u258f                      | 1080/1279 [00:16<00:03, 58.14it/s]", "step": null, "ts": 1730799804.3741584}]}, "version": 1099, "at": 1730799804.3742816}
{"obj": {"type": "LogStrings", "path": ["monitoring", "552629ed", "stderr"], "values": [{"value": "\r 85%|\u2588\u2588\u2588\u2588\u2588\u2588\u2588\u2588\u2588\u2588\u2588\u2588\u2588\u2588\u2588\u2588\u2588\u2588\u2588\u2588\u2588\u2588\u2588\u2588\u2588\u2588\u2588\u2588\u2588\u2588\u2588\u2588\u2588\u2588\u2588\u2588\u2588\u2588\u2588\u2588\u2588\u2588\u2588\u2588\u2588\u2588\u2588\u2588\u2588\u2588\u2588\u2588\u2588\u2588\u2588\u2588\u2588\u2588\u2588\u2588\u2588\u2588\u2588\u2588\u2588\u2588\u2588\u2588\u2588\u2588\u2588\u2588\u2588\u2588\u2588\u2588\u2588\u2588\u2588\u2588\u2588\u2588\u2588\u2588\u2588\u2588\u2588\u2588\u2588\u2588\u2588\u2588\u2588\u2588\u2588\u2588\u2588\u2588\u2588\u2588\u2588\u2588\u2588\u2588\u2588\u2588\u2588\u2588\u2588\u2588\u2588\u2588\u2588\u2588\u2588\u2588\u2588\u2588\u2588\u2588\u2588\u2588\u2588\u2588\u2589                      | 1087/1279 [00:16<00:03, 59.98it/s]", "step": null, "ts": 1730799804.4823158}]}, "version": 1100, "at": 1730799804.4824076}
{"obj": {"type": "LogStrings", "path": ["monitoring", "552629ed", "stderr"], "values": [{"value": "\r 86%|\u2588\u2588\u2588\u2588\u2588\u2588\u2588\u2588\u2588\u2588\u2588\u2588\u2588\u2588\u2588\u2588\u2588\u2588\u2588\u2588\u2588\u2588\u2588\u2588\u2588\u2588\u2588\u2588\u2588\u2588\u2588\u2588\u2588\u2588\u2588\u2588\u2588\u2588\u2588\u2588\u2588\u2588\u2588\u2588\u2588\u2588\u2588\u2588\u2588\u2588\u2588\u2588\u2588\u2588\u2588\u2588\u2588\u2588\u2588\u2588\u2588\u2588\u2588\u2588\u2588\u2588\u2588\u2588\u2588\u2588\u2588\u2588\u2588\u2588\u2588\u2588\u2588\u2588\u2588\u2588\u2588\u2588\u2588\u2588\u2588\u2588\u2588\u2588\u2588\u2588\u2588\u2588\u2588\u2588\u2588\u2588\u2588\u2588\u2588\u2588\u2588\u2588\u2588\u2588\u2588\u2588\u2588\u2588\u2588\u2588\u2588\u2588\u2588\u2588\u2588\u2588\u2588\u2588\u2588\u2588\u2588\u2588\u2588\u2588\u2588\u258a                     | 1095/1279 [00:16<00:02, 63.52it/s]", "step": null, "ts": 1730799804.5929582}]}, "version": 1101, "at": 1730799804.593033}
{"obj": {"type": "LogStrings", "path": ["monitoring", "552629ed", "stderr"], "values": [{"value": "\r 86%|\u2588\u2588\u2588\u2588\u2588\u2588\u2588\u2588\u2588\u2588\u2588\u2588\u2588\u2588\u2588\u2588\u2588\u2588\u2588\u2588\u2588\u2588\u2588\u2588\u2588\u2588\u2588\u2588\u2588\u2588\u2588\u2588\u2588\u2588\u2588\u2588\u2588\u2588\u2588\u2588\u2588\u2588\u2588\u2588\u2588\u2588\u2588\u2588\u2588\u2588\u2588\u2588\u2588\u2588\u2588\u2588\u2588\u2588\u2588\u2588\u2588\u2588\u2588\u2588\u2588\u2588\u2588\u2588\u2588\u2588\u2588\u2588\u2588\u2588\u2588\u2588\u2588\u2588\u2588\u2588\u2588\u2588\u2588\u2588\u2588\u2588\u2588\u2588\u2588\u2588\u2588\u2588\u2588\u2588\u2588\u2588\u2588\u2588\u2588\u2588\u2588\u2588\u2588\u2588\u2588\u2588\u2588\u2588\u2588\u2588\u2588\u2588\u2588\u2588\u2588\u2588\u2588\u2588\u2588\u2588\u2588\u2588\u2588\u2588\u2588\u2588\u258b                    | 1102/1279 [00:16<00:02, 64.65it/s]", "step": null, "ts": 1730799804.6965852}]}, "version": 1102, "at": 1730799804.696677}
{"obj": {"type": "LogStrings", "path": ["monitoring", "552629ed", "stderr"], "values": [{"value": "\r 87%|\u2588\u2588\u2588\u2588\u2588\u2588\u2588\u2588\u2588\u2588\u2588\u2588\u2588\u2588\u2588\u2588\u2588\u2588\u2588\u2588\u2588\u2588\u2588\u2588\u2588\u2588\u2588\u2588\u2588\u2588\u2588\u2588\u2588\u2588\u2588\u2588\u2588\u2588\u2588\u2588\u2588\u2588\u2588\u2588\u2588\u2588\u2588\u2588\u2588\u2588\u2588\u2588\u2588\u2588\u2588\u2588\u2588\u2588\u2588\u2588\u2588\u2588\u2588\u2588\u2588\u2588\u2588\u2588\u2588\u2588\u2588\u2588\u2588\u2588\u2588\u2588\u2588\u2588\u2588\u2588\u2588\u2588\u2588\u2588\u2588\u2588\u2588\u2588\u2588\u2588\u2588\u2588\u2588\u2588\u2588\u2588\u2588\u2588\u2588\u2588\u2588\u2588\u2588\u2588\u2588\u2588\u2588\u2588\u2588\u2588\u2588\u2588\u2588\u2588\u2588\u2588\u2588\u2588\u2588\u2588\u2588\u2588\u2588\u2588\u2588\u2588\u2588\u258c                   | 1110/1279 [00:16<00:02, 66.60it/s]", "step": null, "ts": 1730799804.809071}]}, "version": 1103, "at": 1730799804.809163}
{"obj": {"type": "LogStrings", "path": ["monitoring", "552629ed", "stderr"], "values": [{"value": "\r 87%|\u2588\u2588\u2588\u2588\u2588\u2588\u2588\u2588\u2588\u2588\u2588\u2588\u2588\u2588\u2588\u2588\u2588\u2588\u2588\u2588\u2588\u2588\u2588\u2588\u2588\u2588\u2588\u2588\u2588\u2588\u2588\u2588\u2588\u2588\u2588\u2588\u2588\u2588\u2588\u2588\u2588\u2588\u2588\u2588\u2588\u2588\u2588\u2588\u2588\u2588\u2588\u2588\u2588\u2588\u2588\u2588\u2588\u2588\u2588\u2588\u2588\u2588\u2588\u2588\u2588\u2588\u2588\u2588\u2588\u2588\u2588\u2588\u2588\u2588\u2588\u2588\u2588\u2588\u2588\u2588\u2588\u2588\u2588\u2588\u2588\u2588\u2588\u2588\u2588\u2588\u2588\u2588\u2588\u2588\u2588\u2588\u2588\u2588\u2588\u2588\u2588\u2588\u2588\u2588\u2588\u2588\u2588\u2588\u2588\u2588\u2588\u2588\u2588\u2588\u2588\u2588\u2588\u2588\u2588\u2588\u2588\u2588\u2588\u2588\u2588\u2588\u2588\u2588\u258d                  | 1117/1279 [00:16<00:02, 67.50it/s]", "step": null, "ts": 1730799804.9094212}]}, "version": 1104, "at": 1730799804.9095204}
{"obj": {"type": "LogStrings", "path": ["monitoring", "552629ed", "stderr"], "values": [{"value": "\r 88%|\u2588\u2588\u2588\u2588\u2588\u2588\u2588\u2588\u2588\u2588\u2588\u2588\u2588\u2588\u2588\u2588\u2588\u2588\u2588\u2588\u2588\u2588\u2588\u2588\u2588\u2588\u2588\u2588\u2588\u2588\u2588\u2588\u2588\u2588\u2588\u2588\u2588\u2588\u2588\u2588\u2588\u2588\u2588\u2588\u2588\u2588\u2588\u2588\u2588\u2588\u2588\u2588\u2588\u2588\u2588\u2588\u2588\u2588\u2588\u2588\u2588\u2588\u2588\u2588\u2588\u2588\u2588\u2588\u2588\u2588\u2588\u2588\u2588\u2588\u2588\u2588\u2588\u2588\u2588\u2588\u2588\u2588\u2588\u2588\u2588\u2588\u2588\u2588\u2588\u2588\u2588\u2588\u2588\u2588\u2588\u2588\u2588\u2588\u2588\u2588\u2588\u2588\u2588\u2588\u2588\u2588\u2588\u2588\u2588\u2588\u2588\u2588\u2588\u2588\u2588\u2588\u2588\u2588\u2588\u2588\u2588\u2588\u2588\u2588\u2588\u2588\u2588\u2588\u2588\u258e                 | 1125/1279 [00:16<00:02, 68.52it/s]", "step": null, "ts": 1730799805.0223563}]}, "version": 1105, "at": 1730799805.022447}
{"obj": {"type": "LogStrings", "path": ["monitoring", "552629ed", "stderr"], "values": [{"value": "\r 89%|\u2588\u2588\u2588\u2588\u2588\u2588\u2588\u2588\u2588\u2588\u2588\u2588\u2588\u2588\u2588\u2588\u2588\u2588\u2588\u2588\u2588\u2588\u2588\u2588\u2588\u2588\u2588\u2588\u2588\u2588\u2588\u2588\u2588\u2588\u2588\u2588\u2588\u2588\u2588\u2588\u2588\u2588\u2588\u2588\u2588\u2588\u2588\u2588\u2588\u2588\u2588\u2588\u2588\u2588\u2588\u2588\u2588\u2588\u2588\u2588\u2588\u2588\u2588\u2588\u2588\u2588\u2588\u2588\u2588\u2588\u2588\u2588\u2588\u2588\u2588\u2588\u2588\u2588\u2588\u2588\u2588\u2588\u2588\u2588\u2588\u2588\u2588\u2588\u2588\u2588\u2588\u2588\u2588\u2588\u2588\u2588\u2588\u2588\u2588\u2588\u2588\u2588\u2588\u2588\u2588\u2588\u2588\u2588\u2588\u2588\u2588\u2588\u2588\u2588\u2588\u2588\u2588\u2588\u2588\u2588\u2588\u2588\u2588\u2588\u2588\u2588\u2588\u2588\u2588\u2588                 | 1132/1279 [00:16<00:02, 68.59it/s]", "step": null, "ts": 1730799805.1240087}]}, "version": 1106, "at": 1730799805.1240783}
{"obj": {"type": "LogStrings", "path": ["monitoring", "552629ed", "stderr"], "values": [{"value": "\r 89%|\u2588\u2588\u2588\u2588\u2588\u2588\u2588\u2588\u2588\u2588\u2588\u2588\u2588\u2588\u2588\u2588\u2588\u2588\u2588\u2588\u2588\u2588\u2588\u2588\u2588\u2588\u2588\u2588\u2588\u2588\u2588\u2588\u2588\u2588\u2588\u2588\u2588\u2588\u2588\u2588\u2588\u2588\u2588\u2588\u2588\u2588\u2588\u2588\u2588\u2588\u2588\u2588\u2588\u2588\u2588\u2588\u2588\u2588\u2588\u2588\u2588\u2588\u2588\u2588\u2588\u2588\u2588\u2588\u2588\u2588\u2588\u2588\u2588\u2588\u2588\u2588\u2588\u2588\u2588\u2588\u2588\u2588\u2588\u2588\u2588\u2588\u2588\u2588\u2588\u2588\u2588\u2588\u2588\u2588\u2588\u2588\u2588\u2588\u2588\u2588\u2588\u2588\u2588\u2588\u2588\u2588\u2588\u2588\u2588\u2588\u2588\u2588\u2588\u2588\u2588\u2588\u2588\u2588\u2588\u2588\u2588\u2588\u2588\u2588\u2588\u2588\u2588\u2588\u2588\u2588\u2589                | 1139/1279 [00:16<00:02, 66.41it/s]", "step": null, "ts": 1730799805.237818}]}, "version": 1107, "at": 1730799805.2379491}
{"obj": {"type": "LogStrings", "path": ["monitoring", "552629ed", "stderr"], "values": [{"value": "\r 90%|\u2588\u2588\u2588\u2588\u2588\u2588\u2588\u2588\u2588\u2588\u2588\u2588\u2588\u2588\u2588\u2588\u2588\u2588\u2588\u2588\u2588\u2588\u2588\u2588\u2588\u2588\u2588\u2588\u2588\u2588\u2588\u2588\u2588\u2588\u2588\u2588\u2588\u2588\u2588\u2588\u2588\u2588\u2588\u2588\u2588\u2588\u2588\u2588\u2588\u2588\u2588\u2588\u2588\u2588\u2588\u2588\u2588\u2588\u2588\u2588\u2588\u2588\u2588\u2588\u2588\u2588\u2588\u2588\u2588\u2588\u2588\u2588\u2588\u2588\u2588\u2588\u2588\u2588\u2588\u2588\u2588\u2588\u2588\u2588\u2588\u2588\u2588\u2588\u2588\u2588\u2588\u2588\u2588\u2588\u2588\u2588\u2588\u2588\u2588\u2588\u2588\u2588\u2588\u2588\u2588\u2588\u2588\u2588\u2588\u2588\u2588\u2588\u2588\u2588\u2588\u2588\u2588\u2588\u2588\u2588\u2588\u2588\u2588\u2588\u2588\u2588\u2588\u2588\u2588\u2588\u2588\u258b               | 1146/1279 [00:16<00:01, 66.76it/s]", "step": null, "ts": 1730799805.341329}]}, "version": 1108, "at": 1730799805.3414233}
{"obj": {"type": "LogStrings", "path": ["monitoring", "552629ed", "stderr"], "values": [{"value": "\r 90%|\u2588\u2588\u2588\u2588\u2588\u2588\u2588\u2588\u2588\u2588\u2588\u2588\u2588\u2588\u2588\u2588\u2588\u2588\u2588\u2588\u2588\u2588\u2588\u2588\u2588\u2588\u2588\u2588\u2588\u2588\u2588\u2588\u2588\u2588\u2588\u2588\u2588\u2588\u2588\u2588\u2588\u2588\u2588\u2588\u2588\u2588\u2588\u2588\u2588\u2588\u2588\u2588\u2588\u2588\u2588\u2588\u2588\u2588\u2588\u2588\u2588\u2588\u2588\u2588\u2588\u2588\u2588\u2588\u2588\u2588\u2588\u2588\u2588\u2588\u2588\u2588\u2588\u2588\u2588\u2588\u2588\u2588\u2588\u2588\u2588\u2588\u2588\u2588\u2588\u2588\u2588\u2588\u2588\u2588\u2588\u2588\u2588\u2588\u2588\u2588\u2588\u2588\u2588\u2588\u2588\u2588\u2588\u2588\u2588\u2588\u2588\u2588\u2588\u2588\u2588\u2588\u2588\u2588\u2588\u2588\u2588\u2588\u2588\u2588\u2588\u2588\u2588\u2588\u2588\u2588\u2588\u2588\u258c              | 1153/1279 [00:17<00:01, 67.57it/s]", "step": null, "ts": 1730799805.4418142}]}, "version": 1109, "at": 1730799805.4418879}
{"obj": {"type": "LogStrings", "path": ["monitoring", "552629ed", "stderr"], "values": [{"value": "\r 91%|\u2588\u2588\u2588\u2588\u2588\u2588\u2588\u2588\u2588\u2588\u2588\u2588\u2588\u2588\u2588\u2588\u2588\u2588\u2588\u2588\u2588\u2588\u2588\u2588\u2588\u2588\u2588\u2588\u2588\u2588\u2588\u2588\u2588\u2588\u2588\u2588\u2588\u2588\u2588\u2588\u2588\u2588\u2588\u2588\u2588\u2588\u2588\u2588\u2588\u2588\u2588\u2588\u2588\u2588\u2588\u2588\u2588\u2588\u2588\u2588\u2588\u2588\u2588\u2588\u2588\u2588\u2588\u2588\u2588\u2588\u2588\u2588\u2588\u2588\u2588\u2588\u2588\u2588\u2588\u2588\u2588\u2588\u2588\u2588\u2588\u2588\u2588\u2588\u2588\u2588\u2588\u2588\u2588\u2588\u2588\u2588\u2588\u2588\u2588\u2588\u2588\u2588\u2588\u2588\u2588\u2588\u2588\u2588\u2588\u2588\u2588\u2588\u2588\u2588\u2588\u2588\u2588\u2588\u2588\u2588\u2588\u2588\u2588\u2588\u2588\u2588\u2588\u2588\u2588\u2588\u2588\u2588\u2588\u258e             | 1160/1279 [00:17<00:01, 67.12it/s]", "step": null, "ts": 1730799805.5478222}]}, "version": 1110, "at": 1730799805.547918}
{"obj": {"type": "LogStrings", "path": ["monitoring", "552629ed", "stderr"], "values": [{"value": "\r 91%|\u2588\u2588\u2588\u2588\u2588\u2588\u2588\u2588\u2588\u2588\u2588\u2588\u2588\u2588\u2588\u2588\u2588\u2588\u2588\u2588\u2588\u2588\u2588\u2588\u2588\u2588\u2588\u2588\u2588\u2588\u2588\u2588\u2588\u2588\u2588\u2588\u2588\u2588\u2588\u2588\u2588\u2588\u2588\u2588\u2588\u2588\u2588\u2588\u2588\u2588\u2588\u2588\u2588\u2588\u2588\u2588\u2588\u2588\u2588\u2588\u2588\u2588\u2588\u2588\u2588\u2588\u2588\u2588\u2588\u2588\u2588\u2588\u2588\u2588\u2588\u2588\u2588\u2588\u2588\u2588\u2588\u2588\u2588\u2588\u2588\u2588\u2588\u2588\u2588\u2588\u2588\u2588\u2588\u2588\u2588\u2588\u2588\u2588\u2588\u2588\u2588\u2588\u2588\u2588\u2588\u2588\u2588\u2588\u2588\u2588\u2588\u2588\u2588\u2588\u2588\u2588\u2588\u2588\u2588\u2588\u2588\u2588\u2588\u2588\u2588\u2588\u2588\u2588\u2588\u2588\u2588\u2588\u2588\u2588\u258f            | 1167/1279 [00:17<00:01, 67.56it/s]", "step": null, "ts": 1730799805.6498964}]}, "version": 1111, "at": 1730799805.6499968}
{"obj": {"type": "LogStrings", "path": ["monitoring", "552629ed", "stderr"], "values": [{"value": "\r 92%|\u2588\u2588\u2588\u2588\u2588\u2588\u2588\u2588\u2588\u2588\u2588\u2588\u2588\u2588\u2588\u2588\u2588\u2588\u2588\u2588\u2588\u2588\u2588\u2588\u2588\u2588\u2588\u2588\u2588\u2588\u2588\u2588\u2588\u2588\u2588\u2588\u2588\u2588\u2588\u2588\u2588\u2588\u2588\u2588\u2588\u2588\u2588\u2588\u2588\u2588\u2588\u2588\u2588\u2588\u2588\u2588\u2588\u2588\u2588\u2588\u2588\u2588\u2588\u2588\u2588\u2588\u2588\u2588\u2588\u2588\u2588\u2588\u2588\u2588\u2588\u2588\u2588\u2588\u2588\u2588\u2588\u2588\u2588\u2588\u2588\u2588\u2588\u2588\u2588\u2588\u2588\u2588\u2588\u2588\u2588\u2588\u2588\u2588\u2588\u2588\u2588\u2588\u2588\u2588\u2588\u2588\u2588\u2588\u2588\u2588\u2588\u2588\u2588\u2588\u2588\u2588\u2588\u2588\u2588\u2588\u2588\u2588\u2588\u2588\u2588\u2588\u2588\u2588\u2588\u2588\u2588\u2588\u2588\u2588\u2589            | 1174/1279 [00:17<00:01, 67.33it/s]", "step": null, "ts": 1730799805.7546487}]}, "version": 1112, "at": 1730799805.7547462}
{"obj": {"type": "LogStrings", "path": ["monitoring", "552629ed", "stderr"], "values": [{"value": "\r 92%|\u2588\u2588\u2588\u2588\u2588\u2588\u2588\u2588\u2588\u2588\u2588\u2588\u2588\u2588\u2588\u2588\u2588\u2588\u2588\u2588\u2588\u2588\u2588\u2588\u2588\u2588\u2588\u2588\u2588\u2588\u2588\u2588\u2588\u2588\u2588\u2588\u2588\u2588\u2588\u2588\u2588\u2588\u2588\u2588\u2588\u2588\u2588\u2588\u2588\u2588\u2588\u2588\u2588\u2588\u2588\u2588\u2588\u2588\u2588\u2588\u2588\u2588\u2588\u2588\u2588\u2588\u2588\u2588\u2588\u2588\u2588\u2588\u2588\u2588\u2588\u2588\u2588\u2588\u2588\u2588\u2588\u2588\u2588\u2588\u2588\u2588\u2588\u2588\u2588\u2588\u2588\u2588\u2588\u2588\u2588\u2588\u2588\u2588\u2588\u2588\u2588\u2588\u2588\u2588\u2588\u2588\u2588\u2588\u2588\u2588\u2588\u2588\u2588\u2588\u2588\u2588\u2588\u2588\u2588\u2588\u2588\u2588\u2588\u2588\u2588\u2588\u2588\u2588\u2588\u2588\u2588\u2588\u2588\u2588\u2588\u258b           | 1181/1279 [00:17<00:01, 66.83it/s]", "step": null, "ts": 1730799805.8612661}]}, "version": 1113, "at": 1730799805.8613594}
{"obj": {"type": "LogStrings", "path": ["monitoring", "552629ed", "stderr"], "values": [{"value": "\r 93%|\u2588\u2588\u2588\u2588\u2588\u2588\u2588\u2588\u2588\u2588\u2588\u2588\u2588\u2588\u2588\u2588\u2588\u2588\u2588\u2588\u2588\u2588\u2588\u2588\u2588\u2588\u2588\u2588\u2588\u2588\u2588\u2588\u2588\u2588\u2588\u2588\u2588\u2588\u2588\u2588\u2588\u2588\u2588\u2588\u2588\u2588\u2588\u2588\u2588\u2588\u2588\u2588\u2588\u2588\u2588\u2588\u2588\u2588\u2588\u2588\u2588\u2588\u2588\u2588\u2588\u2588\u2588\u2588\u2588\u2588\u2588\u2588\u2588\u2588\u2588\u2588\u2588\u2588\u2588\u2588\u2588\u2588\u2588\u2588\u2588\u2588\u2588\u2588\u2588\u2588\u2588\u2588\u2588\u2588\u2588\u2588\u2588\u2588\u2588\u2588\u2588\u2588\u2588\u2588\u2588\u2588\u2588\u2588\u2588\u2588\u2588\u2588\u2588\u2588\u2588\u2588\u2588\u2588\u2588\u2588\u2588\u2588\u2588\u2588\u2588\u2588\u2588\u2588\u2588\u2588\u2588\u2588\u2588\u2588\u2588\u2588\u258c          | 1188/1279 [00:17<00:01, 66.47it/s]", "step": null, "ts": 1730799805.967877}]}, "version": 1114, "at": 1730799805.9679704}
{"obj": {"type": "LogStrings", "path": ["monitoring", "552629ed", "stderr"], "values": [{"value": "\r 93%|\u2588\u2588\u2588\u2588\u2588\u2588\u2588\u2588\u2588\u2588\u2588\u2588\u2588\u2588\u2588\u2588\u2588\u2588\u2588\u2588\u2588\u2588\u2588\u2588\u2588\u2588\u2588\u2588\u2588\u2588\u2588\u2588\u2588\u2588\u2588\u2588\u2588\u2588\u2588\u2588\u2588\u2588\u2588\u2588\u2588\u2588\u2588\u2588\u2588\u2588\u2588\u2588\u2588\u2588\u2588\u2588\u2588\u2588\u2588\u2588\u2588\u2588\u2588\u2588\u2588\u2588\u2588\u2588\u2588\u2588\u2588\u2588\u2588\u2588\u2588\u2588\u2588\u2588\u2588\u2588\u2588\u2588\u2588\u2588\u2588\u2588\u2588\u2588\u2588\u2588\u2588\u2588\u2588\u2588\u2588\u2588\u2588\u2588\u2588\u2588\u2588\u2588\u2588\u2588\u2588\u2588\u2588\u2588\u2588\u2588\u2588\u2588\u2588\u2588\u2588\u2588\u2588\u2588\u2588\u2588\u2588\u2588\u2588\u2588\u2588\u2588\u2588\u2588\u2588\u2588\u2588\u2588\u2588\u2588\u2588\u2588\u2588\u258e         | 1195/1279 [00:17<00:01, 67.10it/s]", "step": null, "ts": 1730799806.0698423}]}, "version": 1115, "at": 1730799806.0699356}
{"obj": {"type": "LogStrings", "path": ["monitoring", "552629ed", "stderr"], "values": [{"value": "\r 94%|\u2588\u2588\u2588\u2588\u2588\u2588\u2588\u2588\u2588\u2588\u2588\u2588\u2588\u2588\u2588\u2588\u2588\u2588\u2588\u2588\u2588\u2588\u2588\u2588\u2588\u2588\u2588\u2588\u2588\u2588\u2588\u2588\u2588\u2588\u2588\u2588\u2588\u2588\u2588\u2588\u2588\u2588\u2588\u2588\u2588\u2588\u2588\u2588\u2588\u2588\u2588\u2588\u2588\u2588\u2588\u2588\u2588\u2588\u2588\u2588\u2588\u2588\u2588\u2588\u2588\u2588\u2588\u2588\u2588\u2588\u2588\u2588\u2588\u2588\u2588\u2588\u2588\u2588\u2588\u2588\u2588\u2588\u2588\u2588\u2588\u2588\u2588\u2588\u2588\u2588\u2588\u2588\u2588\u2588\u2588\u2588\u2588\u2588\u2588\u2588\u2588\u2588\u2588\u2588\u2588\u2588\u2588\u2588\u2588\u2588\u2588\u2588\u2588\u2588\u2588\u2588\u2588\u2588\u2588\u2588\u2588\u2588\u2588\u2588\u2588\u2588\u2588\u2588\u2588\u2588\u2588\u2588\u2588\u2588\u2588\u2588\u2588\u2588\u258f        | 1202/1279 [00:17<00:01, 58.48it/s]", "step": null, "ts": 1730799806.2255514}]}, "version": 1116, "at": 1730799806.2256372}
{"obj": {"type": "LogStrings", "path": ["monitoring", "552629ed", "stderr"], "values": [{"value": "\r 95%|\u2588\u2588\u2588\u2588\u2588\u2588\u2588\u2588\u2588\u2588\u2588\u2588\u2588\u2588\u2588\u2588\u2588\u2588\u2588\u2588\u2588\u2588\u2588\u2588\u2588\u2588\u2588\u2588\u2588\u2588\u2588\u2588\u2588\u2588\u2588\u2588\u2588\u2588\u2588\u2588\u2588\u2588\u2588\u2588\u2588\u2588\u2588\u2588\u2588\u2588\u2588\u2588\u2588\u2588\u2588\u2588\u2588\u2588\u2588\u2588\u2588\u2588\u2588\u2588\u2588\u2588\u2588\u2588\u2588\u2588\u2588\u2588\u2588\u2588\u2588\u2588\u2588\u2588\u2588\u2588\u2588\u2588\u2588\u2588\u2588\u2588\u2588\u2588\u2588\u2588\u2588\u2588\u2588\u2588\u2588\u2588\u2588\u2588\u2588\u2588\u2588\u2588\u2588\u2588\u2588\u2588\u2588\u2588\u2588\u2588\u2588\u2588\u2588\u2588\u2588\u2588\u2588\u2588\u2588\u2588\u2588\u2588\u2588\u2588\u2588\u2588\u2588\u2588\u2588\u2588\u2588\u2588\u2588\u2588\u2588\u2588\u2588\u2588\u2589        | 1209/1279 [00:17<00:01, 61.08it/s]", "step": null, "ts": 1730799806.3281546}]}, "version": 1117, "at": 1730799806.3282466}
{"obj": {"type": "LogStrings", "path": ["monitoring", "552629ed", "stderr"], "values": [{"value": "\r 95%|\u2588\u2588\u2588\u2588\u2588\u2588\u2588\u2588\u2588\u2588\u2588\u2588\u2588\u2588\u2588\u2588\u2588\u2588\u2588\u2588\u2588\u2588\u2588\u2588\u2588\u2588\u2588\u2588\u2588\u2588\u2588\u2588\u2588\u2588\u2588\u2588\u2588\u2588\u2588\u2588\u2588\u2588\u2588\u2588\u2588\u2588\u2588\u2588\u2588\u2588\u2588\u2588\u2588\u2588\u2588\u2588\u2588\u2588\u2588\u2588\u2588\u2588\u2588\u2588\u2588\u2588\u2588\u2588\u2588\u2588\u2588\u2588\u2588\u2588\u2588\u2588\u2588\u2588\u2588\u2588\u2588\u2588\u2588\u2588\u2588\u2588\u2588\u2588\u2588\u2588\u2588\u2588\u2588\u2588\u2588\u2588\u2588\u2588\u2588\u2588\u2588\u2588\u2588\u2588\u2588\u2588\u2588\u2588\u2588\u2588\u2588\u2588\u2588\u2588\u2588\u2588\u2588\u2588\u2588\u2588\u2588\u2588\u2588\u2588\u2588\u2588\u2588\u2588\u2588\u2588\u2588\u2588\u2588\u2588\u2588\u2588\u2588\u2588\u2588\u258a       | 1217/1279 [00:18<00:00, 63.71it/s]", "step": null, "ts": 1730799806.4427862}]}, "version": 1118, "at": 1730799806.4428737}
{"obj": {"type": "LogStrings", "path": ["monitoring", "552629ed", "stderr"], "values": [{"value": "\r 96%|\u2588\u2588\u2588\u2588\u2588\u2588\u2588\u2588\u2588\u2588\u2588\u2588\u2588\u2588\u2588\u2588\u2588\u2588\u2588\u2588\u2588\u2588\u2588\u2588\u2588\u2588\u2588\u2588\u2588\u2588\u2588\u2588\u2588\u2588\u2588\u2588\u2588\u2588\u2588\u2588\u2588\u2588\u2588\u2588\u2588\u2588\u2588\u2588\u2588\u2588\u2588\u2588\u2588\u2588\u2588\u2588\u2588\u2588\u2588\u2588\u2588\u2588\u2588\u2588\u2588\u2588\u2588\u2588\u2588\u2588\u2588\u2588\u2588\u2588\u2588\u2588\u2588\u2588\u2588\u2588\u2588\u2588\u2588\u2588\u2588\u2588\u2588\u2588\u2588\u2588\u2588\u2588\u2588\u2588\u2588\u2588\u2588\u2588\u2588\u2588\u2588\u2588\u2588\u2588\u2588\u2588\u2588\u2588\u2588\u2588\u2588\u2588\u2588\u2588\u2588\u2588\u2588\u2588\u2588\u2588\u2588\u2588\u2588\u2588\u2588\u2588\u2588\u2588\u2588\u2588\u2588\u2588\u2588\u2588\u2588\u2588\u2588\u2588\u2588\u2588\u258a      | 1225/1279 [00:18<00:00, 65.97it/s]", "step": null, "ts": 1730799806.554825}]}, "version": 1119, "at": 1730799806.5549178}
{"obj": {"type": "LogStrings", "path": ["monitoring", "552629ed", "stderr"], "values": [{"value": "\r 96%|\u2588\u2588\u2588\u2588\u2588\u2588\u2588\u2588\u2588\u2588\u2588\u2588\u2588\u2588\u2588\u2588\u2588\u2588\u2588\u2588\u2588\u2588\u2588\u2588\u2588\u2588\u2588\u2588\u2588\u2588\u2588\u2588\u2588\u2588\u2588\u2588\u2588\u2588\u2588\u2588\u2588\u2588\u2588\u2588\u2588\u2588\u2588\u2588\u2588\u2588\u2588\u2588\u2588\u2588\u2588\u2588\u2588\u2588\u2588\u2588\u2588\u2588\u2588\u2588\u2588\u2588\u2588\u2588\u2588\u2588\u2588\u2588\u2588\u2588\u2588\u2588\u2588\u2588\u2588\u2588\u2588\u2588\u2588\u2588\u2588\u2588\u2588\u2588\u2588\u2588\u2588\u2588\u2588\u2588\u2588\u2588\u2588\u2588\u2588\u2588\u2588\u2588\u2588\u2588\u2588\u2588\u2588\u2588\u2588\u2588\u2588\u2588\u2588\u2588\u2588\u2588\u2588\u2588\u2588\u2588\u2588\u2588\u2588\u2588\u2588\u2588\u2588\u2588\u2588\u2588\u2588\u2588\u2588\u2588\u2588\u2588\u2588\u2588\u2588\u2588\u2588\u258c     | 1232/1279 [00:18<00:00, 65.54it/s]", "step": null, "ts": 1730799806.6633766}]}, "version": 1120, "at": 1730799806.6634693}
{"obj": {"type": "LogStrings", "path": ["monitoring", "552629ed", "stderr"], "values": [{"value": "\r 97%|\u2588\u2588\u2588\u2588\u2588\u2588\u2588\u2588\u2588\u2588\u2588\u2588\u2588\u2588\u2588\u2588\u2588\u2588\u2588\u2588\u2588\u2588\u2588\u2588\u2588\u2588\u2588\u2588\u2588\u2588\u2588\u2588\u2588\u2588\u2588\u2588\u2588\u2588\u2588\u2588\u2588\u2588\u2588\u2588\u2588\u2588\u2588\u2588\u2588\u2588\u2588\u2588\u2588\u2588\u2588\u2588\u2588\u2588\u2588\u2588\u2588\u2588\u2588\u2588\u2588\u2588\u2588\u2588\u2588\u2588\u2588\u2588\u2588\u2588\u2588\u2588\u2588\u2588\u2588\u2588\u2588\u2588\u2588\u2588\u2588\u2588\u2588\u2588\u2588\u2588\u2588\u2588\u2588\u2588\u2588\u2588\u2588\u2588\u2588\u2588\u2588\u2588\u2588\u2588\u2588\u2588\u2588\u2588\u2588\u2588\u2588\u2588\u2588\u2588\u2588\u2588\u2588\u2588\u2588\u2588\u2588\u2588\u2588\u2588\u2588\u2588\u2588\u2588\u2588\u2588\u2588\u2588\u2588\u2588\u2588\u2588\u2588\u2588\u2588\u2588\u2588\u2588\u258d    | 1239/1279 [00:18<00:00, 65.61it/s]", "step": null, "ts": 1730799806.769783}]}, "version": 1121, "at": 1730799806.769874}
{"obj": {"type": "LogFloats", "path": ["monitoring", "552629ed", "cpu"], "values": [{"value": 34.1, "step": null, "ts": 1730799806.8297677}]}, "version": 1122, "at": 1730799806.8317306}
{"obj": {"type": "LogFloats", "path": ["monitoring", "552629ed", "memory"], "values": [{"value": 11.368110656738281, "step": null, "ts": 1730799806.8297677}]}, "version": 1123, "at": 1730799806.831958}
{"obj": {"type": "LogFloats", "path": ["monitoring", "552629ed", "gpu"], "values": [{"value": 90.0, "step": null, "ts": 1730799806.8297677}]}, "version": 1124, "at": 1730799806.8321426}
{"obj": {"type": "LogFloats", "path": ["monitoring", "552629ed", "gpu_memory"], "values": [{"value": 1.085693359375, "step": null, "ts": 1730799806.8297677}]}, "version": 1125, "at": 1730799806.832288}
{"obj": {"type": "LogFloats", "path": ["monitoring", "552629ed", "gpu_power"], "values": [{"value": 196.485, "step": null, "ts": 1730799806.8297677}]}, "version": 1126, "at": 1730799806.8324351}
{"obj": {"type": "LogStrings", "path": ["monitoring", "552629ed", "stderr"], "values": [{"value": "\r 97%|\u2588\u2588\u2588\u2588\u2588\u2588\u2588\u2588\u2588\u2588\u2588\u2588\u2588\u2588\u2588\u2588\u2588\u2588\u2588\u2588\u2588\u2588\u2588\u2588\u2588\u2588\u2588\u2588\u2588\u2588\u2588\u2588\u2588\u2588\u2588\u2588\u2588\u2588\u2588\u2588\u2588\u2588\u2588\u2588\u2588\u2588\u2588\u2588\u2588\u2588\u2588\u2588\u2588\u2588\u2588\u2588\u2588\u2588\u2588\u2588\u2588\u2588\u2588\u2588\u2588\u2588\u2588\u2588\u2588\u2588\u2588\u2588\u2588\u2588\u2588\u2588\u2588\u2588\u2588\u2588\u2588\u2588\u2588\u2588\u2588\u2588\u2588\u2588\u2588\u2588\u2588\u2588\u2588\u2588\u2588\u2588\u2588\u2588\u2588\u2588\u2588\u2588\u2588\u2588\u2588\u2588\u2588\u2588\u2588\u2588\u2588\u2588\u2588\u2588\u2588\u2588\u2588\u2588\u2588\u2588\u2588\u2588\u2588\u2588\u2588\u2588\u2588\u2588\u2588\u2588\u2588\u2588\u2588\u2588\u2588\u2588\u2588\u2588\u2588\u2588\u2588\u2588\u2588\u258f   | 1246/1279 [00:18<00:00, 64.62it/s]", "step": null, "ts": 1730799806.8821163}]}, "version": 1127, "at": 1730799806.8822074}
{"obj": {"type": "LogStrings", "path": ["monitoring", "552629ed", "stderr"], "values": [{"value": "\r 98%|\u2588\u2588\u2588\u2588\u2588\u2588\u2588\u2588\u2588\u2588\u2588\u2588\u2588\u2588\u2588\u2588\u2588\u2588\u2588\u2588\u2588\u2588\u2588\u2588\u2588\u2588\u2588\u2588\u2588\u2588\u2588\u2588\u2588\u2588\u2588\u2588\u2588\u2588\u2588\u2588\u2588\u2588\u2588\u2588\u2588\u2588\u2588\u2588\u2588\u2588\u2588\u2588\u2588\u2588\u2588\u2588\u2588\u2588\u2588\u2588\u2588\u2588\u2588\u2588\u2588\u2588\u2588\u2588\u2588\u2588\u2588\u2588\u2588\u2588\u2588\u2588\u2588\u2588\u2588\u2588\u2588\u2588\u2588\u2588\u2588\u2588\u2588\u2588\u2588\u2588\u2588\u2588\u2588\u2588\u2588\u2588\u2588\u2588\u2588\u2588\u2588\u2588\u2588\u2588\u2588\u2588\u2588\u2588\u2588\u2588\u2588\u2588\u2588\u2588\u2588\u2588\u2588\u2588\u2588\u2588\u2588\u2588\u2588\u2588\u2588\u2588\u2588\u2588\u2588\u2588\u2588\u2588\u2588\u2588\u2588\u2588\u2588\u2588\u2588\u2588\u2588\u2588\u2588\u2588   | 1253/1279 [00:18<00:00, 64.24it/s]", "step": null, "ts": 1730799806.9926734}]}, "version": 1128, "at": 1730799806.9927738}
{"obj": {"type": "LogStrings", "path": ["monitoring", "552629ed", "stderr"], "values": [{"value": "\r 99%|\u2588\u2588\u2588\u2588\u2588\u2588\u2588\u2588\u2588\u2588\u2588\u2588\u2588\u2588\u2588\u2588\u2588\u2588\u2588\u2588\u2588\u2588\u2588\u2588\u2588\u2588\u2588\u2588\u2588\u2588\u2588\u2588\u2588\u2588\u2588\u2588\u2588\u2588\u2588\u2588\u2588\u2588\u2588\u2588\u2588\u2588\u2588\u2588\u2588\u2588\u2588\u2588\u2588\u2588\u2588\u2588\u2588\u2588\u2588\u2588\u2588\u2588\u2588\u2588\u2588\u2588\u2588\u2588\u2588\u2588\u2588\u2588\u2588\u2588\u2588\u2588\u2588\u2588\u2588\u2588\u2588\u2588\u2588\u2588\u2588\u2588\u2588\u2588\u2588\u2588\u2588\u2588\u2588\u2588\u2588\u2588\u2588\u2588\u2588\u2588\u2588\u2588\u2588\u2588\u2588\u2588\u2588\u2588\u2588\u2588\u2588\u2588\u2588\u2588\u2588\u2588\u2588\u2588\u2588\u2588\u2588\u2588\u2588\u2588\u2588\u2588\u2588\u2588\u2588\u2588\u2588\u2588\u2588\u2588\u2588\u2588\u2588\u2588\u2588\u2588\u2588\u2588\u2588\u2588\u258a  | 1260/1279 [00:18<00:00, 63.18it/s]", "step": null, "ts": 1730799807.1077726}]}, "version": 1129, "at": 1730799807.107873}
{"obj": {"type": "LogStrings", "path": ["monitoring", "552629ed", "stderr"], "values": [{"value": "\r 99%|\u2588\u2588\u2588\u2588\u2588\u2588\u2588\u2588\u2588\u2588\u2588\u2588\u2588\u2588\u2588\u2588\u2588\u2588\u2588\u2588\u2588\u2588\u2588\u2588\u2588\u2588\u2588\u2588\u2588\u2588\u2588\u2588\u2588\u2588\u2588\u2588\u2588\u2588\u2588\u2588\u2588\u2588\u2588\u2588\u2588\u2588\u2588\u2588\u2588\u2588\u2588\u2588\u2588\u2588\u2588\u2588\u2588\u2588\u2588\u2588\u2588\u2588\u2588\u2588\u2588\u2588\u2588\u2588\u2588\u2588\u2588\u2588\u2588\u2588\u2588\u2588\u2588\u2588\u2588\u2588\u2588\u2588\u2588\u2588\u2588\u2588\u2588\u2588\u2588\u2588\u2588\u2588\u2588\u2588\u2588\u2588\u2588\u2588\u2588\u2588\u2588\u2588\u2588\u2588\u2588\u2588\u2588\u2588\u2588\u2588\u2588\u2588\u2588\u2588\u2588\u2588\u2588\u2588\u2588\u2588\u2588\u2588\u2588\u2588\u2588\u2588\u2588\u2588\u2588\u2588\u2588\u2588\u2588\u2588\u2588\u2588\u2588\u2588\u2588\u2588\u2588\u2588\u2588\u2588\u2588\u258c | 1267/1279 [00:18<00:00, 52.19it/s]", "step": null, "ts": 1730799807.2970378}]}, "version": 1130, "at": 1730799807.2971308}
{"obj": {"type": "LogStrings", "path": ["monitoring", "552629ed", "stderr"], "values": [{"value": "\r100%|\u2588\u2588\u2588\u2588\u2588\u2588\u2588\u2588\u2588\u2588\u2588\u2588\u2588\u2588\u2588\u2588\u2588\u2588\u2588\u2588\u2588\u2588\u2588\u2588\u2588\u2588\u2588\u2588\u2588\u2588\u2588\u2588\u2588\u2588\u2588\u2588\u2588\u2588\u2588\u2588\u2588\u2588\u2588\u2588\u2588\u2588\u2588\u2588\u2588\u2588\u2588\u2588\u2588\u2588\u2588\u2588\u2588\u2588\u2588\u2588\u2588\u2588\u2588\u2588\u2588\u2588\u2588\u2588\u2588\u2588\u2588\u2588\u2588\u2588\u2588\u2588\u2588\u2588\u2588\u2588\u2588\u2588\u2588\u2588\u2588\u2588\u2588\u2588\u2588\u2588\u2588\u2588\u2588\u2588\u2588\u2588\u2588\u2588\u2588\u2588\u2588\u2588\u2588\u2588\u2588\u2588\u2588\u2588\u2588\u2588\u2588\u2588\u2588\u2588\u2588\u2588\u2588\u2588\u2588\u2588\u2588\u2588\u2588\u2588\u2588\u2588\u2588\u2588\u2588\u2588\u2588\u2588\u2588\u2588\u2588\u2588\u2588\u2588\u2588\u2588\u2588\u2588\u2588\u2588\u2588\u2588\u258c| 1275/1279 [00:19<00:00, 57.22it/s]", "step": null, "ts": 1730799807.409055}]}, "version": 1131, "at": 1730799807.409146}
{"obj": {"type": "LogStrings", "path": ["monitoring", "552629ed", "stderr"], "values": [{"value": "", "step": null, "ts": 1730799807.4680934}]}, "version": 1132, "at": 1730799807.4681835}
{"obj": {"type": "LogStrings", "path": ["monitoring", "552629ed", "stderr"], "values": [{"value": "\r100%|\u2588\u2588\u2588\u2588\u2588\u2588\u2588\u2588\u2588\u2588\u2588\u2588\u2588\u2588\u2588\u2588\u2588\u2588\u2588\u2588\u2588\u2588\u2588\u2588\u2588\u2588\u2588\u2588\u2588\u2588\u2588\u2588\u2588\u2588\u2588\u2588\u2588\u2588\u2588\u2588\u2588\u2588\u2588\u2588\u2588\u2588\u2588\u2588\u2588\u2588\u2588\u2588\u2588\u2588\u2588\u2588\u2588\u2588\u2588\u2588\u2588\u2588\u2588\u2588\u2588\u2588\u2588\u2588\u2588\u2588\u2588\u2588\u2588\u2588\u2588\u2588\u2588\u2588\u2588\u2588\u2588\u2588\u2588\u2588\u2588\u2588\u2588\u2588\u2588\u2588\u2588\u2588\u2588\u2588\u2588\u2588\u2588\u2588\u2588\u2588\u2588\u2588\u2588\u2588\u2588\u2588\u2588\u2588\u2588\u2588\u2588\u2588\u2588\u2588\u2588\u2588\u2588\u2588\u2588\u2588\u2588\u2588\u2588\u2588\u2588\u2588\u2588\u2588\u2588\u2588\u2588\u2588\u2588\u2588\u2588\u2588\u2588\u2588\u2588\u2588\u2588\u2588\u2588\u2588\u2588\u2588\u2588| 1279/1279 [00:19<00:00, 66.88it/s]", "step": null, "ts": 1730799807.4696455}]}, "version": 1133, "at": 1730799807.46973}
{"obj": {"type": "LogStrings", "path": ["monitoring", "552629ed", "stderr"], "values": [{"value": "\n", "step": null, "ts": 1730799807.4700198}]}, "version": 1134, "at": 1730799807.4700747}
{"obj": {"type": "LogStrings", "path": ["monitoring", "552629ed", "stdout"], "values": [{"value": "[7/21]", "step": null, "ts": 1730799810.6304796}]}, "version": 1135, "at": 1730799810.630849}
{"obj": {"type": "LogStrings", "path": ["monitoring", "552629ed", "stderr"], "values": [{"value": "\r  0%|                                                                                                                                                               | 0/601 [00:00<?, ?it/s]", "step": null, "ts": 1730799810.6315663}]}, "version": 1136, "at": 1730799810.6316547}
{"obj": {"type": "LogStrings", "path": ["monitoring", "552629ed", "stdout"], "values": [{"value": "\n", "step": null, "ts": 1730799810.6319158}]}, "version": 1137, "at": 1730799810.6319644}
{"obj": {"type": "LogStrings", "path": ["monitoring", "552629ed", "stderr"], "values": [{"value": "\r  1%|\u2588                                                                                                                                                      | 4/601 [00:00<00:15, 37.47it/s]", "step": null, "ts": 1730799810.7370842}]}, "version": 1138, "at": 1730799810.737206}
{"obj": {"type": "LogStrings", "path": ["monitoring", "552629ed", "stderr"], "values": [{"value": "\r  2%|\u2588\u2588\u258d                                                                                                                                                   | 10/601 [00:00<00:11, 49.86it/s]", "step": null, "ts": 1730799810.838714}]}, "version": 1139, "at": 1730799810.8388083}
{"obj": {"type": "LogStrings", "path": ["monitoring", "552629ed", "stderr"], "values": [{"value": "\r  3%|\u2588\u2588\u2588\u2588\u258f                                                                                                                                                 | 17/601 [00:00<00:10, 55.88it/s]", "step": null, "ts": 1730799810.9506545}]}, "version": 1140, "at": 1730799810.9507353}
{"obj": {"type": "LogStrings", "path": ["monitoring", "552629ed", "stderr"], "values": [{"value": "\r  4%|\u2588\u2588\u2588\u2588\u2588\u2589                                                                                                                                                | 24/601 [00:00<00:09, 59.40it/s]", "step": null, "ts": 1730799811.0587592}]}, "version": 1141, "at": 1730799811.0588608}
{"obj": {"type": "LogStrings", "path": ["monitoring", "552629ed", "stderr"], "values": [{"value": "\r  5%|\u2588\u2588\u2588\u2588\u2588\u2588\u2588\u258b                                                                                                                                              | 31/601 [00:00<00:09, 61.42it/s]", "step": null, "ts": 1730799811.1664495}]}, "version": 1142, "at": 1730799811.1665306}
{"obj": {"type": "LogStrings", "path": ["monitoring", "552629ed", "stderr"], "values": [{"value": "\r  6%|\u2588\u2588\u2588\u2588\u2588\u2588\u2588\u2588\u2588\u258d                                                                                                                                            | 38/601 [00:00<00:08, 62.82it/s]", "step": null, "ts": 1730799811.2732027}]}, "version": 1143, "at": 1730799811.2732794}
{"obj": {"type": "LogStrings", "path": ["monitoring", "552629ed", "stderr"], "values": [{"value": "\r  7%|\u2588\u2588\u2588\u2588\u2588\u2588\u2588\u2588\u2588\u2588\u2588\u258f                                                                                                                                          | 45/601 [00:00<00:08, 63.80it/s]", "step": null, "ts": 1730799811.3794773}]}, "version": 1144, "at": 1730799811.3795636}
{"obj": {"type": "LogStrings", "path": ["monitoring", "552629ed", "stderr"], "values": [{"value": "\r  9%|\u2588\u2588\u2588\u2588\u2588\u2588\u2588\u2588\u2588\u2588\u2588\u2588\u2589                                                                                                                                         | 52/601 [00:00<00:10, 52.16it/s]", "step": null, "ts": 1730799811.5648644}]}, "version": 1145, "at": 1730799811.5649526}
{"obj": {"type": "LogStrings", "path": ["monitoring", "552629ed", "stderr"], "values": [{"value": "\r 10%|\u2588\u2588\u2588\u2588\u2588\u2588\u2588\u2588\u2588\u2588\u2588\u2588\u2588\u2588\u258b                                                                                                                                       | 59/601 [00:01<00:09, 56.61it/s]", "step": null, "ts": 1730799811.665653}]}, "version": 1146, "at": 1730799811.6657465}
{"obj": {"type": "LogStrings", "path": ["monitoring", "552629ed", "stderr"], "values": [{"value": "\r 11%|\u2588\u2588\u2588\u2588\u2588\u2588\u2588\u2588\u2588\u2588\u2588\u2588\u2588\u2588\u2588\u2588\u258d                                                                                                                                     | 66/601 [00:01<00:08, 59.55it/s]", "step": null, "ts": 1730799811.7697198}]}, "version": 1147, "at": 1730799811.7698128}
{"obj": {"type": "LogStrings", "path": ["monitoring", "552629ed", "stderr"], "values": [{"value": "\r 12%|\u2588\u2588\u2588\u2588\u2588\u2588\u2588\u2588\u2588\u2588\u2588\u2588\u2588\u2588\u2588\u2588\u2588\u2588\u258d                                                                                                                                   | 74/601 [00:01<00:08, 63.12it/s]", "step": null, "ts": 1730799811.881547}]}, "version": 1148, "at": 1730799811.881644}
{"obj": {"type": "LogStrings", "path": ["monitoring", "552629ed", "stderr"], "values": [{"value": "\r 14%|\u2588\u2588\u2588\u2588\u2588\u2588\u2588\u2588\u2588\u2588\u2588\u2588\u2588\u2588\u2588\u2588\u2588\u2588\u2588\u2588\u258d                                                                                                                                 | 82/601 [00:01<00:07, 65.51it/s]", "step": null, "ts": 1730799811.994117}]}, "version": 1149, "at": 1730799811.9941876}
{"obj": {"type": "LogStrings", "path": ["monitoring", "552629ed", "stderr"], "values": [{"value": "\r 15%|\u2588\u2588\u2588\u2588\u2588\u2588\u2588\u2588\u2588\u2588\u2588\u2588\u2588\u2588\u2588\u2588\u2588\u2588\u2588\u2588\u2588\u2588\u258d                                                                                                                               | 90/601 [00:01<00:07, 68.01it/s]", "step": null, "ts": 1730799812.1020057}]}, "version": 1150, "at": 1730799812.1020787}
{"obj": {"type": "LogStrings", "path": ["monitoring", "552629ed", "stderr"], "values": [{"value": "\r 16%|\u2588\u2588\u2588\u2588\u2588\u2588\u2588\u2588\u2588\u2588\u2588\u2588\u2588\u2588\u2588\u2588\u2588\u2588\u2588\u2588\u2588\u2588\u2588\u2588\u258d                                                                                                                             | 98/601 [00:01<00:07, 69.49it/s]", "step": null, "ts": 1730799812.2116034}]}, "version": 1151, "at": 1730799812.211689}
{"obj": {"type": "LogStrings", "path": ["monitoring", "552629ed", "stderr"], "values": [{"value": "\r 18%|\u2588\u2588\u2588\u2588\u2588\u2588\u2588\u2588\u2588\u2588\u2588\u2588\u2588\u2588\u2588\u2588\u2588\u2588\u2588\u2588\u2588\u2588\u2588\u2588\u2588\u2588\u258e                                                                                                                          | 106/601 [00:01<00:07, 69.32it/s]", "step": null, "ts": 1730799812.327638}]}, "version": 1152, "at": 1730799812.3277113}
{"obj": {"type": "LogStrings", "path": ["monitoring", "552629ed", "stderr"], "values": [{"value": "\r 19%|\u2588\u2588\u2588\u2588\u2588\u2588\u2588\u2588\u2588\u2588\u2588\u2588\u2588\u2588\u2588\u2588\u2588\u2588\u2588\u2588\u2588\u2588\u2588\u2588\u2588\u2588\u2588\u2588\u258e                                                                                                                        | 114/601 [00:01<00:06, 70.38it/s]", "step": null, "ts": 1730799812.4374018}]}, "version": 1153, "at": 1730799812.4374886}
{"obj": {"type": "LogStrings", "path": ["monitoring", "552629ed", "stderr"], "values": [{"value": "\r 20%|\u2588\u2588\u2588\u2588\u2588\u2588\u2588\u2588\u2588\u2588\u2588\u2588\u2588\u2588\u2588\u2588\u2588\u2588\u2588\u2588\u2588\u2588\u2588\u2588\u2588\u2588\u2588\u2588\u2588\u2588\u258f                                                                                                                      | 122/601 [00:01<00:07, 63.33it/s]", "step": null, "ts": 1730799812.5927176}]}, "version": 1154, "at": 1730799812.5928254}
{"obj": {"type": "LogStrings", "path": ["monitoring", "552629ed", "stderr"], "values": [{"value": "\r 21%|\u2588\u2588\u2588\u2588\u2588\u2588\u2588\u2588\u2588\u2588\u2588\u2588\u2588\u2588\u2588\u2588\u2588\u2588\u2588\u2588\u2588\u2588\u2588\u2588\u2588\u2588\u2588\u2588\u2588\u2588\u2588\u2589                                                                                                                     | 129/601 [00:02<00:07, 64.62it/s]", "step": null, "ts": 1730799812.695352}]}, "version": 1155, "at": 1730799812.6954427}
{"obj": {"type": "LogStrings", "path": ["monitoring", "552629ed", "stderr"], "values": [{"value": "\r 23%|\u2588\u2588\u2588\u2588\u2588\u2588\u2588\u2588\u2588\u2588\u2588\u2588\u2588\u2588\u2588\u2588\u2588\u2588\u2588\u2588\u2588\u2588\u2588\u2588\u2588\u2588\u2588\u2588\u2588\u2588\u2588\u2588\u2588\u258b                                                                                                                   | 136/601 [00:02<00:07, 65.95it/s]", "step": null, "ts": 1730799812.7958574}]}, "version": 1156, "at": 1730799812.7959456}
{"obj": {"type": "LogStrings", "path": ["monitoring", "552629ed", "stderr"], "values": [{"value": "\r 24%|\u2588\u2588\u2588\u2588\u2588\u2588\u2588\u2588\u2588\u2588\u2588\u2588\u2588\u2588\u2588\u2588\u2588\u2588\u2588\u2588\u2588\u2588\u2588\u2588\u2588\u2588\u2588\u2588\u2588\u2588\u2588\u2588\u2588\u2588\u2588\u258b                                                                                                                 | 144/601 [00:02<00:06, 67.44it/s]", "step": null, "ts": 1730799812.908676}]}, "version": 1157, "at": 1730799812.9087627}
{"obj": {"type": "LogStrings", "path": ["monitoring", "552629ed", "stderr"], "values": [{"value": "\r 25%|\u2588\u2588\u2588\u2588\u2588\u2588\u2588\u2588\u2588\u2588\u2588\u2588\u2588\u2588\u2588\u2588\u2588\u2588\u2588\u2588\u2588\u2588\u2588\u2588\u2588\u2588\u2588\u2588\u2588\u2588\u2588\u2588\u2588\u2588\u2588\u2588\u2588\u258b                                                                                                               | 152/601 [00:02<00:06, 68.68it/s]", "step": null, "ts": 1730799813.0203686}]}, "version": 1158, "at": 1730799813.0204697}
{"obj": {"type": "LogStrings", "path": ["monitoring", "552629ed", "stderr"], "values": [{"value": "\r 27%|\u2588\u2588\u2588\u2588\u2588\u2588\u2588\u2588\u2588\u2588\u2588\u2588\u2588\u2588\u2588\u2588\u2588\u2588\u2588\u2588\u2588\u2588\u2588\u2588\u2588\u2588\u2588\u2588\u2588\u2588\u2588\u2588\u2588\u2588\u2588\u2588\u2588\u2588\u2588\u258b                                                                                                             | 160/601 [00:02<00:06, 69.59it/s]", "step": null, "ts": 1730799813.1319067}]}, "version": 1159, "at": 1730799813.1320145}
{"obj": {"type": "LogStrings", "path": ["monitoring", "552629ed", "stderr"], "values": [{"value": "\r 28%|\u2588\u2588\u2588\u2588\u2588\u2588\u2588\u2588\u2588\u2588\u2588\u2588\u2588\u2588\u2588\u2588\u2588\u2588\u2588\u2588\u2588\u2588\u2588\u2588\u2588\u2588\u2588\u2588\u2588\u2588\u2588\u2588\u2588\u2588\u2588\u2588\u2588\u2588\u2588\u2588\u2588\u258b                                                                                                           | 168/601 [00:02<00:06, 69.70it/s]", "step": null, "ts": 1730799813.2462983}]}, "version": 1160, "at": 1730799813.2463865}
{"obj": {"type": "LogStrings", "path": ["monitoring", "552629ed", "stderr"], "values": [{"value": "\r 29%|\u2588\u2588\u2588\u2588\u2588\u2588\u2588\u2588\u2588\u2588\u2588\u2588\u2588\u2588\u2588\u2588\u2588\u2588\u2588\u2588\u2588\u2588\u2588\u2588\u2588\u2588\u2588\u2588\u2588\u2588\u2588\u2588\u2588\u2588\u2588\u2588\u2588\u2588\u2588\u2588\u2588\u2588\u2588\u258d                                                                                                         | 175/601 [00:02<00:06, 69.22it/s]", "step": null, "ts": 1730799813.3491652}]}, "version": 1161, "at": 1730799813.3492544}
{"obj": {"type": "LogStrings", "path": ["monitoring", "552629ed", "stderr"], "values": [{"value": "\r 30%|\u2588\u2588\u2588\u2588\u2588\u2588\u2588\u2588\u2588\u2588\u2588\u2588\u2588\u2588\u2588\u2588\u2588\u2588\u2588\u2588\u2588\u2588\u2588\u2588\u2588\u2588\u2588\u2588\u2588\u2588\u2588\u2588\u2588\u2588\u2588\u2588\u2588\u2588\u2588\u2588\u2588\u2588\u2588\u2588\u2588                                                                                                        | 182/601 [00:02<00:06, 68.03it/s]", "step": null, "ts": 1730799813.4566197}]}, "version": 1162, "at": 1730799813.4567058}
{"obj": {"type": "LogStrings", "path": ["monitoring", "552629ed", "stderr"], "values": [{"value": "\r 31%|\u2588\u2588\u2588\u2588\u2588\u2588\u2588\u2588\u2588\u2588\u2588\u2588\u2588\u2588\u2588\u2588\u2588\u2588\u2588\u2588\u2588\u2588\u2588\u2588\u2588\u2588\u2588\u2588\u2588\u2588\u2588\u2588\u2588\u2588\u2588\u2588\u2588\u2588\u2588\u2588\u2588\u2588\u2588\u2588\u2588\u2588\u258a                                                                                                      | 189/601 [00:03<00:07, 53.65it/s]", "step": null, "ts": 1730799813.6557484}]}, "version": 1163, "at": 1730799813.6558516}
{"obj": {"type": "LogStrings", "path": ["monitoring", "552629ed", "stderr"], "values": [{"value": "\r 33%|\u2588\u2588\u2588\u2588\u2588\u2588\u2588\u2588\u2588\u2588\u2588\u2588\u2588\u2588\u2588\u2588\u2588\u2588\u2588\u2588\u2588\u2588\u2588\u2588\u2588\u2588\u2588\u2588\u2588\u2588\u2588\u2588\u2588\u2588\u2588\u2588\u2588\u2588\u2588\u2588\u2588\u2588\u2588\u2588\u2588\u2588\u2588\u2588\u258c                                                                                                    | 196/601 [00:03<00:07, 56.66it/s]", "step": null, "ts": 1730799813.761999}]}, "version": 1164, "at": 1730799813.7620978}
{"obj": {"type": "LogStrings", "path": ["monitoring", "552629ed", "stderr"], "values": [{"value": "\r 34%|\u2588\u2588\u2588\u2588\u2588\u2588\u2588\u2588\u2588\u2588\u2588\u2588\u2588\u2588\u2588\u2588\u2588\u2588\u2588\u2588\u2588\u2588\u2588\u2588\u2588\u2588\u2588\u2588\u2588\u2588\u2588\u2588\u2588\u2588\u2588\u2588\u2588\u2588\u2588\u2588\u2588\u2588\u2588\u2588\u2588\u2588\u2588\u2588\u2588\u2588\u258e                                                                                                  | 203/601 [00:03<00:06, 58.90it/s]", "step": null, "ts": 1730799813.869589}]}, "version": 1165, "at": 1730799813.8696764}
{"obj": {"type": "LogStrings", "path": ["monitoring", "552629ed", "stderr"], "values": [{"value": "\r 35%|\u2588\u2588\u2588\u2588\u2588\u2588\u2588\u2588\u2588\u2588\u2588\u2588\u2588\u2588\u2588\u2588\u2588\u2588\u2588\u2588\u2588\u2588\u2588\u2588\u2588\u2588\u2588\u2588\u2588\u2588\u2588\u2588\u2588\u2588\u2588\u2588\u2588\u2588\u2588\u2588\u2588\u2588\u2588\u2588\u2588\u2588\u2588\u2588\u2588\u2588\u2588\u2588                                                                                                 | 210/601 [00:03<00:06, 61.56it/s]", "step": null, "ts": 1730799813.9710863}]}, "version": 1166, "at": 1730799813.971175}
{"obj": {"type": "LogStrings", "path": ["monitoring", "552629ed", "stderr"], "values": [{"value": "\r 36%|\u2588\u2588\u2588\u2588\u2588\u2588\u2588\u2588\u2588\u2588\u2588\u2588\u2588\u2588\u2588\u2588\u2588\u2588\u2588\u2588\u2588\u2588\u2588\u2588\u2588\u2588\u2588\u2588\u2588\u2588\u2588\u2588\u2588\u2588\u2588\u2588\u2588\u2588\u2588\u2588\u2588\u2588\u2588\u2588\u2588\u2588\u2588\u2588\u2588\u2588\u2588\u2588\u2588\u258a                                                                                               | 217/601 [00:03<00:06, 63.15it/s]", "step": null, "ts": 1730799814.0750895}]}, "version": 1167, "at": 1730799814.0751698}
{"obj": {"type": "LogStrings", "path": ["monitoring", "552629ed", "stderr"], "values": [{"value": "\r 37%|\u2588\u2588\u2588\u2588\u2588\u2588\u2588\u2588\u2588\u2588\u2588\u2588\u2588\u2588\u2588\u2588\u2588\u2588\u2588\u2588\u2588\u2588\u2588\u2588\u2588\u2588\u2588\u2588\u2588\u2588\u2588\u2588\u2588\u2588\u2588\u2588\u2588\u2588\u2588\u2588\u2588\u2588\u2588\u2588\u2588\u2588\u2588\u2588\u2588\u2588\u2588\u2588\u2588\u2588\u2588\u258a                                                                                             | 225/601 [00:03<00:05, 66.23it/s]", "step": null, "ts": 1730799814.1838033}]}, "version": 1168, "at": 1730799814.1839094}
{"obj": {"type": "LogStrings", "path": ["monitoring", "552629ed", "stderr"], "values": [{"value": "\r 39%|\u2588\u2588\u2588\u2588\u2588\u2588\u2588\u2588\u2588\u2588\u2588\u2588\u2588\u2588\u2588\u2588\u2588\u2588\u2588\u2588\u2588\u2588\u2588\u2588\u2588\u2588\u2588\u2588\u2588\u2588\u2588\u2588\u2588\u2588\u2588\u2588\u2588\u2588\u2588\u2588\u2588\u2588\u2588\u2588\u2588\u2588\u2588\u2588\u2588\u2588\u2588\u2588\u2588\u2588\u2588\u2588\u2588\u258c                                                                                           | 232/601 [00:03<00:05, 65.25it/s]", "step": null, "ts": 1730799814.2949512}]}, "version": 1169, "at": 1730799814.2950397}
{"obj": {"type": "LogStrings", "path": ["monitoring", "552629ed", "stderr"], "values": [{"value": "\r 40%|\u2588\u2588\u2588\u2588\u2588\u2588\u2588\u2588\u2588\u2588\u2588\u2588\u2588\u2588\u2588\u2588\u2588\u2588\u2588\u2588\u2588\u2588\u2588\u2588\u2588\u2588\u2588\u2588\u2588\u2588\u2588\u2588\u2588\u2588\u2588\u2588\u2588\u2588\u2588\u2588\u2588\u2588\u2588\u2588\u2588\u2588\u2588\u2588\u2588\u2588\u2588\u2588\u2588\u2588\u2588\u2588\u2588\u2588\u2588\u258e                                                                                         | 239/601 [00:03<00:05, 64.39it/s]", "step": null, "ts": 1730799814.4071965}]}, "version": 1170, "at": 1730799814.4073315}
{"obj": {"type": "LogStrings", "path": ["monitoring", "552629ed", "stderr"], "values": [{"value": "\r 41%|\u2588\u2588\u2588\u2588\u2588\u2588\u2588\u2588\u2588\u2588\u2588\u2588\u2588\u2588\u2588\u2588\u2588\u2588\u2588\u2588\u2588\u2588\u2588\u2588\u2588\u2588\u2588\u2588\u2588\u2588\u2588\u2588\u2588\u2588\u2588\u2588\u2588\u2588\u2588\u2588\u2588\u2588\u2588\u2588\u2588\u2588\u2588\u2588\u2588\u2588\u2588\u2588\u2588\u2588\u2588\u2588\u2588\u2588\u2588\u2588\u2589                                                                                        | 246/601 [00:03<00:05, 63.00it/s]", "step": null, "ts": 1730799814.5240684}]}, "version": 1171, "at": 1730799814.5241718}
{"obj": {"type": "LogStrings", "path": ["monitoring", "552629ed", "stderr"], "values": [{"value": "\r 42%|\u2588\u2588\u2588\u2588\u2588\u2588\u2588\u2588\u2588\u2588\u2588\u2588\u2588\u2588\u2588\u2588\u2588\u2588\u2588\u2588\u2588\u2588\u2588\u2588\u2588\u2588\u2588\u2588\u2588\u2588\u2588\u2588\u2588\u2588\u2588\u2588\u2588\u2588\u2588\u2588\u2588\u2588\u2588\u2588\u2588\u2588\u2588\u2588\u2588\u2588\u2588\u2588\u2588\u2588\u2588\u2588\u2588\u2588\u2588\u2588\u2588\u2588\u258b                                                                                      | 253/601 [00:04<00:05, 63.57it/s]", "step": null, "ts": 1730799814.6317048}]}, "version": 1172, "at": 1730799814.631794}
{"obj": {"type": "LogStrings", "path": ["monitoring", "552629ed", "stderr"], "values": [{"value": "\r 43%|\u2588\u2588\u2588\u2588\u2588\u2588\u2588\u2588\u2588\u2588\u2588\u2588\u2588\u2588\u2588\u2588\u2588\u2588\u2588\u2588\u2588\u2588\u2588\u2588\u2588\u2588\u2588\u2588\u2588\u2588\u2588\u2588\u2588\u2588\u2588\u2588\u2588\u2588\u2588\u2588\u2588\u2588\u2588\u2588\u2588\u2588\u2588\u2588\u2588\u2588\u2588\u2588\u2588\u2588\u2588\u2588\u2588\u2588\u2588\u2588\u2588\u2588\u2588\u2588\u258d                                                                                    | 260/601 [00:04<00:05, 63.27it/s]", "step": null, "ts": 1730799814.7436283}]}, "version": 1173, "at": 1730799814.7436943}
{"obj": {"type": "LogStrings", "path": ["monitoring", "552629ed", "stderr"], "values": [{"value": "\r 44%|\u2588\u2588\u2588\u2588\u2588\u2588\u2588\u2588\u2588\u2588\u2588\u2588\u2588\u2588\u2588\u2588\u2588\u2588\u2588\u2588\u2588\u2588\u2588\u2588\u2588\u2588\u2588\u2588\u2588\u2588\u2588\u2588\u2588\u2588\u2588\u2588\u2588\u2588\u2588\u2588\u2588\u2588\u2588\u2588\u2588\u2588\u2588\u2588\u2588\u2588\u2588\u2588\u2588\u2588\u2588\u2588\u2588\u2588\u2588\u2588\u2588\u2588\u2588\u2588\u2588\u2588\u258f                                                                                  | 267/601 [00:04<00:05, 63.40it/s]", "step": null, "ts": 1730799814.8534412}]}, "version": 1174, "at": 1730799814.8535416}
{"obj": {"type": "LogStrings", "path": ["monitoring", "552629ed", "stderr"], "values": [{"value": "\r 46%|\u2588\u2588\u2588\u2588\u2588\u2588\u2588\u2588\u2588\u2588\u2588\u2588\u2588\u2588\u2588\u2588\u2588\u2588\u2588\u2588\u2588\u2588\u2588\u2588\u2588\u2588\u2588\u2588\u2588\u2588\u2588\u2588\u2588\u2588\u2588\u2588\u2588\u2588\u2588\u2588\u2588\u2588\u2588\u2588\u2588\u2588\u2588\u2588\u2588\u2588\u2588\u2588\u2588\u2588\u2588\u2588\u2588\u2588\u2588\u2588\u2588\u2588\u2588\u2588\u2588\u2588\u2588\u2589                                                                                 | 274/601 [00:04<00:05, 63.73it/s]", "step": null, "ts": 1730799814.9620068}]}, "version": 1175, "at": 1730799814.962086}
{"obj": {"type": "LogStrings", "path": ["monitoring", "552629ed", "stderr"], "values": [{"value": "\r 47%|\u2588\u2588\u2588\u2588\u2588\u2588\u2588\u2588\u2588\u2588\u2588\u2588\u2588\u2588\u2588\u2588\u2588\u2588\u2588\u2588\u2588\u2588\u2588\u2588\u2588\u2588\u2588\u2588\u2588\u2588\u2588\u2588\u2588\u2588\u2588\u2588\u2588\u2588\u2588\u2588\u2588\u2588\u2588\u2588\u2588\u2588\u2588\u2588\u2588\u2588\u2588\u2588\u2588\u2588\u2588\u2588\u2588\u2588\u2588\u2588\u2588\u2588\u2588\u2588\u2588\u2588\u2588\u2588\u2588\u258b                                                                               | 281/601 [00:04<00:05, 62.95it/s]", "step": null, "ts": 1730799815.0762892}]}, "version": 1176, "at": 1730799815.076384}
{"obj": {"type": "LogStrings", "path": ["monitoring", "552629ed", "stderr"], "values": [{"value": "\r 48%|\u2588\u2588\u2588\u2588\u2588\u2588\u2588\u2588\u2588\u2588\u2588\u2588\u2588\u2588\u2588\u2588\u2588\u2588\u2588\u2588\u2588\u2588\u2588\u2588\u2588\u2588\u2588\u2588\u2588\u2588\u2588\u2588\u2588\u2588\u2588\u2588\u2588\u2588\u2588\u2588\u2588\u2588\u2588\u2588\u2588\u2588\u2588\u2588\u2588\u2588\u2588\u2588\u2588\u2588\u2588\u2588\u2588\u2588\u2588\u2588\u2588\u2588\u2588\u2588\u2588\u2588\u2588\u2588\u2588\u2588\u2588\u258d                                                                             | 288/601 [00:04<00:04, 63.99it/s]", "step": null, "ts": 1730799815.1815279}]}, "version": 1177, "at": 1730799815.1816278}
{"obj": {"type": "LogStrings", "path": ["monitoring", "552629ed", "stderr"], "values": [{"value": "\r 49%|\u2588\u2588\u2588\u2588\u2588\u2588\u2588\u2588\u2588\u2588\u2588\u2588\u2588\u2588\u2588\u2588\u2588\u2588\u2588\u2588\u2588\u2588\u2588\u2588\u2588\u2588\u2588\u2588\u2588\u2588\u2588\u2588\u2588\u2588\u2588\u2588\u2588\u2588\u2588\u2588\u2588\u2588\u2588\u2588\u2588\u2588\u2588\u2588\u2588\u2588\u2588\u2588\u2588\u2588\u2588\u2588\u2588\u2588\u2588\u2588\u2588\u2588\u2588\u2588\u2588\u2588\u2588\u2588\u2588\u2588\u2588\u2588\u2588\u258d                                                                           | 296/601 [00:04<00:04, 66.19it/s]", "step": null, "ts": 1730799815.2938244}]}, "version": 1178, "at": 1730799815.2939134}
{"obj": {"type": "LogStrings", "path": ["monitoring", "552629ed", "stderr"], "values": [{"value": "\r 51%|\u2588\u2588\u2588\u2588\u2588\u2588\u2588\u2588\u2588\u2588\u2588\u2588\u2588\u2588\u2588\u2588\u2588\u2588\u2588\u2588\u2588\u2588\u2588\u2588\u2588\u2588\u2588\u2588\u2588\u2588\u2588\u2588\u2588\u2588\u2588\u2588\u2588\u2588\u2588\u2588\u2588\u2588\u2588\u2588\u2588\u2588\u2588\u2588\u2588\u2588\u2588\u2588\u2588\u2588\u2588\u2588\u2588\u2588\u2588\u2588\u2588\u2588\u2588\u2588\u2588\u2588\u2588\u2588\u2588\u2588\u2588\u2588\u2588\u2588\u2588\u258e                                                                         | 304/601 [00:04<00:04, 68.88it/s]", "step": null, "ts": 1730799815.399851}]}, "version": 1179, "at": 1730799815.399901}
{"obj": {"type": "LogStrings", "path": ["monitoring", "552629ed", "stderr"], "values": [{"value": "\r 52%|\u2588\u2588\u2588\u2588\u2588\u2588\u2588\u2588\u2588\u2588\u2588\u2588\u2588\u2588\u2588\u2588\u2588\u2588\u2588\u2588\u2588\u2588\u2588\u2588\u2588\u2588\u2588\u2588\u2588\u2588\u2588\u2588\u2588\u2588\u2588\u2588\u2588\u2588\u2588\u2588\u2588\u2588\u2588\u2588\u2588\u2588\u2588\u2588\u2588\u2588\u2588\u2588\u2588\u2588\u2588\u2588\u2588\u2588\u2588\u2588\u2588\u2588\u2588\u2588\u2588\u2588\u2588\u2588\u2588\u2588\u2588\u2588\u2588\u2588\u2588\u2588\u2588                                                                        | 311/601 [00:04<00:04, 68.97it/s]", "step": null, "ts": 1730799815.501034}]}, "version": 1180, "at": 1730799815.501085}
{"obj": {"type": "LogStrings", "path": ["monitoring", "552629ed", "stderr"], "values": [{"value": "\r 53%|\u2588\u2588\u2588\u2588\u2588\u2588\u2588\u2588\u2588\u2588\u2588\u2588\u2588\u2588\u2588\u2588\u2588\u2588\u2588\u2588\u2588\u2588\u2588\u2588\u2588\u2588\u2588\u2588\u2588\u2588\u2588\u2588\u2588\u2588\u2588\u2588\u2588\u2588\u2588\u2588\u2588\u2588\u2588\u2588\u2588\u2588\u2588\u2588\u2588\u2588\u2588\u2588\u2588\u2588\u2588\u2588\u2588\u2588\u2588\u2588\u2588\u2588\u2588\u2588\u2588\u2588\u2588\u2588\u2588\u2588\u2588\u2588\u2588\u2588\u2588\u2588\u2588\u2588\u2588                                                                      | 319/601 [00:04<00:03, 70.72it/s]", "step": null, "ts": 1730799815.6080074}]}, "version": 1181, "at": 1730799815.6080916}
{"obj": {"type": "LogStrings", "path": ["monitoring", "552629ed", "stderr"], "values": [{"value": "\r 54%|\u2588\u2588\u2588\u2588\u2588\u2588\u2588\u2588\u2588\u2588\u2588\u2588\u2588\u2588\u2588\u2588\u2588\u2588\u2588\u2588\u2588\u2588\u2588\u2588\u2588\u2588\u2588\u2588\u2588\u2588\u2588\u2588\u2588\u2588\u2588\u2588\u2588\u2588\u2588\u2588\u2588\u2588\u2588\u2588\u2588\u2588\u2588\u2588\u2588\u2588\u2588\u2588\u2588\u2588\u2588\u2588\u2588\u2588\u2588\u2588\u2588\u2588\u2588\u2588\u2588\u2588\u2588\u2588\u2588\u2588\u2588\u2588\u2588\u2588\u2588\u2588\u2588\u2588\u2588\u2588\u2588                                                                    | 327/601 [00:05<00:03, 72.15it/s]", "step": null, "ts": 1730799815.7140257}]}, "version": 1182, "at": 1730799815.7141051}
{"obj": {"type": "LogStrings", "path": ["monitoring", "552629ed", "stderr"], "values": [{"value": "\r 56%|\u2588\u2588\u2588\u2588\u2588\u2588\u2588\u2588\u2588\u2588\u2588\u2588\u2588\u2588\u2588\u2588\u2588\u2588\u2588\u2588\u2588\u2588\u2588\u2588\u2588\u2588\u2588\u2588\u2588\u2588\u2588\u2588\u2588\u2588\u2588\u2588\u2588\u2588\u2588\u2588\u2588\u2588\u2588\u2588\u2588\u2588\u2588\u2588\u2588\u2588\u2588\u2588\u2588\u2588\u2588\u2588\u2588\u2588\u2588\u2588\u2588\u2588\u2588\u2588\u2588\u2588\u2588\u2588\u2588\u2588\u2588\u2588\u2588\u2588\u2588\u2588\u2588\u2588\u2588\u2588\u2588\u2588\u2588                                                                  | 335/601 [00:05<00:03, 73.09it/s]", "step": null, "ts": 1730799815.8201563}]}, "version": 1183, "at": 1730799815.8202305}
{"obj": {"type": "LogStrings", "path": ["monitoring", "552629ed", "stderr"], "values": [{"value": "\r 57%|\u2588\u2588\u2588\u2588\u2588\u2588\u2588\u2588\u2588\u2588\u2588\u2588\u2588\u2588\u2588\u2588\u2588\u2588\u2588\u2588\u2588\u2588\u2588\u2588\u2588\u2588\u2588\u2588\u2588\u2588\u2588\u2588\u2588\u2588\u2588\u2588\u2588\u2588\u2588\u2588\u2588\u2588\u2588\u2588\u2588\u2588\u2588\u2588\u2588\u2588\u2588\u2588\u2588\u2588\u2588\u2588\u2588\u2588\u2588\u2588\u2588\u2588\u2588\u2588\u2588\u2588\u2588\u2588\u2588\u2588\u2588\u2588\u2588\u2588\u2588\u2588\u2588\u2588\u2588\u2588\u2588\u2588\u2588\u2588\u2588                                                                | 343/601 [00:05<00:03, 73.68it/s]", "step": null, "ts": 1730799815.9269223}]}, "version": 1184, "at": 1730799815.927045}
{"obj": {"type": "LogStrings", "path": ["monitoring", "552629ed", "stderr"], "values": [{"value": "\r 58%|\u2588\u2588\u2588\u2588\u2588\u2588\u2588\u2588\u2588\u2588\u2588\u2588\u2588\u2588\u2588\u2588\u2588\u2588\u2588\u2588\u2588\u2588\u2588\u2588\u2588\u2588\u2588\u2588\u2588\u2588\u2588\u2588\u2588\u2588\u2588\u2588\u2588\u2588\u2588\u2588\u2588\u2588\u2588\u2588\u2588\u2588\u2588\u2588\u2588\u2588\u2588\u2588\u2588\u2588\u2588\u2588\u2588\u2588\u2588\u2588\u2588\u2588\u2588\u2588\u2588\u2588\u2588\u2588\u2588\u2588\u2588\u2588\u2588\u2588\u2588\u2588\u2588\u2588\u2588\u2588\u2588\u2588\u2588\u2588\u2588\u2588\u2588                                                              | 351/601 [00:05<00:03, 74.05it/s]", "step": null, "ts": 1730799816.0336738}]}, "version": 1185, "at": 1730799816.0337775}
{"obj": {"type": "LogStrings", "path": ["monitoring", "552629ed", "stderr"], "values": [{"value": "\r 60%|\u2588\u2588\u2588\u2588\u2588\u2588\u2588\u2588\u2588\u2588\u2588\u2588\u2588\u2588\u2588\u2588\u2588\u2588\u2588\u2588\u2588\u2588\u2588\u2588\u2588\u2588\u2588\u2588\u2588\u2588\u2588\u2588\u2588\u2588\u2588\u2588\u2588\u2588\u2588\u2588\u2588\u2588\u2588\u2588\u2588\u2588\u2588\u2588\u2588\u2588\u2588\u2588\u2588\u2588\u2588\u2588\u2588\u2588\u2588\u2588\u2588\u2588\u2588\u2588\u2588\u2588\u2588\u2588\u2588\u2588\u2588\u2588\u2588\u2588\u2588\u2588\u2588\u2588\u2588\u2588\u2588\u2588\u2588\u2588\u2588\u2588\u2588\u2588\u2588                                                            | 359/601 [00:05<00:03, 74.60it/s]", "step": null, "ts": 1730799816.1390944}]}, "version": 1186, "at": 1730799816.1391997}
{"obj": {"type": "LogStrings", "path": ["monitoring", "552629ed", "stderr"], "values": [{"value": "\r 61%|\u2588\u2588\u2588\u2588\u2588\u2588\u2588\u2588\u2588\u2588\u2588\u2588\u2588\u2588\u2588\u2588\u2588\u2588\u2588\u2588\u2588\u2588\u2588\u2588\u2588\u2588\u2588\u2588\u2588\u2588\u2588\u2588\u2588\u2588\u2588\u2588\u2588\u2588\u2588\u2588\u2588\u2588\u2588\u2588\u2588\u2588\u2588\u2588\u2588\u2588\u2588\u2588\u2588\u2588\u2588\u2588\u2588\u2588\u2588\u2588\u2588\u2588\u2588\u2588\u2588\u2588\u2588\u2588\u2588\u2588\u2588\u2588\u2588\u2588\u2588\u2588\u2588\u2588\u2588\u2588\u2588\u2588\u2588\u2588\u2588\u2588\u2588\u2588\u2588\u2588\u2589                                                          | 367/601 [00:05<00:03, 74.45it/s]", "step": null, "ts": 1730799816.247158}]}, "version": 1187, "at": 1730799816.2472951}
{"obj": {"type": "LogStrings", "path": ["monitoring", "552629ed", "stderr"], "values": [{"value": "\r 62%|\u2588\u2588\u2588\u2588\u2588\u2588\u2588\u2588\u2588\u2588\u2588\u2588\u2588\u2588\u2588\u2588\u2588\u2588\u2588\u2588\u2588\u2588\u2588\u2588\u2588\u2588\u2588\u2588\u2588\u2588\u2588\u2588\u2588\u2588\u2588\u2588\u2588\u2588\u2588\u2588\u2588\u2588\u2588\u2588\u2588\u2588\u2588\u2588\u2588\u2588\u2588\u2588\u2588\u2588\u2588\u2588\u2588\u2588\u2588\u2588\u2588\u2588\u2588\u2588\u2588\u2588\u2588\u2588\u2588\u2588\u2588\u2588\u2588\u2588\u2588\u2588\u2588\u2588\u2588\u2588\u2588\u2588\u2588\u2588\u2588\u2588\u2588\u2588\u2588\u2588\u2588\u2588\u2589                                                        | 375/601 [00:05<00:03, 73.82it/s]", "step": null, "ts": 1730799816.3574755}]}, "version": 1188, "at": 1730799816.3575811}
{"obj": {"type": "LogStrings", "path": ["monitoring", "552629ed", "stderr"], "values": [{"value": "\r 64%|\u2588\u2588\u2588\u2588\u2588\u2588\u2588\u2588\u2588\u2588\u2588\u2588\u2588\u2588\u2588\u2588\u2588\u2588\u2588\u2588\u2588\u2588\u2588\u2588\u2588\u2588\u2588\u2588\u2588\u2588\u2588\u2588\u2588\u2588\u2588\u2588\u2588\u2588\u2588\u2588\u2588\u2588\u2588\u2588\u2588\u2588\u2588\u2588\u2588\u2588\u2588\u2588\u2588\u2588\u2588\u2588\u2588\u2588\u2588\u2588\u2588\u2588\u2588\u2588\u2588\u2588\u2588\u2588\u2588\u2588\u2588\u2588\u2588\u2588\u2588\u2588\u2588\u2588\u2588\u2588\u2588\u2588\u2588\u2588\u2588\u2588\u2588\u2588\u2588\u2588\u2588\u2588\u2588\u2588\u2589                                                      | 383/601 [00:05<00:02, 72.68it/s]", "step": null, "ts": 1730799816.4714763}]}, "version": 1189, "at": 1730799816.471579}
{"obj": {"type": "LogStrings", "path": ["monitoring", "552629ed", "stderr"], "values": [{"value": "\r 65%|\u2588\u2588\u2588\u2588\u2588\u2588\u2588\u2588\u2588\u2588\u2588\u2588\u2588\u2588\u2588\u2588\u2588\u2588\u2588\u2588\u2588\u2588\u2588\u2588\u2588\u2588\u2588\u2588\u2588\u2588\u2588\u2588\u2588\u2588\u2588\u2588\u2588\u2588\u2588\u2588\u2588\u2588\u2588\u2588\u2588\u2588\u2588\u2588\u2588\u2588\u2588\u2588\u2588\u2588\u2588\u2588\u2588\u2588\u2588\u2588\u2588\u2588\u2588\u2588\u2588\u2588\u2588\u2588\u2588\u2588\u2588\u2588\u2588\u2588\u2588\u2588\u2588\u2588\u2588\u2588\u2588\u2588\u2588\u2588\u2588\u2588\u2588\u2588\u2588\u2588\u2588\u2588\u2588\u2588\u2588\u2588\u2589                                                    | 391/601 [00:05<00:02, 72.65it/s]", "step": null, "ts": 1730799816.5818107}]}, "version": 1190, "at": 1730799816.5819163}
{"obj": {"type": "LogStrings", "path": ["monitoring", "552629ed", "stderr"], "values": [{"value": "\r 66%|\u2588\u2588\u2588\u2588\u2588\u2588\u2588\u2588\u2588\u2588\u2588\u2588\u2588\u2588\u2588\u2588\u2588\u2588\u2588\u2588\u2588\u2588\u2588\u2588\u2588\u2588\u2588\u2588\u2588\u2588\u2588\u2588\u2588\u2588\u2588\u2588\u2588\u2588\u2588\u2588\u2588\u2588\u2588\u2588\u2588\u2588\u2588\u2588\u2588\u2588\u2588\u2588\u2588\u2588\u2588\u2588\u2588\u2588\u2588\u2588\u2588\u2588\u2588\u2588\u2588\u2588\u2588\u2588\u2588\u2588\u2588\u2588\u2588\u2588\u2588\u2588\u2588\u2588\u2588\u2588\u2588\u2588\u2588\u2588\u2588\u2588\u2588\u2588\u2588\u2588\u2588\u2588\u2588\u2588\u2588\u2588\u2588\u2588\u2589                                                  | 399/601 [00:06<00:02, 72.58it/s]", "step": null, "ts": 1730799816.6922212}]}, "version": 1191, "at": 1730799816.692307}
{"obj": {"type": "LogStrings", "path": ["monitoring", "552629ed", "stderr"], "values": [{"value": "\r 68%|\u2588\u2588\u2588\u2588\u2588\u2588\u2588\u2588\u2588\u2588\u2588\u2588\u2588\u2588\u2588\u2588\u2588\u2588\u2588\u2588\u2588\u2588\u2588\u2588\u2588\u2588\u2588\u2588\u2588\u2588\u2588\u2588\u2588\u2588\u2588\u2588\u2588\u2588\u2588\u2588\u2588\u2588\u2588\u2588\u2588\u2588\u2588\u2588\u2588\u2588\u2588\u2588\u2588\u2588\u2588\u2588\u2588\u2588\u2588\u2588\u2588\u2588\u2588\u2588\u2588\u2588\u2588\u2588\u2588\u2588\u2588\u2588\u2588\u2588\u2588\u2588\u2588\u2588\u2588\u2588\u2588\u2588\u2588\u2588\u2588\u2588\u2588\u2588\u2588\u2588\u2588\u2588\u2588\u2588\u2588\u2588\u2588\u2588\u2588\u2588\u2589                                                | 407/601 [00:06<00:02, 73.40it/s]", "step": null, "ts": 1730799816.798267}]}, "version": 1192, "at": 1730799816.7983372}
{"obj": {"type": "LogFloats", "path": ["monitoring", "552629ed", "cpu"], "values": [{"value": 37.7, "step": null, "ts": 1730799816.8382413}]}, "version": 1193, "at": 1730799816.8412623}
{"obj": {"type": "LogFloats", "path": ["monitoring", "552629ed", "memory"], "values": [{"value": 10.025634765625, "step": null, "ts": 1730799816.8382413}]}, "version": 1194, "at": 1730799816.8416822}
{"obj": {"type": "LogFloats", "path": ["monitoring", "552629ed", "gpu"], "values": [{"value": 90.0, "step": null, "ts": 1730799816.8382413}]}, "version": 1195, "at": 1730799816.8419938}
{"obj": {"type": "LogFloats", "path": ["monitoring", "552629ed", "gpu_memory"], "values": [{"value": 1.103271484375, "step": null, "ts": 1730799816.8382413}]}, "version": 1196, "at": 1730799816.8422694}
{"obj": {"type": "LogFloats", "path": ["monitoring", "552629ed", "gpu_power"], "values": [{"value": 209.947, "step": null, "ts": 1730799816.8382413}]}, "version": 1197, "at": 1730799816.8425503}
{"obj": {"type": "LogStrings", "path": ["monitoring", "552629ed", "stderr"], "values": [{"value": "\r 69%|\u2588\u2588\u2588\u2588\u2588\u2588\u2588\u2588\u2588\u2588\u2588\u2588\u2588\u2588\u2588\u2588\u2588\u2588\u2588\u2588\u2588\u2588\u2588\u2588\u2588\u2588\u2588\u2588\u2588\u2588\u2588\u2588\u2588\u2588\u2588\u2588\u2588\u2588\u2588\u2588\u2588\u2588\u2588\u2588\u2588\u2588\u2588\u2588\u2588\u2588\u2588\u2588\u2588\u2588\u2588\u2588\u2588\u2588\u2588\u2588\u2588\u2588\u2588\u2588\u2588\u2588\u2588\u2588\u2588\u2588\u2588\u2588\u2588\u2588\u2588\u2588\u2588\u2588\u2588\u2588\u2588\u2588\u2588\u2588\u2588\u2588\u2588\u2588\u2588\u2588\u2588\u2588\u2588\u2588\u2588\u2588\u2588\u2588\u2588\u2588\u2588\u2588\u2589                                              | 415/601 [00:06<00:02, 74.08it/s]", "step": null, "ts": 1730799816.9039407}]}, "version": 1198, "at": 1730799816.9040194}
{"obj": {"type": "LogStrings", "path": ["monitoring", "552629ed", "stderr"], "values": [{"value": "\r 70%|\u2588\u2588\u2588\u2588\u2588\u2588\u2588\u2588\u2588\u2588\u2588\u2588\u2588\u2588\u2588\u2588\u2588\u2588\u2588\u2588\u2588\u2588\u2588\u2588\u2588\u2588\u2588\u2588\u2588\u2588\u2588\u2588\u2588\u2588\u2588\u2588\u2588\u2588\u2588\u2588\u2588\u2588\u2588\u2588\u2588\u2588\u2588\u2588\u2588\u2588\u2588\u2588\u2588\u2588\u2588\u2588\u2588\u2588\u2588\u2588\u2588\u2588\u2588\u2588\u2588\u2588\u2588\u2588\u2588\u2588\u2588\u2588\u2588\u2588\u2588\u2588\u2588\u2588\u2588\u2588\u2588\u2588\u2588\u2588\u2588\u2588\u2588\u2588\u2588\u2588\u2588\u2588\u2588\u2588\u2588\u2588\u2588\u2588\u2588\u2588\u2588\u2588\u2588\u2588\u258a                                            | 423/601 [00:06<00:02, 74.60it/s]", "step": null, "ts": 1730799817.009396}]}, "version": 1199, "at": 1730799817.009454}
{"obj": {"type": "LogStrings", "path": ["monitoring", "552629ed", "stderr"], "values": [{"value": "\r 72%|\u2588\u2588\u2588\u2588\u2588\u2588\u2588\u2588\u2588\u2588\u2588\u2588\u2588\u2588\u2588\u2588\u2588\u2588\u2588\u2588\u2588\u2588\u2588\u2588\u2588\u2588\u2588\u2588\u2588\u2588\u2588\u2588\u2588\u2588\u2588\u2588\u2588\u2588\u2588\u2588\u2588\u2588\u2588\u2588\u2588\u2588\u2588\u2588\u2588\u2588\u2588\u2588\u2588\u2588\u2588\u2588\u2588\u2588\u2588\u2588\u2588\u2588\u2588\u2588\u2588\u2588\u2588\u2588\u2588\u2588\u2588\u2588\u2588\u2588\u2588\u2588\u2588\u2588\u2588\u2588\u2588\u2588\u2588\u2588\u2588\u2588\u2588\u2588\u2588\u2588\u2588\u2588\u2588\u2588\u2588\u2588\u2588\u2588\u2588\u2588\u2588\u2588\u2588\u2588\u2588\u2588\u258a                                          | 431/601 [00:06<00:02, 74.91it/s]", "step": null, "ts": 1730799817.1151922}]}, "version": 1200, "at": 1730799817.1152732}
{"obj": {"type": "LogStrings", "path": ["monitoring", "552629ed", "stderr"], "values": [{"value": "\r 73%|\u2588\u2588\u2588\u2588\u2588\u2588\u2588\u2588\u2588\u2588\u2588\u2588\u2588\u2588\u2588\u2588\u2588\u2588\u2588\u2588\u2588\u2588\u2588\u2588\u2588\u2588\u2588\u2588\u2588\u2588\u2588\u2588\u2588\u2588\u2588\u2588\u2588\u2588\u2588\u2588\u2588\u2588\u2588\u2588\u2588\u2588\u2588\u2588\u2588\u2588\u2588\u2588\u2588\u2588\u2588\u2588\u2588\u2588\u2588\u2588\u2588\u2588\u2588\u2588\u2588\u2588\u2588\u2588\u2588\u2588\u2588\u2588\u2588\u2588\u2588\u2588\u2588\u2588\u2588\u2588\u2588\u2588\u2588\u2588\u2588\u2588\u2588\u2588\u2588\u2588\u2588\u2588\u2588\u2588\u2588\u2588\u2588\u2588\u2588\u2588\u2588\u2588\u2588\u2588\u2588\u2588\u2588\u2588\u258a                                        | 439/601 [00:06<00:02, 75.31it/s]", "step": null, "ts": 1730799817.220065}]}, "version": 1201, "at": 1730799817.2201421}
{"obj": {"type": "LogStrings", "path": ["monitoring", "552629ed", "stderr"], "values": [{"value": "\r 74%|\u2588\u2588\u2588\u2588\u2588\u2588\u2588\u2588\u2588\u2588\u2588\u2588\u2588\u2588\u2588\u2588\u2588\u2588\u2588\u2588\u2588\u2588\u2588\u2588\u2588\u2588\u2588\u2588\u2588\u2588\u2588\u2588\u2588\u2588\u2588\u2588\u2588\u2588\u2588\u2588\u2588\u2588\u2588\u2588\u2588\u2588\u2588\u2588\u2588\u2588\u2588\u2588\u2588\u2588\u2588\u2588\u2588\u2588\u2588\u2588\u2588\u2588\u2588\u2588\u2588\u2588\u2588\u2588\u2588\u2588\u2588\u2588\u2588\u2588\u2588\u2588\u2588\u2588\u2588\u2588\u2588\u2588\u2588\u2588\u2588\u2588\u2588\u2588\u2588\u2588\u2588\u2588\u2588\u2588\u2588\u2588\u2588\u2588\u2588\u2588\u2588\u2588\u2588\u2588\u2588\u2588\u2588\u2588\u2588\u2588\u258a                                      | 447/601 [00:06<00:02, 75.51it/s]", "step": null, "ts": 1730799817.325362}]}, "version": 1202, "at": 1730799817.3254228}
{"obj": {"type": "LogStrings", "path": ["monitoring", "552629ed", "stderr"], "values": [{"value": "\r 76%|\u2588\u2588\u2588\u2588\u2588\u2588\u2588\u2588\u2588\u2588\u2588\u2588\u2588\u2588\u2588\u2588\u2588\u2588\u2588\u2588\u2588\u2588\u2588\u2588\u2588\u2588\u2588\u2588\u2588\u2588\u2588\u2588\u2588\u2588\u2588\u2588\u2588\u2588\u2588\u2588\u2588\u2588\u2588\u2588\u2588\u2588\u2588\u2588\u2588\u2588\u2588\u2588\u2588\u2588\u2588\u2588\u2588\u2588\u2588\u2588\u2588\u2588\u2588\u2588\u2588\u2588\u2588\u2588\u2588\u2588\u2588\u2588\u2588\u2588\u2588\u2588\u2588\u2588\u2588\u2588\u2588\u2588\u2588\u2588\u2588\u2588\u2588\u2588\u2588\u2588\u2588\u2588\u2588\u2588\u2588\u2588\u2588\u2588\u2588\u2588\u2588\u2588\u2588\u2588\u2588\u2588\u2588\u2588\u2588\u2588\u2588\u2588\u258a                                    | 455/601 [00:06<00:01, 75.72it/s]", "step": null, "ts": 1730799817.430338}]}, "version": 1203, "at": 1730799817.4304237}
{"obj": {"type": "LogStrings", "path": ["monitoring", "552629ed", "stderr"], "values": [{"value": "\r 77%|\u2588\u2588\u2588\u2588\u2588\u2588\u2588\u2588\u2588\u2588\u2588\u2588\u2588\u2588\u2588\u2588\u2588\u2588\u2588\u2588\u2588\u2588\u2588\u2588\u2588\u2588\u2588\u2588\u2588\u2588\u2588\u2588\u2588\u2588\u2588\u2588\u2588\u2588\u2588\u2588\u2588\u2588\u2588\u2588\u2588\u2588\u2588\u2588\u2588\u2588\u2588\u2588\u2588\u2588\u2588\u2588\u2588\u2588\u2588\u2588\u2588\u2588\u2588\u2588\u2588\u2588\u2588\u2588\u2588\u2588\u2588\u2588\u2588\u2588\u2588\u2588\u2588\u2588\u2588\u2588\u2588\u2588\u2588\u2588\u2588\u2588\u2588\u2588\u2588\u2588\u2588\u2588\u2588\u2588\u2588\u2588\u2588\u2588\u2588\u2588\u2588\u2588\u2588\u2588\u2588\u2588\u2588\u2588\u2588\u2588\u2588\u2588\u2588\u2588\u258a                                  | 463/601 [00:06<00:01, 75.98it/s]", "step": null, "ts": 1730799817.5347533}]}, "version": 1204, "at": 1730799817.5348265}
{"obj": {"type": "LogStrings", "path": ["monitoring", "552629ed", "stderr"], "values": [{"value": "\r 78%|\u2588\u2588\u2588\u2588\u2588\u2588\u2588\u2588\u2588\u2588\u2588\u2588\u2588\u2588\u2588\u2588\u2588\u2588\u2588\u2588\u2588\u2588\u2588\u2588\u2588\u2588\u2588\u2588\u2588\u2588\u2588\u2588\u2588\u2588\u2588\u2588\u2588\u2588\u2588\u2588\u2588\u2588\u2588\u2588\u2588\u2588\u2588\u2588\u2588\u2588\u2588\u2588\u2588\u2588\u2588\u2588\u2588\u2588\u2588\u2588\u2588\u2588\u2588\u2588\u2588\u2588\u2588\u2588\u2588\u2588\u2588\u2588\u2588\u2588\u2588\u2588\u2588\u2588\u2588\u2588\u2588\u2588\u2588\u2588\u2588\u2588\u2588\u2588\u2588\u2588\u2588\u2588\u2588\u2588\u2588\u2588\u2588\u2588\u2588\u2588\u2588\u2588\u2588\u2588\u2588\u2588\u2588\u2588\u2588\u2588\u2588\u2588\u2588\u2588\u2588\u2588\u258a                                | 471/601 [00:07<00:01, 76.00it/s]", "step": null, "ts": 1730799817.6401968}]}, "version": 1205, "at": 1730799817.6402617}
{"obj": {"type": "LogStrings", "path": ["monitoring", "552629ed", "stderr"], "values": [{"value": "\r 80%|\u2588\u2588\u2588\u2588\u2588\u2588\u2588\u2588\u2588\u2588\u2588\u2588\u2588\u2588\u2588\u2588\u2588\u2588\u2588\u2588\u2588\u2588\u2588\u2588\u2588\u2588\u2588\u2588\u2588\u2588\u2588\u2588\u2588\u2588\u2588\u2588\u2588\u2588\u2588\u2588\u2588\u2588\u2588\u2588\u2588\u2588\u2588\u2588\u2588\u2588\u2588\u2588\u2588\u2588\u2588\u2588\u2588\u2588\u2588\u2588\u2588\u2588\u2588\u2588\u2588\u2588\u2588\u2588\u2588\u2588\u2588\u2588\u2588\u2588\u2588\u2588\u2588\u2588\u2588\u2588\u2588\u2588\u2588\u2588\u2588\u2588\u2588\u2588\u2588\u2588\u2588\u2588\u2588\u2588\u2588\u2588\u2588\u2588\u2588\u2588\u2588\u2588\u2588\u2588\u2588\u2588\u2588\u2588\u2588\u2588\u2588\u2588\u2588\u2588\u2588\u2588\u2588\u2588\u258a                              | 479/601 [00:07<00:01, 76.19it/s]", "step": null, "ts": 1730799817.7443876}]}, "version": 1206, "at": 1730799817.7444692}
{"obj": {"type": "LogStrings", "path": ["monitoring", "552629ed", "stderr"], "values": [{"value": "\r 81%|\u2588\u2588\u2588\u2588\u2588\u2588\u2588\u2588\u2588\u2588\u2588\u2588\u2588\u2588\u2588\u2588\u2588\u2588\u2588\u2588\u2588\u2588\u2588\u2588\u2588\u2588\u2588\u2588\u2588\u2588\u2588\u2588\u2588\u2588\u2588\u2588\u2588\u2588\u2588\u2588\u2588\u2588\u2588\u2588\u2588\u2588\u2588\u2588\u2588\u2588\u2588\u2588\u2588\u2588\u2588\u2588\u2588\u2588\u2588\u2588\u2588\u2588\u2588\u2588\u2588\u2588\u2588\u2588\u2588\u2588\u2588\u2588\u2588\u2588\u2588\u2588\u2588\u2588\u2588\u2588\u2588\u2588\u2588\u2588\u2588\u2588\u2588\u2588\u2588\u2588\u2588\u2588\u2588\u2588\u2588\u2588\u2588\u2588\u2588\u2588\u2588\u2588\u2588\u2588\u2588\u2588\u2588\u2588\u2588\u2588\u2588\u2588\u2588\u2588\u2588\u2588\u2588\u2588\u2588\u2588\u258b                            | 487/601 [00:07<00:01, 76.23it/s]", "step": null, "ts": 1730799817.8491745}]}, "version": 1207, "at": 1730799817.8492599}
{"obj": {"type": "LogStrings", "path": ["monitoring", "552629ed", "stderr"], "values": [{"value": "\r 82%|\u2588\u2588\u2588\u2588\u2588\u2588\u2588\u2588\u2588\u2588\u2588\u2588\u2588\u2588\u2588\u2588\u2588\u2588\u2588\u2588\u2588\u2588\u2588\u2588\u2588\u2588\u2588\u2588\u2588\u2588\u2588\u2588\u2588\u2588\u2588\u2588\u2588\u2588\u2588\u2588\u2588\u2588\u2588\u2588\u2588\u2588\u2588\u2588\u2588\u2588\u2588\u2588\u2588\u2588\u2588\u2588\u2588\u2588\u2588\u2588\u2588\u2588\u2588\u2588\u2588\u2588\u2588\u2588\u2588\u2588\u2588\u2588\u2588\u2588\u2588\u2588\u2588\u2588\u2588\u2588\u2588\u2588\u2588\u2588\u2588\u2588\u2588\u2588\u2588\u2588\u2588\u2588\u2588\u2588\u2588\u2588\u2588\u2588\u2588\u2588\u2588\u2588\u2588\u2588\u2588\u2588\u2588\u2588\u2588\u2588\u2588\u2588\u2588\u2588\u2588\u2588\u2588\u2588\u2588\u2588\u2588\u2588\u258b                          | 495/601 [00:07<00:01, 76.13it/s]", "step": null, "ts": 1730799817.9546003}]}, "version": 1208, "at": 1730799817.9546847}
{"obj": {"type": "LogStrings", "path": ["monitoring", "552629ed", "stderr"], "values": [{"value": "\r 84%|\u2588\u2588\u2588\u2588\u2588\u2588\u2588\u2588\u2588\u2588\u2588\u2588\u2588\u2588\u2588\u2588\u2588\u2588\u2588\u2588\u2588\u2588\u2588\u2588\u2588\u2588\u2588\u2588\u2588\u2588\u2588\u2588\u2588\u2588\u2588\u2588\u2588\u2588\u2588\u2588\u2588\u2588\u2588\u2588\u2588\u2588\u2588\u2588\u2588\u2588\u2588\u2588\u2588\u2588\u2588\u2588\u2588\u2588\u2588\u2588\u2588\u2588\u2588\u2588\u2588\u2588\u2588\u2588\u2588\u2588\u2588\u2588\u2588\u2588\u2588\u2588\u2588\u2588\u2588\u2588\u2588\u2588\u2588\u2588\u2588\u2588\u2588\u2588\u2588\u2588\u2588\u2588\u2588\u2588\u2588\u2588\u2588\u2588\u2588\u2588\u2588\u2588\u2588\u2588\u2588\u2588\u2588\u2588\u2588\u2588\u2588\u2588\u2588\u2588\u2588\u2588\u2588\u2588\u2588\u2588\u2588\u2588\u2588\u2588\u258b                        | 503/601 [00:07<00:01, 73.28it/s]", "step": null, "ts": 1730799818.0733376}]}, "version": 1209, "at": 1730799818.0734212}
{"obj": {"type": "LogStrings", "path": ["monitoring", "552629ed", "stderr"], "values": [{"value": "\r 85%|\u2588\u2588\u2588\u2588\u2588\u2588\u2588\u2588\u2588\u2588\u2588\u2588\u2588\u2588\u2588\u2588\u2588\u2588\u2588\u2588\u2588\u2588\u2588\u2588\u2588\u2588\u2588\u2588\u2588\u2588\u2588\u2588\u2588\u2588\u2588\u2588\u2588\u2588\u2588\u2588\u2588\u2588\u2588\u2588\u2588\u2588\u2588\u2588\u2588\u2588\u2588\u2588\u2588\u2588\u2588\u2588\u2588\u2588\u2588\u2588\u2588\u2588\u2588\u2588\u2588\u2588\u2588\u2588\u2588\u2588\u2588\u2588\u2588\u2588\u2588\u2588\u2588\u2588\u2588\u2588\u2588\u2588\u2588\u2588\u2588\u2588\u2588\u2588\u2588\u2588\u2588\u2588\u2588\u2588\u2588\u2588\u2588\u2588\u2588\u2588\u2588\u2588\u2588\u2588\u2588\u2588\u2588\u2588\u2588\u2588\u2588\u2588\u2588\u2588\u2588\u2588\u2588\u2588\u2588\u2588\u2588\u2588\u2588\u2588\u2588\u2588\u258b                      | 511/601 [00:07<00:01, 72.01it/s]", "step": null, "ts": 1730799818.1889005}]}, "version": 1210, "at": 1730799818.188964}
{"obj": {"type": "LogStrings", "path": ["monitoring", "552629ed", "stderr"], "values": [{"value": "\r 86%|\u2588\u2588\u2588\u2588\u2588\u2588\u2588\u2588\u2588\u2588\u2588\u2588\u2588\u2588\u2588\u2588\u2588\u2588\u2588\u2588\u2588\u2588\u2588\u2588\u2588\u2588\u2588\u2588\u2588\u2588\u2588\u2588\u2588\u2588\u2588\u2588\u2588\u2588\u2588\u2588\u2588\u2588\u2588\u2588\u2588\u2588\u2588\u2588\u2588\u2588\u2588\u2588\u2588\u2588\u2588\u2588\u2588\u2588\u2588\u2588\u2588\u2588\u2588\u2588\u2588\u2588\u2588\u2588\u2588\u2588\u2588\u2588\u2588\u2588\u2588\u2588\u2588\u2588\u2588\u2588\u2588\u2588\u2588\u2588\u2588\u2588\u2588\u2588\u2588\u2588\u2588\u2588\u2588\u2588\u2588\u2588\u2588\u2588\u2588\u2588\u2588\u2588\u2588\u2588\u2588\u2588\u2588\u2588\u2588\u2588\u2588\u2588\u2588\u2588\u2588\u2588\u2588\u2588\u2588\u2588\u2588\u2588\u2588\u2588\u2588\u2588\u2588\u2588\u258b                    | 519/601 [00:07<00:01, 72.45it/s]", "step": null, "ts": 1730799818.2977645}]}, "version": 1211, "at": 1730799818.2978475}
{"obj": {"type": "LogStrings", "path": ["monitoring", "552629ed", "stderr"], "values": [{"value": "\r 88%|\u2588\u2588\u2588\u2588\u2588\u2588\u2588\u2588\u2588\u2588\u2588\u2588\u2588\u2588\u2588\u2588\u2588\u2588\u2588\u2588\u2588\u2588\u2588\u2588\u2588\u2588\u2588\u2588\u2588\u2588\u2588\u2588\u2588\u2588\u2588\u2588\u2588\u2588\u2588\u2588\u2588\u2588\u2588\u2588\u2588\u2588\u2588\u2588\u2588\u2588\u2588\u2588\u2588\u2588\u2588\u2588\u2588\u2588\u2588\u2588\u2588\u2588\u2588\u2588\u2588\u2588\u2588\u2588\u2588\u2588\u2588\u2588\u2588\u2588\u2588\u2588\u2588\u2588\u2588\u2588\u2588\u2588\u2588\u2588\u2588\u2588\u2588\u2588\u2588\u2588\u2588\u2588\u2588\u2588\u2588\u2588\u2588\u2588\u2588\u2588\u2588\u2588\u2588\u2588\u2588\u2588\u2588\u2588\u2588\u2588\u2588\u2588\u2588\u2588\u2588\u2588\u2588\u2588\u2588\u2588\u2588\u2588\u2588\u2588\u2588\u2588\u2588\u2588\u2588\u2588\u258b                  | 527/601 [00:07<00:01, 72.08it/s]", "step": null, "ts": 1730799818.4100595}]}, "version": 1212, "at": 1730799818.4101448}
{"obj": {"type": "LogStrings", "path": ["monitoring", "552629ed", "stderr"], "values": [{"value": "\r 89%|\u2588\u2588\u2588\u2588\u2588\u2588\u2588\u2588\u2588\u2588\u2588\u2588\u2588\u2588\u2588\u2588\u2588\u2588\u2588\u2588\u2588\u2588\u2588\u2588\u2588\u2588\u2588\u2588\u2588\u2588\u2588\u2588\u2588\u2588\u2588\u2588\u2588\u2588\u2588\u2588\u2588\u2588\u2588\u2588\u2588\u2588\u2588\u2588\u2588\u2588\u2588\u2588\u2588\u2588\u2588\u2588\u2588\u2588\u2588\u2588\u2588\u2588\u2588\u2588\u2588\u2588\u2588\u2588\u2588\u2588\u2588\u2588\u2588\u2588\u2588\u2588\u2588\u2588\u2588\u2588\u2588\u2588\u2588\u2588\u2588\u2588\u2588\u2588\u2588\u2588\u2588\u2588\u2588\u2588\u2588\u2588\u2588\u2588\u2588\u2588\u2588\u2588\u2588\u2588\u2588\u2588\u2588\u2588\u2588\u2588\u2588\u2588\u2588\u2588\u2588\u2588\u2588\u2588\u2588\u2588\u2588\u2588\u2588\u2588\u2588\u2588\u2588\u2588\u2588\u2588\u2588\u2588\u258b                | 535/601 [00:07<00:00, 73.30it/s]", "step": null, "ts": 1730799818.5148678}]}, "version": 1213, "at": 1730799818.514948}
{"obj": {"type": "LogStrings", "path": ["monitoring", "552629ed", "stderr"], "values": [{"value": "\r 90%|\u2588\u2588\u2588\u2588\u2588\u2588\u2588\u2588\u2588\u2588\u2588\u2588\u2588\u2588\u2588\u2588\u2588\u2588\u2588\u2588\u2588\u2588\u2588\u2588\u2588\u2588\u2588\u2588\u2588\u2588\u2588\u2588\u2588\u2588\u2588\u2588\u2588\u2588\u2588\u2588\u2588\u2588\u2588\u2588\u2588\u2588\u2588\u2588\u2588\u2588\u2588\u2588\u2588\u2588\u2588\u2588\u2588\u2588\u2588\u2588\u2588\u2588\u2588\u2588\u2588\u2588\u2588\u2588\u2588\u2588\u2588\u2588\u2588\u2588\u2588\u2588\u2588\u2588\u2588\u2588\u2588\u2588\u2588\u2588\u2588\u2588\u2588\u2588\u2588\u2588\u2588\u2588\u2588\u2588\u2588\u2588\u2588\u2588\u2588\u2588\u2588\u2588\u2588\u2588\u2588\u2588\u2588\u2588\u2588\u2588\u2588\u2588\u2588\u2588\u2588\u2588\u2588\u2588\u2588\u2588\u2588\u2588\u2588\u2588\u2588\u2588\u2588\u2588\u2588\u2588\u2588\u2588\u2588\u2588\u258c              | 543/601 [00:07<00:00, 73.04it/s]", "step": null, "ts": 1730799818.6254292}]}, "version": 1214, "at": 1730799818.6255052}
{"obj": {"type": "LogStrings", "path": ["monitoring", "552629ed", "stderr"], "values": [{"value": "\r 92%|\u2588\u2588\u2588\u2588\u2588\u2588\u2588\u2588\u2588\u2588\u2588\u2588\u2588\u2588\u2588\u2588\u2588\u2588\u2588\u2588\u2588\u2588\u2588\u2588\u2588\u2588\u2588\u2588\u2588\u2588\u2588\u2588\u2588\u2588\u2588\u2588\u2588\u2588\u2588\u2588\u2588\u2588\u2588\u2588\u2588\u2588\u2588\u2588\u2588\u2588\u2588\u2588\u2588\u2588\u2588\u2588\u2588\u2588\u2588\u2588\u2588\u2588\u2588\u2588\u2588\u2588\u2588\u2588\u2588\u2588\u2588\u2588\u2588\u2588\u2588\u2588\u2588\u2588\u2588\u2588\u2588\u2588\u2588\u2588\u2588\u2588\u2588\u2588\u2588\u2588\u2588\u2588\u2588\u2588\u2588\u2588\u2588\u2588\u2588\u2588\u2588\u2588\u2588\u2588\u2588\u2588\u2588\u2588\u2588\u2588\u2588\u2588\u2588\u2588\u2588\u2588\u2588\u2588\u2588\u2588\u2588\u2588\u2588\u2588\u2588\u2588\u2588\u2588\u2588\u2588\u2588\u2588\u2588\u2588\u2588\u2588\u258c            | 551/601 [00:08<00:00, 71.95it/s]", "step": null, "ts": 1730799818.7403917}]}, "version": 1215, "at": 1730799818.740473}
{"obj": {"type": "LogStrings", "path": ["monitoring", "552629ed", "stderr"], "values": [{"value": "\r 93%|\u2588\u2588\u2588\u2588\u2588\u2588\u2588\u2588\u2588\u2588\u2588\u2588\u2588\u2588\u2588\u2588\u2588\u2588\u2588\u2588\u2588\u2588\u2588\u2588\u2588\u2588\u2588\u2588\u2588\u2588\u2588\u2588\u2588\u2588\u2588\u2588\u2588\u2588\u2588\u2588\u2588\u2588\u2588\u2588\u2588\u2588\u2588\u2588\u2588\u2588\u2588\u2588\u2588\u2588\u2588\u2588\u2588\u2588\u2588\u2588\u2588\u2588\u2588\u2588\u2588\u2588\u2588\u2588\u2588\u2588\u2588\u2588\u2588\u2588\u2588\u2588\u2588\u2588\u2588\u2588\u2588\u2588\u2588\u2588\u2588\u2588\u2588\u2588\u2588\u2588\u2588\u2588\u2588\u2588\u2588\u2588\u2588\u2588\u2588\u2588\u2588\u2588\u2588\u2588\u2588\u2588\u2588\u2588\u2588\u2588\u2588\u2588\u2588\u2588\u2588\u2588\u2588\u2588\u2588\u2588\u2588\u2588\u2588\u2588\u2588\u2588\u2588\u2588\u2588\u2588\u2588\u2588\u2588\u2588\u2588\u2588\u2588\u2588\u258c          | 559/601 [00:08<00:00, 73.12it/s]", "step": null, "ts": 1730799818.8456428}]}, "version": 1216, "at": 1730799818.8457277}
{"obj": {"type": "LogStrings", "path": ["monitoring", "552629ed", "stderr"], "values": [{"value": "\r 94%|\u2588\u2588\u2588\u2588\u2588\u2588\u2588\u2588\u2588\u2588\u2588\u2588\u2588\u2588\u2588\u2588\u2588\u2588\u2588\u2588\u2588\u2588\u2588\u2588\u2588\u2588\u2588\u2588\u2588\u2588\u2588\u2588\u2588\u2588\u2588\u2588\u2588\u2588\u2588\u2588\u2588\u2588\u2588\u2588\u2588\u2588\u2588\u2588\u2588\u2588\u2588\u2588\u2588\u2588\u2588\u2588\u2588\u2588\u2588\u2588\u2588\u2588\u2588\u2588\u2588\u2588\u2588\u2588\u2588\u2588\u2588\u2588\u2588\u2588\u2588\u2588\u2588\u2588\u2588\u2588\u2588\u2588\u2588\u2588\u2588\u2588\u2588\u2588\u2588\u2588\u2588\u2588\u2588\u2588\u2588\u2588\u2588\u2588\u2588\u2588\u2588\u2588\u2588\u2588\u2588\u2588\u2588\u2588\u2588\u2588\u2588\u2588\u2588\u2588\u2588\u2588\u2588\u2588\u2588\u2588\u2588\u2588\u2588\u2588\u2588\u2588\u2588\u2588\u2588\u2588\u2588\u2588\u2588\u2588\u2588\u2588\u2588\u2588\u2588\u2588\u258c        | 567/601 [00:08<00:00, 74.04it/s]", "step": null, "ts": 1730799818.9504921}]}, "version": 1217, "at": 1730799818.9505684}
{"obj": {"type": "LogStrings", "path": ["monitoring", "552629ed", "stderr"], "values": [{"value": "\r 96%|\u2588\u2588\u2588\u2588\u2588\u2588\u2588\u2588\u2588\u2588\u2588\u2588\u2588\u2588\u2588\u2588\u2588\u2588\u2588\u2588\u2588\u2588\u2588\u2588\u2588\u2588\u2588\u2588\u2588\u2588\u2588\u2588\u2588\u2588\u2588\u2588\u2588\u2588\u2588\u2588\u2588\u2588\u2588\u2588\u2588\u2588\u2588\u2588\u2588\u2588\u2588\u2588\u2588\u2588\u2588\u2588\u2588\u2588\u2588\u2588\u2588\u2588\u2588\u2588\u2588\u2588\u2588\u2588\u2588\u2588\u2588\u2588\u2588\u2588\u2588\u2588\u2588\u2588\u2588\u2588\u2588\u2588\u2588\u2588\u2588\u2588\u2588\u2588\u2588\u2588\u2588\u2588\u2588\u2588\u2588\u2588\u2588\u2588\u2588\u2588\u2588\u2588\u2588\u2588\u2588\u2588\u2588\u2588\u2588\u2588\u2588\u2588\u2588\u2588\u2588\u2588\u2588\u2588\u2588\u2588\u2588\u2588\u2588\u2588\u2588\u2588\u2588\u2588\u2588\u2588\u2588\u2588\u2588\u2588\u2588\u2588\u2588\u2588\u2588\u2588\u2588\u2588\u258c      | 575/601 [00:08<00:00, 74.66it/s]", "step": null, "ts": 1730799819.0555186}]}, "version": 1218, "at": 1730799819.0556047}
{"obj": {"type": "LogStrings", "path": ["monitoring", "552629ed", "stderr"], "values": [{"value": "\r 97%|\u2588\u2588\u2588\u2588\u2588\u2588\u2588\u2588\u2588\u2588\u2588\u2588\u2588\u2588\u2588\u2588\u2588\u2588\u2588\u2588\u2588\u2588\u2588\u2588\u2588\u2588\u2588\u2588\u2588\u2588\u2588\u2588\u2588\u2588\u2588\u2588\u2588\u2588\u2588\u2588\u2588\u2588\u2588\u2588\u2588\u2588\u2588\u2588\u2588\u2588\u2588\u2588\u2588\u2588\u2588\u2588\u2588\u2588\u2588\u2588\u2588\u2588\u2588\u2588\u2588\u2588\u2588\u2588\u2588\u2588\u2588\u2588\u2588\u2588\u2588\u2588\u2588\u2588\u2588\u2588\u2588\u2588\u2588\u2588\u2588\u2588\u2588\u2588\u2588\u2588\u2588\u2588\u2588\u2588\u2588\u2588\u2588\u2588\u2588\u2588\u2588\u2588\u2588\u2588\u2588\u2588\u2588\u2588\u2588\u2588\u2588\u2588\u2588\u2588\u2588\u2588\u2588\u2588\u2588\u2588\u2588\u2588\u2588\u2588\u2588\u2588\u2588\u2588\u2588\u2588\u2588\u2588\u2588\u2588\u2588\u2588\u2588\u2588\u2588\u2588\u2588\u2588\u2588\u2588\u258c    | 583/601 [00:08<00:00, 75.05it/s]", "step": null, "ts": 1730799819.16088}]}, "version": 1219, "at": 1730799819.1609738}
{"obj": {"type": "LogStrings", "path": ["monitoring", "552629ed", "stderr"], "values": [{"value": "\r 98%|\u2588\u2588\u2588\u2588\u2588\u2588\u2588\u2588\u2588\u2588\u2588\u2588\u2588\u2588\u2588\u2588\u2588\u2588\u2588\u2588\u2588\u2588\u2588\u2588\u2588\u2588\u2588\u2588\u2588\u2588\u2588\u2588\u2588\u2588\u2588\u2588\u2588\u2588\u2588\u2588\u2588\u2588\u2588\u2588\u2588\u2588\u2588\u2588\u2588\u2588\u2588\u2588\u2588\u2588\u2588\u2588\u2588\u2588\u2588\u2588\u2588\u2588\u2588\u2588\u2588\u2588\u2588\u2588\u2588\u2588\u2588\u2588\u2588\u2588\u2588\u2588\u2588\u2588\u2588\u2588\u2588\u2588\u2588\u2588\u2588\u2588\u2588\u2588\u2588\u2588\u2588\u2588\u2588\u2588\u2588\u2588\u2588\u2588\u2588\u2588\u2588\u2588\u2588\u2588\u2588\u2588\u2588\u2588\u2588\u2588\u2588\u2588\u2588\u2588\u2588\u2588\u2588\u2588\u2588\u2588\u2588\u2588\u2588\u2588\u2588\u2588\u2588\u2588\u2588\u2588\u2588\u2588\u2588\u2588\u2588\u2588\u2588\u2588\u2588\u2588\u2588\u2588\u2588\u2588\u2588\u2588\u258c  | 591/601 [00:08<00:00, 67.13it/s]", "step": null, "ts": 1730799819.309399}]}, "version": 1220, "at": 1730799819.3094616}
{"obj": {"type": "LogStrings", "path": ["monitoring", "552629ed", "stderr"], "values": [{"value": "\r100%|\u2588\u2588\u2588\u2588\u2588\u2588\u2588\u2588\u2588\u2588\u2588\u2588\u2588\u2588\u2588\u2588\u2588\u2588\u2588\u2588\u2588\u2588\u2588\u2588\u2588\u2588\u2588\u2588\u2588\u2588\u2588\u2588\u2588\u2588\u2588\u2588\u2588\u2588\u2588\u2588\u2588\u2588\u2588\u2588\u2588\u2588\u2588\u2588\u2588\u2588\u2588\u2588\u2588\u2588\u2588\u2588\u2588\u2588\u2588\u2588\u2588\u2588\u2588\u2588\u2588\u2588\u2588\u2588\u2588\u2588\u2588\u2588\u2588\u2588\u2588\u2588\u2588\u2588\u2588\u2588\u2588\u2588\u2588\u2588\u2588\u2588\u2588\u2588\u2588\u2588\u2588\u2588\u2588\u2588\u2588\u2588\u2588\u2588\u2588\u2588\u2588\u2588\u2588\u2588\u2588\u2588\u2588\u2588\u2588\u2588\u2588\u2588\u2588\u2588\u2588\u2588\u2588\u2588\u2588\u2588\u2588\u2588\u2588\u2588\u2588\u2588\u2588\u2588\u2588\u2588\u2588\u2588\u2588\u2588\u2588\u2588\u2588\u2588\u2588\u2588\u2588\u2588\u2588\u2588\u2588\u2588\u2588\u2588\u258c| 599/601 [00:08<00:00, 69.46it/s]", "step": null, "ts": 1730799819.4152439}]}, "version": 1221, "at": 1730799819.4153035}
{"obj": {"type": "LogStrings", "path": ["monitoring", "552629ed", "stderr"], "values": [{"value": "", "step": null, "ts": 1730799819.4430087}]}, "version": 1222, "at": 1730799819.443072}
{"obj": {"type": "LogStrings", "path": ["monitoring", "552629ed", "stderr"], "values": [{"value": "\r100%|\u2588\u2588\u2588\u2588\u2588\u2588\u2588\u2588\u2588\u2588\u2588\u2588\u2588\u2588\u2588\u2588\u2588\u2588\u2588\u2588\u2588\u2588\u2588\u2588\u2588\u2588\u2588\u2588\u2588\u2588\u2588\u2588\u2588\u2588\u2588\u2588\u2588\u2588\u2588\u2588\u2588\u2588\u2588\u2588\u2588\u2588\u2588\u2588\u2588\u2588\u2588\u2588\u2588\u2588\u2588\u2588\u2588\u2588\u2588\u2588\u2588\u2588\u2588\u2588\u2588\u2588\u2588\u2588\u2588\u2588\u2588\u2588\u2588\u2588\u2588\u2588\u2588\u2588\u2588\u2588\u2588\u2588\u2588\u2588\u2588\u2588\u2588\u2588\u2588\u2588\u2588\u2588\u2588\u2588\u2588\u2588\u2588\u2588\u2588\u2588\u2588\u2588\u2588\u2588\u2588\u2588\u2588\u2588\u2588\u2588\u2588\u2588\u2588\u2588\u2588\u2588\u2588\u2588\u2588\u2588\u2588\u2588\u2588\u2588\u2588\u2588\u2588\u2588\u2588\u2588\u2588\u2588\u2588\u2588\u2588\u2588\u2588\u2588\u2588\u2588\u2588\u2588\u2588\u2588\u2588\u2588\u2588\u2588\u2588| 601/601 [00:08<00:00, 68.19it/s]", "step": null, "ts": 1730799819.4435484}]}, "version": 1223, "at": 1730799819.443579}
{"obj": {"type": "LogStrings", "path": ["monitoring", "552629ed", "stderr"], "values": [{"value": "\n", "step": null, "ts": 1730799819.443961}]}, "version": 1224, "at": 1730799819.443994}
{"obj": {"type": "LogStrings", "path": ["monitoring", "552629ed", "stdout"], "values": [{"value": "[8/21]", "step": null, "ts": 1730799819.6196475}]}, "version": 1225, "at": 1730799819.6197739}
{"obj": {"type": "LogStrings", "path": ["monitoring", "552629ed", "stderr"], "values": [{"value": "\r  0%|                                                                                                                                                                | 0/32 [00:00<?, ?it/s]", "step": null, "ts": 1730799819.6201901}]}, "version": 1226, "at": 1730799819.6202648}
{"obj": {"type": "LogStrings", "path": ["monitoring", "552629ed", "stdout"], "values": [{"value": "\n", "step": null, "ts": 1730799819.6204407}]}, "version": 1227, "at": 1730799819.620511}
{"obj": {"type": "LogStrings", "path": ["monitoring", "552629ed", "stderr"], "values": [{"value": "\r 19%|\u2588\u2588\u2588\u2588\u2588\u2588\u2588\u2588\u2588\u2588\u2588\u2588\u2588\u2588\u2588\u2588\u2588\u2588\u2588\u2588\u2588\u2588\u2588\u2588\u2588\u2588\u2588\u2588\u258c                                                                                                                           | 6/32 [00:00<00:00, 56.76it/s]", "step": null, "ts": 1730799819.725402}]}, "version": 1228, "at": 1730799819.7254739}
{"obj": {"type": "LogStrings", "path": ["monitoring", "552629ed", "stderr"], "values": [{"value": "\r 44%|\u2588\u2588\u2588\u2588\u2588\u2588\u2588\u2588\u2588\u2588\u2588\u2588\u2588\u2588\u2588\u2588\u2588\u2588\u2588\u2588\u2588\u2588\u2588\u2588\u2588\u2588\u2588\u2588\u2588\u2588\u2588\u2588\u2588\u2588\u2588\u2588\u2588\u2588\u2588\u2588\u2588\u2588\u2588\u2588\u2588\u2588\u2588\u2588\u2588\u2588\u2588\u2588\u2588\u2588\u2588\u2588\u2588\u2588\u2588\u2588\u2588\u2588\u2588\u2588\u2588\u2588                                                                                     | 14/32 [00:00<00:00, 68.12it/s]", "step": null, "ts": 1730799819.830473}]}, "version": 1229, "at": 1730799819.8305528}
{"obj": {"type": "LogStrings", "path": ["monitoring", "552629ed", "stderr"], "values": [{"value": "\r 69%|\u2588\u2588\u2588\u2588\u2588\u2588\u2588\u2588\u2588\u2588\u2588\u2588\u2588\u2588\u2588\u2588\u2588\u2588\u2588\u2588\u2588\u2588\u2588\u2588\u2588\u2588\u2588\u2588\u2588\u2588\u2588\u2588\u2588\u2588\u2588\u2588\u2588\u2588\u2588\u2588\u2588\u2588\u2588\u2588\u2588\u2588\u2588\u2588\u2588\u2588\u2588\u2588\u2588\u2588\u2588\u2588\u2588\u2588\u2588\u2588\u2588\u2588\u2588\u2588\u2588\u2588\u2588\u2588\u2588\u2588\u2588\u2588\u2588\u2588\u2588\u2588\u2588\u2588\u2588\u2588\u2588\u2588\u2588\u2588\u2588\u2588\u2588\u2588\u2588\u2588\u2588\u2588\u2588\u2588\u2588\u2588\u2588\u2588\u2588\u2588\u2588\u2588\u2588\u258a                                               | 22/32 [00:00<00:00, 71.17it/s]", "step": null, "ts": 1730799819.9375877}]}, "version": 1230, "at": 1730799819.9376614}
{"obj": {"type": "LogStrings", "path": ["monitoring", "552629ed", "stderr"], "values": [{"value": "\r 94%|\u2588\u2588\u2588\u2588\u2588\u2588\u2588\u2588\u2588\u2588\u2588\u2588\u2588\u2588\u2588\u2588\u2588\u2588\u2588\u2588\u2588\u2588\u2588\u2588\u2588\u2588\u2588\u2588\u2588\u2588\u2588\u2588\u2588\u2588\u2588\u2588\u2588\u2588\u2588\u2588\u2588\u2588\u2588\u2588\u2588\u2588\u2588\u2588\u2588\u2588\u2588\u2588\u2588\u2588\u2588\u2588\u2588\u2588\u2588\u2588\u2588\u2588\u2588\u2588\u2588\u2588\u2588\u2588\u2588\u2588\u2588\u2588\u2588\u2588\u2588\u2588\u2588\u2588\u2588\u2588\u2588\u2588\u2588\u2588\u2588\u2588\u2588\u2588\u2588\u2588\u2588\u2588\u2588\u2588\u2588\u2588\u2588\u2588\u2588\u2588\u2588\u2588\u2588\u2588\u2588\u2588\u2588\u2588\u2588\u2588\u2588\u2588\u2588\u2588\u2588\u2588\u2588\u2588\u2588\u2588\u2588\u2588\u2588\u2588\u2588\u2588\u2588\u2588\u2588\u2588\u2588\u2588\u2588\u2588\u2588\u2588\u2588\u2588\u2588\u2588\u2588\u258c         | 30/32 [00:00<00:00, 72.95it/s]", "step": null, "ts": 1730799820.0432587}]}, "version": 1231, "at": 1730799820.0433464}
{"obj": {"type": "LogStrings", "path": ["monitoring", "552629ed", "stderr"], "values": [{"value": "", "step": null, "ts": 1730799820.0703335}]}, "version": 1232, "at": 1730799820.0703883}
{"obj": {"type": "LogStrings", "path": ["monitoring", "552629ed", "stderr"], "values": [{"value": "\r100%|\u2588\u2588\u2588\u2588\u2588\u2588\u2588\u2588\u2588\u2588\u2588\u2588\u2588\u2588\u2588\u2588\u2588\u2588\u2588\u2588\u2588\u2588\u2588\u2588\u2588\u2588\u2588\u2588\u2588\u2588\u2588\u2588\u2588\u2588\u2588\u2588\u2588\u2588\u2588\u2588\u2588\u2588\u2588\u2588\u2588\u2588\u2588\u2588\u2588\u2588\u2588\u2588\u2588\u2588\u2588\u2588\u2588\u2588\u2588\u2588\u2588\u2588\u2588\u2588\u2588\u2588\u2588\u2588\u2588\u2588\u2588\u2588\u2588\u2588\u2588\u2588\u2588\u2588\u2588\u2588\u2588\u2588\u2588\u2588\u2588\u2588\u2588\u2588\u2588\u2588\u2588\u2588\u2588\u2588\u2588\u2588\u2588\u2588\u2588\u2588\u2588\u2588\u2588\u2588\u2588\u2588\u2588\u2588\u2588\u2588\u2588\u2588\u2588\u2588\u2588\u2588\u2588\u2588\u2588\u2588\u2588\u2588\u2588\u2588\u2588\u2588\u2588\u2588\u2588\u2588\u2588\u2588\u2588\u2588\u2588\u2588\u2588\u2588\u2588\u2588\u2588\u2588\u2588\u2588\u2588\u2588\u2588\u2588\u2588\u2588\u2588| 32/32 [00:00<00:00, 70.99it/s]", "step": null, "ts": 1730799820.0707254}]}, "version": 1233, "at": 1730799820.0707583}
{"obj": {"type": "LogStrings", "path": ["monitoring", "552629ed", "stderr"], "values": [{"value": "\n", "step": null, "ts": 1730799820.070924}]}, "version": 1234, "at": 1730799820.0709505}
{"obj": {"type": "LogStrings", "path": ["monitoring", "552629ed", "stdout"], "values": [{"value": "[9/21]", "step": null, "ts": 1730799826.033483}]}, "version": 1235, "at": 1730799826.0335948}
{"obj": {"type": "LogStrings", "path": ["monitoring", "552629ed", "stderr"], "values": [{"value": "\r  0%|                                                                                                                                                              | 0/1171 [00:00<?, ?it/s]", "step": null, "ts": 1730799826.0344396}]}, "version": 1236, "at": 1730799826.0344934}
{"obj": {"type": "LogStrings", "path": ["monitoring", "552629ed", "stdout"], "values": [{"value": "\n", "step": null, "ts": 1730799826.0346622}]}, "version": 1237, "at": 1730799826.0347059}
{"obj": {"type": "LogStrings", "path": ["monitoring", "552629ed", "stderr"], "values": [{"value": "\r  1%|\u2589                                                                                                                                                     | 7/1171 [00:00<00:19, 60.78it/s]", "step": null, "ts": 1730799826.1493044}]}, "version": 1238, "at": 1730799826.149366}
{"obj": {"type": "LogStrings", "path": ["monitoring", "552629ed", "stderr"], "values": [{"value": "\r  1%|\u2588\u258a                                                                                                                                                   | 14/1171 [00:00<00:18, 63.81it/s]", "step": null, "ts": 1730799826.2551813}]}, "version": 1239, "at": 1730799826.2552743}
{"obj": {"type": "LogStrings", "path": ["monitoring", "552629ed", "stderr"], "values": [{"value": "\r  2%|\u2588\u2588\u258b                                                                                                                                                  | 21/1171 [00:00<00:17, 65.48it/s]", "step": null, "ts": 1730799826.3587453}]}, "version": 1240, "at": 1730799826.358817}
{"obj": {"type": "LogStrings", "path": ["monitoring", "552629ed", "stderr"], "values": [{"value": "\r  2%|\u2588\u2588\u2588\u258c                                                                                                                                                 | 28/1171 [00:00<00:20, 55.31it/s]", "step": null, "ts": 1730799826.5154579}]}, "version": 1241, "at": 1730799826.515529}
{"obj": {"type": "LogStrings", "path": ["monitoring", "552629ed", "stderr"], "values": [{"value": "\r  3%|\u2588\u2588\u2588\u2588\u258d                                                                                                                                                | 35/1171 [00:00<00:19, 57.83it/s]", "step": null, "ts": 1730799826.6267889}]}, "version": 1242, "at": 1730799826.6268828}
{"obj": {"type": "LogStrings", "path": ["monitoring", "552629ed", "stderr"], "values": [{"value": "\r  4%|\u2588\u2588\u2588\u2588\u2588\u258e                                                                                                                                               | 42/1171 [00:00<00:19, 59.36it/s]", "step": null, "ts": 1730799826.7386363}]}, "version": 1243, "at": 1730799826.7387183}
{"obj": {"type": "LogFloats", "path": ["monitoring", "552629ed", "cpu"], "values": [{"value": 41.9, "step": null, "ts": 1730799826.8480656}]}, "version": 1244, "at": 1730799826.8507411}
{"obj": {"type": "LogFloats", "path": ["monitoring", "552629ed", "memory"], "values": [{"value": 10.48855209350586, "step": null, "ts": 1730799826.8480656}]}, "version": 1245, "at": 1730799826.8510063}
{"obj": {"type": "LogFloats", "path": ["monitoring", "552629ed", "gpu"], "values": [{"value": 88.0, "step": null, "ts": 1730799826.8480656}]}, "version": 1246, "at": 1730799826.851177}
{"obj": {"type": "LogFloats", "path": ["monitoring", "552629ed", "gpu_memory"], "values": [{"value": 1.10504150390625, "step": null, "ts": 1730799826.8480656}]}, "version": 1247, "at": 1730799826.851316}
{"obj": {"type": "LogFloats", "path": ["monitoring", "552629ed", "gpu_power"], "values": [{"value": 185.324, "step": null, "ts": 1730799826.8480656}]}, "version": 1248, "at": 1730799826.8514626}
{"obj": {"type": "LogStrings", "path": ["monitoring", "552629ed", "stderr"], "values": [{"value": "\r  4%|\u2588\u2588\u2588\u2588\u2588\u2588\u258f                                                                                                                                              | 49/1171 [00:00<00:18, 60.00it/s]", "step": null, "ts": 1730799826.852627}]}, "version": 1249, "at": 1730799826.8526974}
{"obj": {"type": "LogStrings", "path": ["monitoring", "552629ed", "stderr"], "values": [{"value": "\r  5%|\u2588\u2588\u2588\u2588\u2588\u2588\u2588\u258f                                                                                                                                             | 56/1171 [00:00<00:18, 60.50it/s]", "step": null, "ts": 1730799826.96632}]}, "version": 1250, "at": 1730799826.9664354}
{"obj": {"type": "LogStrings", "path": ["monitoring", "552629ed", "stderr"], "values": [{"value": "\r  5%|\u2588\u2588\u2588\u2588\u2588\u2588\u2588\u2588                                                                                                                                             | 63/1171 [00:01<00:18, 60.45it/s]", "step": null, "ts": 1730799827.0823457}]}, "version": 1251, "at": 1730799827.0825179}
{"obj": {"type": "LogStrings", "path": ["monitoring", "552629ed", "stderr"], "values": [{"value": "\r  6%|\u2588\u2588\u2588\u2588\u2588\u2588\u2588\u2588\u2589                                                                                                                                            | 70/1171 [00:01<00:18, 60.80it/s]", "step": null, "ts": 1730799827.1959813}]}, "version": 1252, "at": 1730799827.1960492}
{"obj": {"type": "LogStrings", "path": ["monitoring", "552629ed", "stderr"], "values": [{"value": "\r  7%|\u2588\u2588\u2588\u2588\u2588\u2588\u2588\u2588\u2588\u258a                                                                                                                                           | 77/1171 [00:01<00:17, 61.06it/s]", "step": null, "ts": 1730799827.3094778}]}, "version": 1253, "at": 1730799827.309579}
{"obj": {"type": "LogStrings", "path": ["monitoring", "552629ed", "stderr"], "values": [{"value": "\r  7%|\u2588\u2588\u2588\u2588\u2588\u2588\u2588\u2588\u2588\u2588\u258b                                                                                                                                          | 84/1171 [00:01<00:19, 55.43it/s]", "step": null, "ts": 1730799827.4624398}]}, "version": 1254, "at": 1730799827.4625359}
{"obj": {"type": "LogStrings", "path": ["monitoring", "552629ed", "stderr"], "values": [{"value": "\r  8%|\u2588\u2588\u2588\u2588\u2588\u2588\u2588\u2588\u2588\u2588\u2588\u258c                                                                                                                                         | 91/1171 [00:01<00:18, 58.07it/s]", "step": null, "ts": 1730799827.569744}]}, "version": 1255, "at": 1730799827.5698159}
{"obj": {"type": "LogStrings", "path": ["monitoring", "552629ed", "stderr"], "values": [{"value": "\r  8%|\u2588\u2588\u2588\u2588\u2588\u2588\u2588\u2588\u2588\u2588\u2588\u2588\u258d                                                                                                                                        | 98/1171 [00:01<00:17, 59.85it/s]", "step": null, "ts": 1730799827.6786122}]}, "version": 1256, "at": 1730799827.678684}
{"obj": {"type": "LogStrings", "path": ["monitoring", "552629ed", "stderr"], "values": [{"value": "\r  9%|\u2588\u2588\u2588\u2588\u2588\u2588\u2588\u2588\u2588\u2588\u2588\u2588\u2588\u258e                                                                                                                                      | 105/1171 [00:01<00:17, 61.65it/s]", "step": null, "ts": 1730799827.7840645}]}, "version": 1257, "at": 1730799827.7841477}
{"obj": {"type": "LogStrings", "path": ["monitoring", "552629ed", "stderr"], "values": [{"value": "\r 10%|\u2588\u2588\u2588\u2588\u2588\u2588\u2588\u2588\u2588\u2588\u2588\u2588\u2588\u2588\u258f                                                                                                                                     | 112/1171 [00:01<00:16, 63.35it/s]", "step": null, "ts": 1730799827.8874774}]}, "version": 1258, "at": 1730799827.8875518}
{"obj": {"type": "LogStrings", "path": ["monitoring", "552629ed", "stderr"], "values": [{"value": "\r 10%|\u2588\u2588\u2588\u2588\u2588\u2588\u2588\u2588\u2588\u2588\u2588\u2588\u2588\u2588\u2588\u258f                                                                                                                                    | 120/1171 [00:01<00:15, 66.22it/s]", "step": null, "ts": 1730799827.997091}]}, "version": 1259, "at": 1730799827.9971821}
{"obj": {"type": "LogStrings", "path": ["monitoring", "552629ed", "stderr"], "values": [{"value": "\r 11%|\u2588\u2588\u2588\u2588\u2588\u2588\u2588\u2588\u2588\u2588\u2588\u2588\u2588\u2588\u2588\u2588\u258f                                                                                                                                   | 128/1171 [00:02<00:15, 69.07it/s]", "step": null, "ts": 1730799828.1023545}]}, "version": 1260, "at": 1730799828.1024382}
{"obj": {"type": "LogStrings", "path": ["monitoring", "552629ed", "stderr"], "values": [{"value": "\r 12%|\u2588\u2588\u2588\u2588\u2588\u2588\u2588\u2588\u2588\u2588\u2588\u2588\u2588\u2588\u2588\u2588\u2588\u258f                                                                                                                                  | 136/1171 [00:02<00:14, 70.18it/s]", "step": null, "ts": 1730799828.2123382}]}, "version": 1261, "at": 1730799828.2124016}
{"obj": {"type": "LogStrings", "path": ["monitoring", "552629ed", "stderr"], "values": [{"value": "\r 12%|\u2588\u2588\u2588\u2588\u2588\u2588\u2588\u2588\u2588\u2588\u2588\u2588\u2588\u2588\u2588\u2588\u2588\u2588\u258f                                                                                                                                 | 144/1171 [00:02<00:14, 69.83it/s]", "step": null, "ts": 1730799828.3281581}]}, "version": 1262, "at": 1730799828.328283}
{"obj": {"type": "LogStrings", "path": ["monitoring", "552629ed", "stderr"], "values": [{"value": "\r 13%|\u2588\u2588\u2588\u2588\u2588\u2588\u2588\u2588\u2588\u2588\u2588\u2588\u2588\u2588\u2588\u2588\u2588\u2588\u2588\u258f                                                                                                                                | 152/1171 [00:02<00:17, 57.64it/s]", "step": null, "ts": 1730799828.5218763}]}, "version": 1263, "at": 1730799828.5219586}
{"obj": {"type": "LogStrings", "path": ["monitoring", "552629ed", "stderr"], "values": [{"value": "\r 14%|\u2588\u2588\u2588\u2588\u2588\u2588\u2588\u2588\u2588\u2588\u2588\u2588\u2588\u2588\u2588\u2588\u2588\u2588\u2588\u2588\u258f                                                                                                                               | 160/1171 [00:02<00:16, 61.24it/s]", "step": null, "ts": 1730799828.6337724}]}, "version": 1264, "at": 1730799828.633892}
{"obj": {"type": "LogStrings", "path": ["monitoring", "552629ed", "stderr"], "values": [{"value": "\r 14%|\u2588\u2588\u2588\u2588\u2588\u2588\u2588\u2588\u2588\u2588\u2588\u2588\u2588\u2588\u2588\u2588\u2588\u2588\u2588\u2588\u2588\u258f                                                                                                                              | 168/1171 [00:02<00:15, 63.69it/s]", "step": null, "ts": 1730799828.7478514}]}, "version": 1265, "at": 1730799828.747954}
{"obj": {"type": "LogStrings", "path": ["monitoring", "552629ed", "stderr"], "values": [{"value": "\r 15%|\u2588\u2588\u2588\u2588\u2588\u2588\u2588\u2588\u2588\u2588\u2588\u2588\u2588\u2588\u2588\u2588\u2588\u2588\u2588\u2588\u2588\u2588\u258f                                                                                                                             | 176/1171 [00:02<00:15, 65.66it/s]", "step": null, "ts": 1730799828.8610747}]}, "version": 1266, "at": 1730799828.8611808}
{"obj": {"type": "LogStrings", "path": ["monitoring", "552629ed", "stderr"], "values": [{"value": "\r 16%|\u2588\u2588\u2588\u2588\u2588\u2588\u2588\u2588\u2588\u2588\u2588\u2588\u2588\u2588\u2588\u2588\u2588\u2588\u2588\u2588\u2588\u2588\u2588\u258f                                                                                                                            | 183/1171 [00:02<00:14, 66.78it/s]", "step": null, "ts": 1730799828.9611228}]}, "version": 1267, "at": 1730799828.9612088}
{"obj": {"type": "LogStrings", "path": ["monitoring", "552629ed", "stderr"], "values": [{"value": "\r 16%|\u2588\u2588\u2588\u2588\u2588\u2588\u2588\u2588\u2588\u2588\u2588\u2588\u2588\u2588\u2588\u2588\u2588\u2588\u2588\u2588\u2588\u2588\u2588\u2588\u258f                                                                                                                           | 191/1171 [00:03<00:14, 67.89it/s]", "step": null, "ts": 1730799829.0745666}]}, "version": 1268, "at": 1730799829.074669}
{"obj": {"type": "LogStrings", "path": ["monitoring", "552629ed", "stderr"], "values": [{"value": "\r 17%|\u2588\u2588\u2588\u2588\u2588\u2588\u2588\u2588\u2588\u2588\u2588\u2588\u2588\u2588\u2588\u2588\u2588\u2588\u2588\u2588\u2588\u2588\u2588\u2588\u2588\u258f                                                                                                                          | 199/1171 [00:03<00:14, 68.88it/s]", "step": null, "ts": 1730799829.1868923}]}, "version": 1269, "at": 1730799829.1870239}
{"obj": {"type": "LogStrings", "path": ["monitoring", "552629ed", "stderr"], "values": [{"value": "\r 18%|\u2588\u2588\u2588\u2588\u2588\u2588\u2588\u2588\u2588\u2588\u2588\u2588\u2588\u2588\u2588\u2588\u2588\u2588\u2588\u2588\u2588\u2588\u2588\u2588\u2588\u2588                                                                                                                          | 206/1171 [00:03<00:14, 68.67it/s]", "step": null, "ts": 1730799829.2896461}]}, "version": 1270, "at": 1730799829.2897985}
{"obj": {"type": "LogStrings", "path": ["monitoring", "552629ed", "stderr"], "values": [{"value": "\r 18%|\u2588\u2588\u2588\u2588\u2588\u2588\u2588\u2588\u2588\u2588\u2588\u2588\u2588\u2588\u2588\u2588\u2588\u2588\u2588\u2588\u2588\u2588\u2588\u2588\u2588\u2588\u2588                                                                                                                         | 214/1171 [00:03<00:13, 69.81it/s]", "step": null, "ts": 1730799829.3999565}]}, "version": 1271, "at": 1730799829.4000473}
{"obj": {"type": "LogStrings", "path": ["monitoring", "552629ed", "stderr"], "values": [{"value": "\r 19%|\u2588\u2588\u2588\u2588\u2588\u2588\u2588\u2588\u2588\u2588\u2588\u2588\u2588\u2588\u2588\u2588\u2588\u2588\u2588\u2588\u2588\u2588\u2588\u2588\u2588\u2588\u2588\u2588                                                                                                                        | 222/1171 [00:03<00:13, 70.21it/s]", "step": null, "ts": 1730799829.5126677}]}, "version": 1272, "at": 1730799829.5127409}
{"obj": {"type": "LogStrings", "path": ["monitoring", "552629ed", "stderr"], "values": [{"value": "\r 20%|\u2588\u2588\u2588\u2588\u2588\u2588\u2588\u2588\u2588\u2588\u2588\u2588\u2588\u2588\u2588\u2588\u2588\u2588\u2588\u2588\u2588\u2588\u2588\u2588\u2588\u2588\u2588\u2588\u2588                                                                                                                       | 230/1171 [00:03<00:13, 71.69it/s]", "step": null, "ts": 1730799829.6186395}]}, "version": 1273, "at": 1730799829.618742}
{"obj": {"type": "LogStrings", "path": ["monitoring", "552629ed", "stderr"], "values": [{"value": "\r 20%|\u2588\u2588\u2588\u2588\u2588\u2588\u2588\u2588\u2588\u2588\u2588\u2588\u2588\u2588\u2588\u2588\u2588\u2588\u2588\u2588\u2588\u2588\u2588\u2588\u2588\u2588\u2588\u2588\u2588\u2588                                                                                                                      | 238/1171 [00:03<00:13, 70.90it/s]", "step": null, "ts": 1730799829.7344422}]}, "version": 1274, "at": 1730799829.7345946}
{"obj": {"type": "LogStrings", "path": ["monitoring", "552629ed", "stderr"], "values": [{"value": "\r 21%|\u2588\u2588\u2588\u2588\u2588\u2588\u2588\u2588\u2588\u2588\u2588\u2588\u2588\u2588\u2588\u2588\u2588\u2588\u2588\u2588\u2588\u2588\u2588\u2588\u2588\u2588\u2588\u2588\u2588\u2588\u2588                                                                                                                     | 246/1171 [00:03<00:13, 70.82it/s]", "step": null, "ts": 1730799829.84763}]}, "version": 1275, "at": 1730799829.847717}
{"obj": {"type": "LogStrings", "path": ["monitoring", "552629ed", "stderr"], "values": [{"value": "\r 22%|\u2588\u2588\u2588\u2588\u2588\u2588\u2588\u2588\u2588\u2588\u2588\u2588\u2588\u2588\u2588\u2588\u2588\u2588\u2588\u2588\u2588\u2588\u2588\u2588\u2588\u2588\u2588\u2588\u2588\u2588\u2588\u2588                                                                                                                    | 254/1171 [00:03<00:12, 71.59it/s]", "step": null, "ts": 1730799829.9565582}]}, "version": 1276, "at": 1730799829.9566464}
{"obj": {"type": "LogStrings", "path": ["monitoring", "552629ed", "stderr"], "values": [{"value": "\r 22%|\u2588\u2588\u2588\u2588\u2588\u2588\u2588\u2588\u2588\u2588\u2588\u2588\u2588\u2588\u2588\u2588\u2588\u2588\u2588\u2588\u2588\u2588\u2588\u2588\u2588\u2588\u2588\u2588\u2588\u2588\u2588\u2588\u2588                                                                                                                   | 262/1171 [00:04<00:12, 72.32it/s]", "step": null, "ts": 1730799830.0645936}]}, "version": 1277, "at": 1730799830.0647001}
{"obj": {"type": "LogStrings", "path": ["monitoring", "552629ed", "stderr"], "values": [{"value": "\r 23%|\u2588\u2588\u2588\u2588\u2588\u2588\u2588\u2588\u2588\u2588\u2588\u2588\u2588\u2588\u2588\u2588\u2588\u2588\u2588\u2588\u2588\u2588\u2588\u2588\u2588\u2588\u2588\u2588\u2588\u2588\u2588\u2588\u2588\u2588                                                                                                                  | 270/1171 [00:04<00:12, 72.46it/s]", "step": null, "ts": 1730799830.174492}]}, "version": 1278, "at": 1730799830.1745903}
{"obj": {"type": "LogStrings", "path": ["monitoring", "552629ed", "stderr"], "values": [{"value": "\r 24%|\u2588\u2588\u2588\u2588\u2588\u2588\u2588\u2588\u2588\u2588\u2588\u2588\u2588\u2588\u2588\u2588\u2588\u2588\u2588\u2588\u2588\u2588\u2588\u2588\u2588\u2588\u2588\u2588\u2588\u2588\u2588\u2588\u2588\u2588\u2588\u258f                                                                                                                | 278/1171 [00:04<00:12, 72.12it/s]", "step": null, "ts": 1730799830.2865882}]}, "version": 1279, "at": 1730799830.2866821}
{"obj": {"type": "LogStrings", "path": ["monitoring", "552629ed", "stderr"], "values": [{"value": "\r 24%|\u2588\u2588\u2588\u2588\u2588\u2588\u2588\u2588\u2588\u2588\u2588\u2588\u2588\u2588\u2588\u2588\u2588\u2588\u2588\u2588\u2588\u2588\u2588\u2588\u2588\u2588\u2588\u2588\u2588\u2588\u2588\u2588\u2588\u2588\u2588\u2588\u258f                                                                                                               | 286/1171 [00:04<00:12, 72.41it/s]", "step": null, "ts": 1730799830.3962913}]}, "version": 1280, "at": 1730799830.39637}
{"obj": {"type": "LogStrings", "path": ["monitoring", "552629ed", "stderr"], "values": [{"value": "\r 25%|\u2588\u2588\u2588\u2588\u2588\u2588\u2588\u2588\u2588\u2588\u2588\u2588\u2588\u2588\u2588\u2588\u2588\u2588\u2588\u2588\u2588\u2588\u2588\u2588\u2588\u2588\u2588\u2588\u2588\u2588\u2588\u2588\u2588\u2588\u2588\u2588\u2588\u258f                                                                                                              | 294/1171 [00:04<00:12, 71.53it/s]", "step": null, "ts": 1730799830.5111308}]}, "version": 1281, "at": 1730799830.5112119}
{"obj": {"type": "LogStrings", "path": ["monitoring", "552629ed", "stderr"], "values": [{"value": "\r 26%|\u2588\u2588\u2588\u2588\u2588\u2588\u2588\u2588\u2588\u2588\u2588\u2588\u2588\u2588\u2588\u2588\u2588\u2588\u2588\u2588\u2588\u2588\u2588\u2588\u2588\u2588\u2588\u2588\u2588\u2588\u2588\u2588\u2588\u2588\u2588\u2588\u2588\u2588\u258f                                                                                                             | 302/1171 [00:04<00:12, 71.15it/s]", "step": null, "ts": 1730799830.62492}]}, "version": 1282, "at": 1730799830.6250262}
{"obj": {"type": "LogStrings", "path": ["monitoring", "552629ed", "stderr"], "values": [{"value": "\r 26%|\u2588\u2588\u2588\u2588\u2588\u2588\u2588\u2588\u2588\u2588\u2588\u2588\u2588\u2588\u2588\u2588\u2588\u2588\u2588\u2588\u2588\u2588\u2588\u2588\u2588\u2588\u2588\u2588\u2588\u2588\u2588\u2588\u2588\u2588\u2588\u2588\u2588\u2588\u2588\u258f                                                                                                            | 310/1171 [00:04<00:12, 69.31it/s]", "step": null, "ts": 1730799830.7472796}]}, "version": 1283, "at": 1730799830.747342}
{"obj": {"type": "LogStrings", "path": ["monitoring", "552629ed", "stderr"], "values": [{"value": "\r 27%|\u2588\u2588\u2588\u2588\u2588\u2588\u2588\u2588\u2588\u2588\u2588\u2588\u2588\u2588\u2588\u2588\u2588\u2588\u2588\u2588\u2588\u2588\u2588\u2588\u2588\u2588\u2588\u2588\u2588\u2588\u2588\u2588\u2588\u2588\u2588\u2588\u2588\u2588\u2588\u2588                                                                                                            | 317/1171 [00:04<00:12, 68.43it/s]", "step": null, "ts": 1730799830.8531237}]}, "version": 1284, "at": 1730799830.8532293}
{"obj": {"type": "LogStrings", "path": ["monitoring", "552629ed", "stderr"], "values": [{"value": "\r 28%|\u2588\u2588\u2588\u2588\u2588\u2588\u2588\u2588\u2588\u2588\u2588\u2588\u2588\u2588\u2588\u2588\u2588\u2588\u2588\u2588\u2588\u2588\u2588\u2588\u2588\u2588\u2588\u2588\u2588\u2588\u2588\u2588\u2588\u2588\u2588\u2588\u2588\u2588\u2588\u2588\u2589                                                                                                           | 324/1171 [00:04<00:12, 67.23it/s]", "step": null, "ts": 1730799830.9618697}]}, "version": 1285, "at": 1730799830.961969}
{"obj": {"type": "LogStrings", "path": ["monitoring", "552629ed", "stderr"], "values": [{"value": "\r 28%|\u2588\u2588\u2588\u2588\u2588\u2588\u2588\u2588\u2588\u2588\u2588\u2588\u2588\u2588\u2588\u2588\u2588\u2588\u2588\u2588\u2588\u2588\u2588\u2588\u2588\u2588\u2588\u2588\u2588\u2588\u2588\u2588\u2588\u2588\u2588\u2588\u2588\u2588\u2588\u2588\u2588\u258a                                                                                                          | 331/1171 [00:05<00:12, 66.98it/s]", "step": null, "ts": 1730799831.0674121}]}, "version": 1286, "at": 1730799831.0675023}
{"obj": {"type": "LogStrings", "path": ["monitoring", "552629ed", "stderr"], "values": [{"value": "\r 29%|\u2588\u2588\u2588\u2588\u2588\u2588\u2588\u2588\u2588\u2588\u2588\u2588\u2588\u2588\u2588\u2588\u2588\u2588\u2588\u2588\u2588\u2588\u2588\u2588\u2588\u2588\u2588\u2588\u2588\u2588\u2588\u2588\u2588\u2588\u2588\u2588\u2588\u2588\u2588\u2588\u2588\u2588\u258b                                                                                                         | 338/1171 [00:05<00:12, 66.53it/s]", "step": null, "ts": 1730799831.1743033}]}, "version": 1287, "at": 1730799831.1744168}
{"obj": {"type": "LogStrings", "path": ["monitoring", "552629ed", "stderr"], "values": [{"value": "\r 29%|\u2588\u2588\u2588\u2588\u2588\u2588\u2588\u2588\u2588\u2588\u2588\u2588\u2588\u2588\u2588\u2588\u2588\u2588\u2588\u2588\u2588\u2588\u2588\u2588\u2588\u2588\u2588\u2588\u2588\u2588\u2588\u2588\u2588\u2588\u2588\u2588\u2588\u2588\u2588\u2588\u2588\u2588\u2588\u258c                                                                                                        | 345/1171 [00:05<00:12, 66.15it/s]", "step": null, "ts": 1730799831.2816164}]}, "version": 1288, "at": 1730799831.2817137}
{"obj": {"type": "LogStrings", "path": ["monitoring", "552629ed", "stderr"], "values": [{"value": "\r 30%|\u2588\u2588\u2588\u2588\u2588\u2588\u2588\u2588\u2588\u2588\u2588\u2588\u2588\u2588\u2588\u2588\u2588\u2588\u2588\u2588\u2588\u2588\u2588\u2588\u2588\u2588\u2588\u2588\u2588\u2588\u2588\u2588\u2588\u2588\u2588\u2588\u2588\u2588\u2588\u2588\u2588\u2588\u2588\u2588\u258d                                                                                                       | 352/1171 [00:05<00:12, 65.83it/s]", "step": null, "ts": 1730799831.389243}]}, "version": 1289, "at": 1730799831.3893287}
{"obj": {"type": "LogStrings", "path": ["monitoring", "552629ed", "stderr"], "values": [{"value": "\r 31%|\u2588\u2588\u2588\u2588\u2588\u2588\u2588\u2588\u2588\u2588\u2588\u2588\u2588\u2588\u2588\u2588\u2588\u2588\u2588\u2588\u2588\u2588\u2588\u2588\u2588\u2588\u2588\u2588\u2588\u2588\u2588\u2588\u2588\u2588\u2588\u2588\u2588\u2588\u2588\u2588\u2588\u2588\u2588\u2588\u2588\u258e                                                                                                      | 359/1171 [00:05<00:12, 65.88it/s]", "step": null, "ts": 1730799831.495252}]}, "version": 1290, "at": 1730799831.4953246}
{"obj": {"type": "LogStrings", "path": ["monitoring", "552629ed", "stderr"], "values": [{"value": "\r 31%|\u2588\u2588\u2588\u2588\u2588\u2588\u2588\u2588\u2588\u2588\u2588\u2588\u2588\u2588\u2588\u2588\u2588\u2588\u2588\u2588\u2588\u2588\u2588\u2588\u2588\u2588\u2588\u2588\u2588\u2588\u2588\u2588\u2588\u2588\u2588\u2588\u2588\u2588\u2588\u2588\u2588\u2588\u2588\u2588\u2588\u2588\u258e                                                                                                     | 366/1171 [00:05<00:12, 65.61it/s]", "step": null, "ts": 1730799831.6030116}]}, "version": 1291, "at": 1730799831.6031132}
{"obj": {"type": "LogStrings", "path": ["monitoring", "552629ed", "stderr"], "values": [{"value": "\r 32%|\u2588\u2588\u2588\u2588\u2588\u2588\u2588\u2588\u2588\u2588\u2588\u2588\u2588\u2588\u2588\u2588\u2588\u2588\u2588\u2588\u2588\u2588\u2588\u2588\u2588\u2588\u2588\u2588\u2588\u2588\u2588\u2588\u2588\u2588\u2588\u2588\u2588\u2588\u2588\u2588\u2588\u2588\u2588\u2588\u2588\u2588\u2588\u258f                                                                                                    | 373/1171 [00:05<00:12, 65.59it/s]", "step": null, "ts": 1730799831.7097318}]}, "version": 1292, "at": 1730799831.7098293}
{"obj": {"type": "LogStrings", "path": ["monitoring", "552629ed", "stderr"], "values": [{"value": "\r 32%|\u2588\u2588\u2588\u2588\u2588\u2588\u2588\u2588\u2588\u2588\u2588\u2588\u2588\u2588\u2588\u2588\u2588\u2588\u2588\u2588\u2588\u2588\u2588\u2588\u2588\u2588\u2588\u2588\u2588\u2588\u2588\u2588\u2588\u2588\u2588\u2588\u2588\u2588\u2588\u2588\u2588\u2588\u2588\u2588\u2588\u2588\u2588\u2588                                                                                                    | 380/1171 [00:05<00:12, 64.71it/s]", "step": null, "ts": 1730799831.8213806}]}, "version": 1293, "at": 1730799831.8214962}
{"obj": {"type": "LogStrings", "path": ["monitoring", "552629ed", "stderr"], "values": [{"value": "\r 33%|\u2588\u2588\u2588\u2588\u2588\u2588\u2588\u2588\u2588\u2588\u2588\u2588\u2588\u2588\u2588\u2588\u2588\u2588\u2588\u2588\u2588\u2588\u2588\u2588\u2588\u2588\u2588\u2588\u2588\u2588\u2588\u2588\u2588\u2588\u2588\u2588\u2588\u2588\u2588\u2588\u2588\u2588\u2588\u2588\u2588\u2588\u2588\u2588\u2589                                                                                                   | 387/1171 [00:05<00:12, 63.74it/s]", "step": null, "ts": 1730799831.9351318}]}, "version": 1294, "at": 1730799831.9353118}
{"obj": {"type": "LogStrings", "path": ["monitoring", "552629ed", "stderr"], "values": [{"value": "\r 34%|\u2588\u2588\u2588\u2588\u2588\u2588\u2588\u2588\u2588\u2588\u2588\u2588\u2588\u2588\u2588\u2588\u2588\u2588\u2588\u2588\u2588\u2588\u2588\u2588\u2588\u2588\u2588\u2588\u2588\u2588\u2588\u2588\u2588\u2588\u2588\u2588\u2588\u2588\u2588\u2588\u2588\u2588\u2588\u2588\u2588\u2588\u2588\u2588\u2588\u258a                                                                                                  | 394/1171 [00:06<00:12, 64.22it/s]", "step": null, "ts": 1730799832.0421712}]}, "version": 1295, "at": 1730799832.0423222}
{"obj": {"type": "LogStrings", "path": ["monitoring", "552629ed", "stderr"], "values": [{"value": "\r 34%|\u2588\u2588\u2588\u2588\u2588\u2588\u2588\u2588\u2588\u2588\u2588\u2588\u2588\u2588\u2588\u2588\u2588\u2588\u2588\u2588\u2588\u2588\u2588\u2588\u2588\u2588\u2588\u2588\u2588\u2588\u2588\u2588\u2588\u2588\u2588\u2588\u2588\u2588\u2588\u2588\u2588\u2588\u2588\u2588\u2588\u2588\u2588\u2588\u2588\u2588\u258b                                                                                                 | 401/1171 [00:06<00:12, 63.84it/s]", "step": null, "ts": 1730799832.1531723}]}, "version": 1296, "at": 1730799832.1532977}
{"obj": {"type": "LogStrings", "path": ["monitoring", "552629ed", "stderr"], "values": [{"value": "\r 35%|\u2588\u2588\u2588\u2588\u2588\u2588\u2588\u2588\u2588\u2588\u2588\u2588\u2588\u2588\u2588\u2588\u2588\u2588\u2588\u2588\u2588\u2588\u2588\u2588\u2588\u2588\u2588\u2588\u2588\u2588\u2588\u2588\u2588\u2588\u2588\u2588\u2588\u2588\u2588\u2588\u2588\u2588\u2588\u2588\u2588\u2588\u2588\u2588\u2588\u2588\u2588\u258c                                                                                                | 408/1171 [00:06<00:11, 64.89it/s]", "step": null, "ts": 1730799832.2570066}]}, "version": 1297, "at": 1730799832.2570896}
{"obj": {"type": "LogStrings", "path": ["monitoring", "552629ed", "stderr"], "values": [{"value": "\r 35%|\u2588\u2588\u2588\u2588\u2588\u2588\u2588\u2588\u2588\u2588\u2588\u2588\u2588\u2588\u2588\u2588\u2588\u2588\u2588\u2588\u2588\u2588\u2588\u2588\u2588\u2588\u2588\u2588\u2588\u2588\u2588\u2588\u2588\u2588\u2588\u2588\u2588\u2588\u2588\u2588\u2588\u2588\u2588\u2588\u2588\u2588\u2588\u2588\u2588\u2588\u2588\u2588\u258d                                                                                               | 415/1171 [00:06<00:11, 64.58it/s]", "step": null, "ts": 1730799832.366687}]}, "version": 1298, "at": 1730799832.3668225}
