{"obj": {"type": "AssignString", "path": ["sys", "name"], "value": "PAMAE_avenue"}, "version": 1, "at": 1741679090.875812}
{"obj": {"type": "AssignString", "path": ["sys", "description"], "value": ""}, "version": 2, "at": 1741679090.875812}
{"obj": {"type": "AssignString", "path": ["monitoring", "f7379159", "hostname"], "value": "DESKTOP-02IT1F3"}, "version": 3, "at": 1741679090.875812}
{"obj": {"type": "AssignString", "path": ["sys", "hostname"], "value": "DESKTOP-02IT1F3"}, "version": 4, "at": 1741679090.875812}
{"obj": {"type": "AssignString", "path": ["monitoring", "f7379159", "pid"], "value": "12196"}, "version": 5, "at": 1741679090.875812}
{"obj": {"type": "AssignString", "path": ["monitoring", "f7379159", "tid"], "value": "17252"}, "version": 6, "at": 1741679090.875812}
{"obj": {"type": "AssignBool", "path": ["sys", "failed"], "value": false}, "version": 7, "at": 1741679090.875812}
{"obj": {"type": "ClearStringLog", "path": ["monitoring", "f7379159", "stdout"]}, "version": 8, "at": 1741679090.875812}
{"obj": {"type": "ClearStringLog", "path": ["monitoring", "f7379159", "stderr"]}, "version": 9, "at": 1741679090.875812}
{"obj": {"type": "AssignString", "path": ["source_code", "entrypoint"], "value": "main.py"}, "version": 10, "at": 1741679090.875812}
{"obj": {"type": "UploadFileSet", "path": ["source_code", "files"], "file_globs": ["C:\\Users\\Admin\\Desktop\\VAD\\main.py"], "reset": "False"}, "version": 11, "at": 1741679090.875812}
{"obj": {"type": "ConfigFloatSeries", "path": ["monitoring", "f7379159", "cpu"], "min": 0.0, "max": 100.0, "unit": "%"}, "version": 12, "at": 1741679090.9187446}
{"obj": {"type": "ClearFloatLog", "path": ["monitoring", "f7379159", "cpu"]}, "version": 13, "at": 1741679090.9187446}
{"obj": {"type": "ConfigFloatSeries", "path": ["monitoring", "f7379159", "memory"], "min": 0.0, "max": 15.200469970703125, "unit": "GB"}, "version": 14, "at": 1741679090.9187446}
{"obj": {"type": "ClearFloatLog", "path": ["monitoring", "f7379159", "memory"]}, "version": 15, "at": 1741679090.9187446}
{"obj": {"type": "ConfigFloatSeries", "path": ["monitoring", "f7379159", "gpu"], "min": 0.0, "max": 100.0, "unit": "%"}, "version": 16, "at": 1741679090.9187446}
{"obj": {"type": "ClearFloatLog", "path": ["monitoring", "f7379159", "gpu"]}, "version": 17, "at": 1741679090.9187446}
{"obj": {"type": "ConfigFloatSeries", "path": ["monitoring", "f7379159", "gpu_memory"], "min": 0.0, "max": 8.0, "unit": "GB"}, "version": 18, "at": 1741679090.9187446}
{"obj": {"type": "ClearFloatLog", "path": ["monitoring", "f7379159", "gpu_memory"]}, "version": 19, "at": 1741679090.9187446}
{"obj": {"type": "ConfigFloatSeries", "path": ["monitoring", "f7379159", "gpu_power"], "min": 0.0, "max": 50, "unit": "W"}, "version": 20, "at": 1741679090.9187446}
{"obj": {"type": "ClearFloatLog", "path": ["monitoring", "f7379159", "gpu_power"]}, "version": 21, "at": 1741679090.9187446}
{"obj": {"type": "AssignString", "path": ["parameters", "output_dir"], "value": "C:\\Users\\Admin\\Desktop\\VAD\\output\\train\\PAMAE\\PAMAE_OBJ\\avenue\\session_2025_03_11_14_44_46"}, "version": 22, "at": 1741679090.922807}
{"obj": {"type": "AssignString", "path": ["parameters", "phase"], "value": "train"}, "version": 23, "at": 1741679090.922807}
{"obj": {"type": "AssignString", "path": ["parameters", "device"], "value": "cuda:0"}, "version": 24, "at": 1741679090.922807}
{"obj": {"type": "AssignString", "path": ["parameters", "model"], "value": "PAMAE"}, "version": 25, "at": 1741679090.922807}
{"obj": {"type": "AssignString", "path": ["parameters", "method"], "value": "PAMAE_OBJ"}, "version": 26, "at": 1741679090.922807}
{"obj": {"type": "AssignString", "path": ["parameters", "dataset"], "value": "avenue"}, "version": 27, "at": 1741679090.922807}
{"obj": {"type": "AssignInt", "path": ["parameters", "epochs"], "value": 60}, "version": 28, "at": 1741679090.922807}
{"obj": {"type": "AssignInt", "path": ["parameters", "batch_size"], "value": 4}, "version": 29, "at": 1741679090.922807}
{"obj": {"type": "AssignString", "path": ["parameters", "optimizer"], "value": "Adam"}, "version": 30, "at": 1741679090.922807}
{"obj": {"type": "AssignString", "path": ["parameters", "lr"], "value": "2e-4"}, "version": 31, "at": 1741679090.922807}
{"obj": {"type": "UploadFile", "path": ["config"], "ext": "yaml", "file_path": "C:\\Users\\Admin\\Desktop\\VAD\\system\\PAMAE\\PAMAE_OBJ\\avenue.yaml", "tmp_file_name": null, "clean_after_upload": false}, "version": 32, "at": 1741679090.922807}
{"obj": {"type": "LogStrings", "path": ["monitoring", "f7379159", "stdout"], "values": [{"value": "The directory 'C:\\Users\\Admin\\Desktop\\VAD\\dataset\\avenue\\training' exists and is a directory.", "step": null, "ts": 1741679090.9238098}]}, "version": 33, "at": 1741679090.9238098}
{"obj": {"type": "LogStrings", "path": ["monitoring", "f7379159", "stdout"], "values": [{"value": "\n", "step": null, "ts": 1741679090.9238098}]}, "version": 34, "at": 1741679090.9238098}
{"obj": {"type": "LogStrings", "path": ["monitoring", "f7379159", "stdout"], "values": [{"value": "len(dirs) =", "step": null, "ts": 1741679090.9291635}]}, "version": 35, "at": 1741679090.9291635}
{"obj": {"type": "LogStrings", "path": ["monitoring", "f7379159", "stdout"], "values": [{"value": " ", "step": null, "ts": 1741679090.9291635}]}, "version": 36, "at": 1741679090.9291635}
{"obj": {"type": "LogStrings", "path": ["monitoring", "f7379159", "stdout"], "values": [{"value": "16", "step": null, "ts": 1741679090.9291635}]}, "version": 37, "at": 1741679090.9291635}
{"obj": {"type": "LogStrings", "path": ["monitoring", "f7379159", "stdout"], "values": [{"value": "\n", "step": null, "ts": 1741679090.9291635}]}, "version": 38, "at": 1741679090.9291635}
{"obj": {"type": "LogFloats", "path": ["monitoring", "f7379159", "memory"], "values": [{"value": 8.24090576171875, "step": null, "ts": 1741679090.9197502}]}, "version": 39, "at": 1741679090.9750662}
{"obj": {"type": "LogStrings", "path": ["monitoring", "f7379159", "stderr"], "values": [{"value": "[neptune] [warning] C:\\Users\\Admin\\AppData\\Local\\Programs\\Python\\Python312\\Lib\\threading.py:1073: NeptuneWarning: Info (NVML): Not Supported. GPU usage metrics may not be reported. For more information, see https://docs.neptune.ai/help/nvml_error/\n", "step": null, "ts": 1741679090.9750662}]}, "version": 40, "at": 1741679090.9750662}
{"obj": {"type": "LogFloats", "path": ["monitoring", "f7379159", "gpu"], "values": [{"value": 15.0, "step": null, "ts": 1741679090.9197502}]}, "version": 41, "at": 1741679090.9750662}
{"obj": {"type": "LogFloats", "path": ["monitoring", "f7379159", "gpu_memory"], "values": [{"value": 0.7795333862304688, "step": null, "ts": 1741679090.9197502}]}, "version": 42, "at": 1741679090.9750662}
{"obj": {"type": "LogStrings", "path": ["monitoring", "f7379159", "stdout"], "values": [{"value": "len(self.videos) = ", "step": null, "ts": 1741679091.4453912}]}, "version": 43, "at": 1741679091.4453912}
{"obj": {"type": "LogStrings", "path": ["monitoring", "f7379159", "stdout"], "values": [{"value": " ", "step": null, "ts": 1741679091.4558809}]}, "version": 44, "at": 1741679091.4558809}
{"obj": {"type": "LogStrings", "path": ["monitoring", "f7379159", "stdout"], "values": [{"value": "16", "step": null, "ts": 1741679091.5669124}]}, "version": 45, "at": 1741679091.5669124}
{"obj": {"type": "LogStrings", "path": ["monitoring", "f7379159", "stdout"], "values": [{"value": "\n", "step": null, "ts": 1741679091.5751941}]}, "version": 46, "at": 1741679091.5751941}
{"obj": {"type": "LogStrings", "path": ["monitoring", "f7379159", "stdout"], "values": [{"value": "len(self.clips) = ", "step": null, "ts": 1741679091.5751941}]}, "version": 47, "at": 1741679091.5751941}
{"obj": {"type": "LogStrings", "path": ["monitoring", "f7379159", "stdout"], "values": [{"value": " ", "step": null, "ts": 1741679091.5751941}]}, "version": 48, "at": 1741679091.5751941}
{"obj": {"type": "LogStrings", "path": ["monitoring", "f7379159", "stdout"], "values": [{"value": "15264", "step": null, "ts": 1741679091.5751941}]}, "version": 49, "at": 1741679091.5751941}
{"obj": {"type": "LogStrings", "path": ["monitoring", "f7379159", "stdout"], "values": [{"value": "\n", "step": null, "ts": 1741679091.5751941}]}, "version": 50, "at": 1741679091.5751941}
{"obj": {"type": "LogStrings", "path": ["monitoring", "f7379159", "stdout"], "values": [{"value": "len(self.clips_by_video) = ", "step": null, "ts": 1741679091.5751941}]}, "version": 51, "at": 1741679091.5751941}
{"obj": {"type": "LogStrings", "path": ["monitoring", "f7379159", "stdout"], "values": [{"value": " ", "step": null, "ts": 1741679091.5751941}]}, "version": 52, "at": 1741679091.5751941}
{"obj": {"type": "LogStrings", "path": ["monitoring", "f7379159", "stdout"], "values": [{"value": "16", "step": null, "ts": 1741679091.5769339}]}, "version": 53, "at": 1741679091.5769339}
{"obj": {"type": "LogStrings", "path": ["monitoring", "f7379159", "stdout"], "values": [{"value": "\n", "step": null, "ts": 1741679091.5769339}]}, "version": 54, "at": 1741679091.5769339}
{"obj": {"type": "LogStrings", "path": ["monitoring", "f7379159", "stdout"], "values": [{"value": "self.data_clip['read_format'] = ", "step": null, "ts": 1741679091.5769339}]}, "version": 55, "at": 1741679091.5769339}
{"obj": {"type": "LogStrings", "path": ["monitoring", "f7379159", "stdout"], "values": [{"value": " ", "step": null, "ts": 1741679091.5769339}]}, "version": 56, "at": 1741679091.5769339}
{"obj": {"type": "LogStrings", "path": ["monitoring", "f7379159", "stdout"], "values": [{"value": "PIL", "step": null, "ts": 1741679091.5769339}]}, "version": 57, "at": 1741679091.5769339}
{"obj": {"type": "LogStrings", "path": ["monitoring", "f7379159", "stdout"], "values": [{"value": "\n", "step": null, "ts": 1741679091.5769339}]}, "version": 58, "at": 1741679091.5769339}
{"obj": {"type": "LogStrings", "path": ["monitoring", "f7379159", "stdout"], "values": [{"value": "Number of samples in TRAIN dataset: 15264", "step": null, "ts": 1741679091.5769339}]}, "version": 59, "at": 1741679091.5769339}
{"obj": {"type": "LogStrings", "path": ["monitoring", "f7379159", "stdout"], "values": [{"value": "\n", "step": null, "ts": 1741679091.5769339}]}, "version": 60, "at": 1741679091.5769339}
{"obj": {"type": "LogStrings", "path": ["monitoring", "f7379159", "stdout"], "values": [{"value": "=> Creating a new directory: C:\\Users\\Admin\\Desktop\\VAD\\output\\train\\PAMAE\\PAMAE_OBJ\\avenue\\session_2025_03_11_14_44_46\\checkpoint", "step": null, "ts": 1741679091.5780337}]}, "version": 61, "at": 1741679091.5780337}
{"obj": {"type": "LogStrings", "path": ["monitoring", "f7379159", "stdout"], "values": [{"value": "\n", "step": null, "ts": 1741679091.5780337}]}, "version": 62, "at": 1741679091.5780337}
{"obj": {"type": "LogStrings", "path": ["monitoring", "f7379159", "stdout"], "values": [{"value": "self.m_items.shape = torch.Size([10, 512])", "step": null, "ts": 1741679091.6573887}]}, "version": 63, "at": 1741679091.6573887}
{"obj": {"type": "LogStrings", "path": ["monitoring", "f7379159", "stdout"], "values": [{"value": "\n", "step": null, "ts": 1741679091.6573887}]}, "version": 64, "at": 1741679091.6573887}
{"obj": {"type": "LogStrings", "path": ["monitoring", "f7379159", "stdout"], "values": [{"value": "Finish: SF_MultiLoss()", "step": null, "ts": 1741679091.8093688}]}, "version": 65, "at": 1741679091.8093688}
{"obj": {"type": "LogStrings", "path": ["monitoring", "f7379159", "stdout"], "values": [{"value": "\n", "step": null, "ts": 1741679091.8093688}]}, "version": 66, "at": 1741679091.8093688}
{"obj": {"type": "LogStrings", "path": ["monitoring", "f7379159", "stdout"], "values": [{"value": "Finish: SF_KF_MultiLoss()", "step": null, "ts": 1741679091.8093688}]}, "version": 67, "at": 1741679091.8093688}
{"obj": {"type": "LogStrings", "path": ["monitoring", "f7379159", "stdout"], "values": [{"value": "\n", "step": null, "ts": 1741679091.8093688}]}, "version": 68, "at": 1741679091.8093688}
{"obj": {"type": "LogStrings", "path": ["monitoring", "f7379159", "stdout"], "values": [{"value": "dataset_path =", "step": null, "ts": 1741679091.8423536}]}, "version": 69, "at": 1741679091.8423536}
{"obj": {"type": "LogStrings", "path": ["monitoring", "f7379159", "stdout"], "values": [{"value": " ", "step": null, "ts": 1741679091.8423536}]}, "version": 70, "at": 1741679091.8423536}
{"obj": {"type": "LogStrings", "path": ["monitoring", "f7379159", "stdout"], "values": [{"value": "C:\\Users\\Admin\\Desktop\\VAD\\dataset\\avenue\\training_KF_EN", "step": null, "ts": 1741679091.8423536}]}, "version": 71, "at": 1741679091.8423536}
{"obj": {"type": "LogStrings", "path": ["monitoring", "f7379159", "stdout"], "values": [{"value": "\n", "step": null, "ts": 1741679091.8423536}]}, "version": 72, "at": 1741679091.8423536}
{"obj": {"type": "LogStrings", "path": ["monitoring", "f7379159", "stdout"], "values": [{"value": "C:\\Users\\Admin\\Desktop\\VAD\\dataset\\avenue\\training_KF_EN is NOT exists !!!", "step": null, "ts": 1741679091.8433533}]}, "version": 73, "at": 1741679091.8433533}
{"obj": {"type": "LogStrings", "path": ["monitoring", "f7379159", "stdout"], "values": [{"value": "\n", "step": null, "ts": 1741679091.8433533}]}, "version": 74, "at": 1741679091.8433533}
{"obj": {"type": "LogStrings", "path": ["monitoring", "f7379159", "stdout"], "values": [{"value": "dataset_path =", "step": null, "ts": 1741679091.8433533}]}, "version": 75, "at": 1741679091.8433533}
{"obj": {"type": "LogStrings", "path": ["monitoring", "f7379159", "stdout"], "values": [{"value": " ", "step": null, "ts": 1741679091.8433533}]}, "version": 76, "at": 1741679091.8433533}
{"obj": {"type": "LogStrings", "path": ["monitoring", "f7379159", "stdout"], "values": [{"value": "C:\\Users\\Admin\\Desktop\\VAD\\dataset\\avenue\\training_OBJ", "step": null, "ts": 1741679091.8433533}]}, "version": 77, "at": 1741679091.8433533}
{"obj": {"type": "LogStrings", "path": ["monitoring", "f7379159", "stdout"], "values": [{"value": "\n", "step": null, "ts": 1741679091.8433533}]}, "version": 78, "at": 1741679091.8433533}
{"obj": {"type": "LogStrings", "path": ["monitoring", "f7379159", "stdout"], "values": [{"value": "The directory 'C:\\Users\\Admin\\Desktop\\VAD\\dataset\\avenue\\training_OBJ' exists and is a directory.", "step": null, "ts": 1741679091.8433533}]}, "version": 79, "at": 1741679091.8433533}
{"obj": {"type": "LogStrings", "path": ["monitoring", "f7379159", "stdout"], "values": [{"value": "\n", "step": null, "ts": 1741679091.8433533}]}, "version": 80, "at": 1741679091.8433533}
{"obj": {"type": "LogStrings", "path": ["monitoring", "f7379159", "stdout"], "values": [{"value": "len(dirs) =", "step": null, "ts": 1741679091.8433533}]}, "version": 81, "at": 1741679091.8433533}
{"obj": {"type": "LogStrings", "path": ["monitoring", "f7379159", "stdout"], "values": [{"value": " ", "step": null, "ts": 1741679091.8433533}]}, "version": 82, "at": 1741679091.8433533}
{"obj": {"type": "LogStrings", "path": ["monitoring", "f7379159", "stdout"], "values": [{"value": "19", "step": null, "ts": 1741679091.8433533}]}, "version": 83, "at": 1741679091.8433533}
{"obj": {"type": "LogStrings", "path": ["monitoring", "f7379159", "stdout"], "values": [{"value": "\n", "step": null, "ts": 1741679091.8433533}]}, "version": 84, "at": 1741679091.8433533}
{"obj": {"type": "LogStrings", "path": ["monitoring", "f7379159", "stdout"], "values": [{"value": "len(self.videos) = ", "step": null, "ts": 1741679091.90183}]}, "version": 85, "at": 1741679091.90183}
{"obj": {"type": "LogStrings", "path": ["monitoring", "f7379159", "stdout"], "values": [{"value": " ", "step": null, "ts": 1741679091.90183}]}, "version": 86, "at": 1741679091.90183}
{"obj": {"type": "LogStrings", "path": ["monitoring", "f7379159", "stdout"], "values": [{"value": "19", "step": null, "ts": 1741679091.90183}]}, "version": 87, "at": 1741679091.90183}
{"obj": {"type": "LogStrings", "path": ["monitoring", "f7379159", "stdout"], "values": [{"value": "\n", "step": null, "ts": 1741679091.90183}]}, "version": 88, "at": 1741679091.90183}
{"obj": {"type": "LogStrings", "path": ["monitoring", "f7379159", "stdout"], "values": [{"value": "len(self.clips) = ", "step": null, "ts": 1741679091.90183}]}, "version": 89, "at": 1741679091.90183}
{"obj": {"type": "LogStrings", "path": ["monitoring", "f7379159", "stdout"], "values": [{"value": " ", "step": null, "ts": 1741679091.90183}]}, "version": 90, "at": 1741679091.90183}
{"obj": {"type": "LogStrings", "path": ["monitoring", "f7379159", "stdout"], "values": [{"value": "5274", "step": null, "ts": 1741679091.90183}]}, "version": 91, "at": 1741679091.90183}
{"obj": {"type": "LogStrings", "path": ["monitoring", "f7379159", "stdout"], "values": [{"value": "\n", "step": null, "ts": 1741679091.9086747}]}, "version": 92, "at": 1741679091.9086747}
{"obj": {"type": "LogStrings", "path": ["monitoring", "f7379159", "stdout"], "values": [{"value": "len(self.clips_by_video) = ", "step": null, "ts": 1741679091.9086747}]}, "version": 93, "at": 1741679091.9086747}
{"obj": {"type": "LogStrings", "path": ["monitoring", "f7379159", "stdout"], "values": [{"value": " ", "step": null, "ts": 1741679091.9086747}]}, "version": 94, "at": 1741679091.9086747}
{"obj": {"type": "LogStrings", "path": ["monitoring", "f7379159", "stdout"], "values": [{"value": "19", "step": null, "ts": 1741679091.9086747}]}, "version": 95, "at": 1741679091.9086747}
{"obj": {"type": "LogStrings", "path": ["monitoring", "f7379159", "stdout"], "values": [{"value": "\n", "step": null, "ts": 1741679091.9086747}]}, "version": 96, "at": 1741679091.9086747}
{"obj": {"type": "LogStrings", "path": ["monitoring", "f7379159", "stdout"], "values": [{"value": "self.data_clip['read_format'] = ", "step": null, "ts": 1741679091.9086747}]}, "version": 97, "at": 1741679091.9086747}
{"obj": {"type": "LogStrings", "path": ["monitoring", "f7379159", "stdout"], "values": [{"value": " ", "step": null, "ts": 1741679091.9086747}]}, "version": 98, "at": 1741679091.9086747}
{"obj": {"type": "LogStrings", "path": ["monitoring", "f7379159", "stdout"], "values": [{"value": "PIL", "step": null, "ts": 1741679091.9086747}]}, "version": 99, "at": 1741679091.9086747}
{"obj": {"type": "LogStrings", "path": ["monitoring", "f7379159", "stdout"], "values": [{"value": "\n", "step": null, "ts": 1741679091.9086747}]}, "version": 100, "at": 1741679091.9086747}
{"obj": {"type": "LogStrings", "path": ["monitoring", "f7379159", "stdout"], "values": [{"value": "Number of samples in TRAIN dataset OBJECT: 5274", "step": null, "ts": 1741679091.9086747}]}, "version": 101, "at": 1741679091.9086747}
{"obj": {"type": "LogStrings", "path": ["monitoring", "f7379159", "stdout"], "values": [{"value": "\n", "step": null, "ts": 1741679091.9086747}]}, "version": 102, "at": 1741679091.9086747}
{"obj": {"type": "LogStrings", "path": ["monitoring", "f7379159", "stdout"], "values": [{"value": "epoch[1/60]", "step": null, "ts": 1741679091.9597986}]}, "version": 103, "at": 1741679091.9597986}
{"obj": {"type": "LogStrings", "path": ["monitoring", "f7379159", "stdout"], "values": [{"value": "\n", "step": null, "ts": 1741679091.9597986}]}, "version": 104, "at": 1741679091.9597986}
{"obj": {"type": "LogStrings", "path": ["monitoring", "f7379159", "stdout"], "values": [{"value": "bz = 4", "step": null, "ts": 1741679091.9597986}]}, "version": 105, "at": 1741679091.9597986}
{"obj": {"type": "LogStrings", "path": ["monitoring", "f7379159", "stdout"], "values": [{"value": "\n", "step": null, "ts": 1741679091.9597986}]}, "version": 106, "at": 1741679091.9597986}
{"obj": {"type": "LogStrings", "path": ["monitoring", "f7379159", "stdout"], "values": [{"value": "p_obj = 0.005", "step": null, "ts": 1741679091.9597986}]}, "version": 107, "at": 1741679091.9597986}
{"obj": {"type": "LogStrings", "path": ["monitoring", "f7379159", "stdout"], "values": [{"value": "\n", "step": null, "ts": 1741679091.9597986}]}, "version": 108, "at": 1741679091.9597986}
{"obj": {"type": "LogStrings", "path": ["monitoring", "f7379159", "stdout"], "values": [{"value": "ABNORMAL: self.cfg.TRAIN.other_params.loss_type NOT EXIST!!!!!", "step": null, "ts": 1741679091.9597986}]}, "version": 109, "at": 1741679091.9597986}
{"obj": {"type": "LogStrings", "path": ["monitoring", "f7379159", "stdout"], "values": [{"value": "\n", "step": null, "ts": 1741679091.9597986}]}, "version": 110, "at": 1741679091.9597986}
{"obj": {"type": "LogStrings", "path": ["monitoring", "f7379159", "stderr"], "values": [{"value": "\r  0%|                                                                                                                                                                                            | 0/3816 [00:00<?, ?it/s]", "step": null, "ts": 1741679091.9597986}]}, "version": 111, "at": 1741679091.9597986}
{"obj": {"type": "LogFloats", "path": ["monitoring", "f7379159", "cpu"], "values": [{"value": 12.4, "step": null, "ts": 1741679100.9798317}]}, "version": 112, "at": 1741679100.9820426}
{"obj": {"type": "LogFloats", "path": ["monitoring", "f7379159", "memory"], "values": [{"value": 9.510536193847656, "step": null, "ts": 1741679100.9798317}]}, "version": 113, "at": 1741679100.9820426}
{"obj": {"type": "LogFloats", "path": ["monitoring", "f7379159", "gpu"], "values": [{"value": 13.0, "step": null, "ts": 1741679100.9798317}]}, "version": 114, "at": 1741679100.9820426}
{"obj": {"type": "LogFloats", "path": ["monitoring", "f7379159", "gpu_memory"], "values": [{"value": 0.9148521423339844, "step": null, "ts": 1741679100.9798317}]}, "version": 115, "at": 1741679100.9820426}
{"obj": {"type": "LogFloats", "path": ["monitoring", "f7379159", "cpu"], "values": [{"value": 9.7, "step": null, "ts": 1741679110.9853697}]}, "version": 116, "at": 1741679110.9853697}
{"obj": {"type": "LogFloats", "path": ["monitoring", "f7379159", "memory"], "values": [{"value": 10.750503540039062, "step": null, "ts": 1741679110.9853697}]}, "version": 117, "at": 1741679110.9853697}
{"obj": {"type": "LogFloats", "path": ["monitoring", "f7379159", "gpu"], "values": [{"value": 97.0, "step": null, "ts": 1741679110.9853697}]}, "version": 118, "at": 1741679110.9853697}
{"obj": {"type": "LogFloats", "path": ["monitoring", "f7379159", "gpu_memory"], "values": [{"value": 4.166805267333984, "step": null, "ts": 1741679110.9853697}]}, "version": 119, "at": 1741679110.9853697}
{"obj": {"type": "LogStrings", "path": ["monitoring", "f7379159", "stderr"], "values": [{"value": "\r  0%|                                                                                                                                                                                 | 1/3816 [00:24<25:43:40, 24.28s/it]", "step": null, "ts": 1741679116.237777}]}, "version": 120, "at": 1741679116.237777}
{"obj": {"type": "LogStrings", "path": ["monitoring", "f7379159", "stderr"], "values": [{"value": "\r  0%|                                                                                                                                                                                 | 2/3816 [00:24<10:56:26, 10.33s/it]", "step": null, "ts": 1741679116.7987115}]}, "version": 121, "at": 1741679116.7987115}
{"obj": {"type": "LogStrings", "path": ["monitoring", "f7379159", "stderr"], "values": [{"value": "\r  0%|\u258f                                                                                                                                                                                 | 3/3816 [00:25<6:12:24,  5.86s/it]", "step": null, "ts": 1741679117.3554492}]}, "version": 122, "at": 1741679117.3554492}
{"obj": {"type": "LogStrings", "path": ["monitoring", "f7379159", "stderr"], "values": [{"value": "\r  0%|\u258f                                                                                                                                                                                 | 4/3816 [00:25<3:59:28,  3.77s/it]", "step": null, "ts": 1741679117.9071872}]}, "version": 123, "at": 1741679117.9071872}
{"obj": {"type": "LogStrings", "path": ["monitoring", "f7379159", "stderr"], "values": [{"value": "\r  0%|\u258f                                                                                                                                                                                 | 5/3816 [00:26<2:45:28,  2.61s/it]", "step": null, "ts": 1741679118.4558084}]}, "version": 124, "at": 1741679118.4558084}
{"obj": {"type": "LogStrings", "path": ["monitoring", "f7379159", "stderr"], "values": [{"value": "\r  0%|\u258e                                                                                                                                                                                 | 6/3816 [00:27<2:01:09,  1.91s/it]", "step": null, "ts": 1741679119.0027437}]}, "version": 125, "at": 1741679119.0027437}
{"obj": {"type": "LogStrings", "path": ["monitoring", "f7379159", "stderr"], "values": [{"value": "\r  0%|\u258e                                                                                                                                                                                 | 7/3816 [00:27<1:32:45,  1.46s/it]", "step": null, "ts": 1741679119.5437691}]}, "version": 126, "at": 1741679119.5437691}
{"obj": {"type": "LogStrings", "path": ["monitoring", "f7379159", "stderr"], "values": [{"value": "\r  0%|\u258e                                                                                                                                                                                 | 8/3816 [00:28<1:14:20,  1.17s/it]", "step": null, "ts": 1741679120.0949495}]}, "version": 127, "at": 1741679120.0949495}
{"obj": {"type": "LogStrings", "path": ["monitoring", "f7379159", "stderr"], "values": [{"value": "\r  0%|\u258d                                                                                                                                                                                 | 9/3816 [00:28<1:02:02,  1.02it/s]", "step": null, "ts": 1741679120.646713}]}, "version": 128, "at": 1741679120.646713}
{"obj": {"type": "LogFloats", "path": ["monitoring", "f7379159", "cpu"], "values": [{"value": 9.2, "step": null, "ts": 1741679120.997448}]}, "version": 129, "at": 1741679120.9987202}
{"obj": {"type": "LogFloats", "path": ["monitoring", "f7379159", "memory"], "values": [{"value": 10.956146240234375, "step": null, "ts": 1741679120.997448}]}, "version": 130, "at": 1741679120.9987202}
{"obj": {"type": "LogFloats", "path": ["monitoring", "f7379159", "gpu"], "values": [{"value": 97.0, "step": null, "ts": 1741679120.997448}]}, "version": 131, "at": 1741679120.9987202}
{"obj": {"type": "LogFloats", "path": ["monitoring", "f7379159", "gpu_memory"], "values": [{"value": 2.877368927001953, "step": null, "ts": 1741679120.997448}]}, "version": 132, "at": 1741679120.9987202}
{"obj": {"type": "LogStrings", "path": ["monitoring", "f7379159", "stderr"], "values": [{"value": "\r  0%|\u258d                                                                                                                                                                                  | 10/3816 [00:29<53:41,  1.18it/s]", "step": null, "ts": 1741679121.1993225}]}, "version": 133, "at": 1741679121.1993225}
{"obj": {"type": "LogStrings", "path": ["monitoring", "f7379159", "stderr"], "values": [{"value": "\r  0%|\u258c                                                                                                                                                                                  | 11/3816 [00:29<47:49,  1.33it/s]", "step": null, "ts": 1741679121.743822}]}, "version": 134, "at": 1741679121.743822}
{"obj": {"type": "LogStrings", "path": ["monitoring", "f7379159", "stderr"], "values": [{"value": "\r  0%|\u258c                                                                                                                                                                                  | 12/3816 [00:30<43:59,  1.44it/s]", "step": null, "ts": 1741679122.3002145}]}, "version": 135, "at": 1741679122.3002145}
{"obj": {"type": "LogStrings", "path": ["monitoring", "f7379159", "stderr"], "values": [{"value": "\r  0%|\u258c                                                                                                                                                                                  | 13/3816 [00:30<41:10,  1.54it/s]", "step": null, "ts": 1741679122.8480124}]}, "version": 136, "at": 1741679122.8480124}
{"obj": {"type": "LogStrings", "path": ["monitoring", "f7379159", "stderr"], "values": [{"value": "\r  0%|\u258b                                                                                                                                                                                  | 14/3816 [00:31<39:16,  1.61it/s]", "step": null, "ts": 1741679123.3984623}]}, "version": 137, "at": 1741679123.3984623}
{"obj": {"type": "LogStrings", "path": ["monitoring", "f7379159", "stderr"], "values": [{"value": "\r  0%|\u258b                                                                                                                                                                                  | 15/3816 [00:31<37:48,  1.68it/s]", "step": null, "ts": 1741679123.952664}]}, "version": 138, "at": 1741679123.952664}
{"obj": {"type": "LogStrings", "path": ["monitoring", "f7379159", "stderr"], "values": [{"value": "\r  0%|\u258a                                                                                                                                                                                  | 16/3816 [00:32<37:23,  1.69it/s]", "step": null, "ts": 1741679124.5173442}]}, "version": 139, "at": 1741679124.5173442}
{"obj": {"type": "LogStrings", "path": ["monitoring", "f7379159", "stderr"], "values": [{"value": "\r  0%|\u258a                                                                                                                                                                                  | 17/3816 [00:33<36:42,  1.73it/s]", "step": null, "ts": 1741679125.0734856}]}, "version": 140, "at": 1741679125.0734856}
{"obj": {"type": "LogStrings", "path": ["monitoring", "f7379159", "stderr"], "values": [{"value": "\r  0%|\u258a                                                                                                                                                                                  | 18/3816 [00:33<36:06,  1.75it/s]", "step": null, "ts": 1741679125.623517}]}, "version": 141, "at": 1741679125.623517}
{"obj": {"type": "LogStrings", "path": ["monitoring", "f7379159", "stderr"], "values": [{"value": "\r  0%|\u2589                                                                                                                                                                                  | 19/3816 [00:34<35:42,  1.77it/s]", "step": null, "ts": 1741679126.17161}]}, "version": 142, "at": 1741679126.17161}
{"obj": {"type": "LogStrings", "path": ["monitoring", "f7379159", "stderr"], "values": [{"value": "\r  1%|\u2589                                                                                                                                                                                  | 20/3816 [00:34<35:23,  1.79it/s]", "step": null, "ts": 1741679126.719652}]}, "version": 143, "at": 1741679126.719652}
{"obj": {"type": "LogStrings", "path": ["monitoring", "f7379159", "stderr"], "values": [{"value": "\r  1%|\u2589                                                                                                                                                                                  | 21/3816 [00:35<35:12,  1.80it/s]", "step": null, "ts": 1741679127.2694342}]}, "version": 144, "at": 1741679127.2694342}
{"obj": {"type": "LogStrings", "path": ["monitoring", "f7379159", "stderr"], "values": [{"value": "\r  1%|\u2588                                                                                                                                                                                  | 22/3816 [00:35<35:10,  1.80it/s]", "step": null, "ts": 1741679127.8246548}]}, "version": 145, "at": 1741679127.8246548}
{"obj": {"type": "LogStrings", "path": ["monitoring", "f7379159", "stderr"], "values": [{"value": "\r  1%|\u2588                                                                                                                                                                                  | 23/3816 [00:36<35:02,  1.80it/s]", "step": null, "ts": 1741679128.3745923}]}, "version": 146, "at": 1741679128.3745923}
{"obj": {"type": "LogStrings", "path": ["monitoring", "f7379159", "stderr"], "values": [{"value": "\r  1%|\u2588\u258f                                                                                                                                                                                 | 24/3816 [00:36<34:56,  1.81it/s]", "step": null, "ts": 1741679128.9244213}]}, "version": 147, "at": 1741679128.9244213}
{"obj": {"type": "LogStrings", "path": ["monitoring", "f7379159", "stderr"], "values": [{"value": "\r  1%|\u2588\u258f                                                                                                                                                                                 | 25/3816 [00:37<35:02,  1.80it/s]", "step": null, "ts": 1741679129.4831061}]}, "version": 148, "at": 1741679129.4831061}
{"obj": {"type": "LogStrings", "path": ["monitoring", "f7379159", "stderr"], "values": [{"value": "\r  1%|\u2588\u258f                                                                                                                                                                                 | 26/3816 [00:38<35:01,  1.80it/s]", "step": null, "ts": 1741679130.0371628}]}, "version": 149, "at": 1741679130.0371628}
{"obj": {"type": "LogStrings", "path": ["monitoring", "f7379159", "stderr"], "values": [{"value": "\r  1%|\u2588\u258e                                                                                                                                                                                 | 27/3816 [00:38<34:53,  1.81it/s]", "step": null, "ts": 1741679130.585372}]}, "version": 150, "at": 1741679130.585372}
{"obj": {"type": "LogFloats", "path": ["monitoring", "f7379159", "cpu"], "values": [{"value": 10.0, "step": null, "ts": 1741679131.0021389}]}, "version": 151, "at": 1741679131.0041358}
{"obj": {"type": "LogFloats", "path": ["monitoring", "f7379159", "memory"], "values": [{"value": 10.910964965820312, "step": null, "ts": 1741679131.0021389}]}, "version": 152, "at": 1741679131.0041358}
{"obj": {"type": "LogFloats", "path": ["monitoring", "f7379159", "gpu"], "values": [{"value": 97.0, "step": null, "ts": 1741679131.0021389}]}, "version": 153, "at": 1741679131.0041358}
{"obj": {"type": "LogFloats", "path": ["monitoring", "f7379159", "gpu_memory"], "values": [{"value": 2.877368927001953, "step": null, "ts": 1741679131.0021389}]}, "version": 154, "at": 1741679131.0041358}
{"obj": {"type": "LogStrings", "path": ["monitoring", "f7379159", "stderr"], "values": [{"value": "\r  1%|\u2588\u258e                                                                                                                                                                                 | 28/3816 [00:39<35:01,  1.80it/s]", "step": null, "ts": 1741679131.1449664}]}, "version": 155, "at": 1741679131.1449664}
{"obj": {"type": "LogStrings", "path": ["monitoring", "f7379159", "stderr"], "values": [{"value": "\r  1%|\u2588\u258e                                                                                                                                                                                 | 29/3816 [00:39<34:51,  1.81it/s]", "step": null, "ts": 1741679131.691995}]}, "version": 156, "at": 1741679131.691995}
{"obj": {"type": "LogStrings", "path": ["monitoring", "f7379159", "stderr"], "values": [{"value": "\r  1%|\u2588\u258d                                                                                                                                                                                 | 30/3816 [00:40<34:56,  1.81it/s]", "step": null, "ts": 1741679132.2484941}]}, "version": 157, "at": 1741679132.2484941}
{"obj": {"type": "LogStrings", "path": ["monitoring", "f7379159", "stderr"], "values": [{"value": "\r  1%|\u2588\u258d                                                                                                                                                                                 | 31/3816 [00:40<34:50,  1.81it/s]", "step": null, "ts": 1741679132.7980378}]}, "version": 158, "at": 1741679132.7980378}
{"obj": {"type": "LogStrings", "path": ["monitoring", "f7379159", "stderr"], "values": [{"value": "\r  1%|\u2588\u258c                                                                                                                                                                                 | 32/3816 [00:41<34:53,  1.81it/s]", "step": null, "ts": 1741679133.353459}]}, "version": 159, "at": 1741679133.353459}
{"obj": {"type": "LogStrings", "path": ["monitoring", "f7379159", "stderr"], "values": [{"value": "\r  1%|\u2588\u258c                                                                                                                                                                                 | 33/3816 [00:41<35:07,  1.79it/s]", "step": null, "ts": 1741679133.9205515}]}, "version": 160, "at": 1741679133.9205515}
{"obj": {"type": "LogStrings", "path": ["monitoring", "f7379159", "stderr"], "values": [{"value": "\r  1%|\u2588\u258c                                                                                                                                                                                 | 34/3816 [00:42<35:14,  1.79it/s]", "step": null, "ts": 1741679134.4829857}]}, "version": 161, "at": 1741679134.4839919}
{"obj": {"type": "LogStrings", "path": ["monitoring", "f7379159", "stderr"], "values": [{"value": "\r  1%|\u2588\u258b                                                                                                                                                                                 | 35/3816 [00:43<35:11,  1.79it/s]", "step": null, "ts": 1741679135.040319}]}, "version": 162, "at": 1741679135.040319}
{"obj": {"type": "LogStrings", "path": ["monitoring", "f7379159", "stderr"], "values": [{"value": "\r  1%|\u2588\u258b                                                                                                                                                                                 | 36/3816 [00:43<35:03,  1.80it/s]", "step": null, "ts": 1741679135.5922723}]}, "version": 163, "at": 1741679135.5922723}
{"obj": {"type": "LogStrings", "path": ["monitoring", "f7379159", "stderr"], "values": [{"value": "\r  1%|\u2588\u258b                                                                                                                                                                                 | 37/3816 [00:44<35:20,  1.78it/s]", "step": null, "ts": 1741679136.1636605}]}, "version": 164, "at": 1741679136.1636605}
{"obj": {"type": "LogStrings", "path": ["monitoring", "f7379159", "stderr"], "values": [{"value": "\r  1%|\u2588\u258a                                                                                                                                                                                 | 38/3816 [00:44<35:13,  1.79it/s]", "step": null, "ts": 1741679136.719571}]}, "version": 165, "at": 1741679136.719571}
{"obj": {"type": "LogStrings", "path": ["monitoring", "f7379159", "stderr"], "values": [{"value": "\r  1%|\u2588\u258a                                                                                                                                                                                 | 39/3816 [00:45<35:25,  1.78it/s]", "step": null, "ts": 1741679137.2896433}]}, "version": 166, "at": 1741679137.2896433}
{"obj": {"type": "LogStrings", "path": ["monitoring", "f7379159", "stderr"], "values": [{"value": "\r  1%|\u2588\u2589                                                                                                                                                                                 | 40/3816 [00:45<35:23,  1.78it/s]", "step": null, "ts": 1741679137.850934}]}, "version": 167, "at": 1741679137.850934}
{"obj": {"type": "LogStrings", "path": ["monitoring", "f7379159", "stderr"], "values": [{"value": "\r  1%|\u2588\u2589                                                                                                                                                                                 | 41/3816 [00:46<35:20,  1.78it/s]", "step": null, "ts": 1741679138.4111872}]}, "version": 168, "at": 1741679138.4111872}
{"obj": {"type": "LogStrings", "path": ["monitoring", "f7379159", "stderr"], "values": [{"value": "\r  1%|\u2588\u2589                                                                                                                                                                                 | 42/3816 [00:46<35:03,  1.79it/s]", "step": null, "ts": 1741679138.9587126}]}, "version": 169, "at": 1741679138.9587126}
{"obj": {"type": "LogStrings", "path": ["monitoring", "f7379159", "stderr"], "values": [{"value": "\r  1%|\u2588\u2588                                                                                                                                                                                 | 43/3816 [00:47<35:11,  1.79it/s]", "step": null, "ts": 1741679139.5242012}]}, "version": 170, "at": 1741679139.5242012}
{"obj": {"type": "LogStrings", "path": ["monitoring", "f7379159", "stderr"], "values": [{"value": "\r  1%|\u2588\u2588                                                                                                                                                                                 | 44/3816 [00:48<35:09,  1.79it/s]", "step": null, "ts": 1741679140.0814946}]}, "version": 171, "at": 1741679140.0814946}
{"obj": {"type": "LogStrings", "path": ["monitoring", "f7379159", "stderr"], "values": [{"value": "\r  1%|\u2588\u2588                                                                                                                                                                                 | 45/3816 [00:48<35:21,  1.78it/s]", "step": null, "ts": 1741679140.6522841}]}, "version": 172, "at": 1741679140.6522841}
{"obj": {"type": "LogFloats", "path": ["monitoring", "f7379159", "cpu"], "values": [{"value": 10.0, "step": null, "ts": 1741679141.011999}]}, "version": 173, "at": 1741679141.0132153}
{"obj": {"type": "LogFloats", "path": ["monitoring", "f7379159", "memory"], "values": [{"value": 10.904830932617188, "step": null, "ts": 1741679141.011999}]}, "version": 174, "at": 1741679141.0132153}
{"obj": {"type": "LogFloats", "path": ["monitoring", "f7379159", "gpu"], "values": [{"value": 98.0, "step": null, "ts": 1741679141.011999}]}, "version": 175, "at": 1741679141.0132153}
{"obj": {"type": "LogFloats", "path": ["monitoring", "f7379159", "gpu_memory"], "values": [{"value": 2.877368927001953, "step": null, "ts": 1741679141.011999}]}, "version": 176, "at": 1741679141.0132153}
{"obj": {"type": "LogStrings", "path": ["monitoring", "f7379159", "stderr"], "values": [{"value": "\r  1%|\u2588\u2588\u258f                                                                                                                                                                                | 46/3816 [00:49<35:34,  1.77it/s]", "step": null, "ts": 1741679141.2264128}]}, "version": 177, "at": 1741679141.2264128}
{"obj": {"type": "LogStrings", "path": ["monitoring", "f7379159", "stderr"], "values": [{"value": "\r  1%|\u2588\u2588\u258f                                                                                                                                                                                | 47/3816 [00:49<35:48,  1.75it/s]", "step": null, "ts": 1741679141.8053312}]}, "version": 178, "at": 1741679141.8053312}
{"obj": {"type": "LogStrings", "path": ["monitoring", "f7379159", "stderr"], "values": [{"value": "\r  1%|\u2588\u2588\u258e                                                                                                                                                                                | 48/3816 [00:50<35:51,  1.75it/s]", "step": null, "ts": 1741679142.378557}]}, "version": 179, "at": 1741679142.378557}
{"obj": {"type": "LogStrings", "path": ["monitoring", "f7379159", "stderr"], "values": [{"value": "\r  1%|\u2588\u2588\u258e                                                                                                                                                                                | 49/3816 [00:50<35:51,  1.75it/s]", "step": null, "ts": 1741679142.94987}]}, "version": 180, "at": 1741679142.94987}
{"obj": {"type": "LogStrings", "path": ["monitoring", "f7379159", "stderr"], "values": [{"value": "\r  1%|\u2588\u2588\u258e                                                                                                                                                                                | 50/3816 [00:51<35:51,  1.75it/s]", "step": null, "ts": 1741679143.521695}]}, "version": 181, "at": 1741679143.521695}
{"obj": {"type": "LogStrings", "path": ["monitoring", "f7379159", "stderr"], "values": [{"value": "\r  1%|\u2588\u2588\u258d                                                                                                                                                                                | 51/3816 [00:52<36:01,  1.74it/s]", "step": null, "ts": 1741679144.1025815}]}, "version": 182, "at": 1741679144.1025815}
{"obj": {"type": "LogStrings", "path": ["monitoring", "f7379159", "stderr"], "values": [{"value": "\r  1%|\u2588\u2588\u258d                                                                                                                                                                                | 52/3816 [00:52<35:59,  1.74it/s]", "step": null, "ts": 1741679144.67539}]}, "version": 183, "at": 1741679144.67539}
{"obj": {"type": "LogStrings", "path": ["monitoring", "f7379159", "stderr"], "values": [{"value": "\r  1%|\u2588\u2588\u258d                                                                                                                                                                                | 53/3816 [00:53<36:06,  1.74it/s]", "step": null, "ts": 1741679145.255608}]}, "version": 184, "at": 1741679145.255608}
{"obj": {"type": "LogStrings", "path": ["monitoring", "f7379159", "stderr"], "values": [{"value": "\r  1%|\u2588\u2588\u258c                                                                                                                                                                                | 54/3816 [00:53<36:32,  1.72it/s]", "step": null, "ts": 1741679145.855047}]}, "version": 185, "at": 1741679145.855047}
{"obj": {"type": "LogStrings", "path": ["monitoring", "f7379159", "stderr"], "values": [{"value": "\r  1%|\u2588\u2588\u258c                                                                                                                                                                                | 55/3816 [00:54<36:10,  1.73it/s]", "step": null, "ts": 1741679146.4184804}]}, "version": 186, "at": 1741679146.4184804}
{"obj": {"type": "LogStrings", "path": ["monitoring", "f7379159", "stderr"], "values": [{"value": "\r  1%|\u2588\u2588\u258b                                                                                                                                                                                | 56/3816 [00:55<36:26,  1.72it/s]", "step": null, "ts": 1741679147.0109036}]}, "version": 187, "at": 1741679147.0109036}
{"obj": {"type": "LogStrings", "path": ["monitoring", "f7379159", "stderr"], "values": [{"value": "\r  1%|\u2588\u2588\u258b                                                                                                                                                                                | 57/3816 [00:55<36:26,  1.72it/s]", "step": null, "ts": 1741679147.5931041}]}, "version": 188, "at": 1741679147.5931041}
{"obj": {"type": "LogStrings", "path": ["monitoring", "f7379159", "stderr"], "values": [{"value": "\r  2%|\u2588\u2588\u258b                                                                                                                                                                                | 58/3816 [00:56<36:42,  1.71it/s]", "step": null, "ts": 1741679148.188769}]}, "version": 189, "at": 1741679148.188769}
{"obj": {"type": "LogStrings", "path": ["monitoring", "f7379159", "stderr"], "values": [{"value": "\r  2%|\u2588\u2588\u258a                                                                                                                                                                                | 59/3816 [00:56<36:45,  1.70it/s]", "step": null, "ts": 1741679148.779347}]}, "version": 190, "at": 1741679148.779347}
{"obj": {"type": "LogStrings", "path": ["monitoring", "f7379159", "stderr"], "values": [{"value": "\r  2%|\u2588\u2588\u258a                                                                                                                                                                                | 60/3816 [00:57<36:42,  1.71it/s]", "step": null, "ts": 1741679149.3634987}]}, "version": 191, "at": 1741679149.3634987}
{"obj": {"type": "LogStrings", "path": ["monitoring", "f7379159", "stderr"], "values": [{"value": "\r  2%|\u2588\u2588\u258a                                                                                                                                                                                | 61/3816 [00:57<36:46,  1.70it/s]", "step": null, "ts": 1741679149.953914}]}, "version": 192, "at": 1741679149.953914}
{"obj": {"type": "LogStrings", "path": ["monitoring", "f7379159", "stderr"], "values": [{"value": "\r  2%|\u2588\u2588\u2589                                                                                                                                                                                | 62/3816 [00:58<36:42,  1.70it/s]", "step": null, "ts": 1741679150.5381453}]}, "version": 193, "at": 1741679150.5381453}
{"obj": {"type": "LogFloats", "path": ["monitoring", "f7379159", "cpu"], "values": [{"value": 9.4, "step": null, "ts": 1741679151.0174236}]}, "version": 194, "at": 1741679151.0174236}
{"obj": {"type": "LogFloats", "path": ["monitoring", "f7379159", "memory"], "values": [{"value": 10.928359985351562, "step": null, "ts": 1741679151.0174236}]}, "version": 195, "at": 1741679151.0174236}
{"obj": {"type": "LogFloats", "path": ["monitoring", "f7379159", "gpu"], "values": [{"value": 97.0, "step": null, "ts": 1741679151.0174236}]}, "version": 196, "at": 1741679151.0174236}
{"obj": {"type": "LogFloats", "path": ["monitoring", "f7379159", "gpu_memory"], "values": [{"value": 2.877368927001953, "step": null, "ts": 1741679151.0174236}]}, "version": 197, "at": 1741679151.0174236}
{"obj": {"type": "LogStrings", "path": ["monitoring", "f7379159", "stderr"], "values": [{"value": "\r  2%|\u2588\u2588\u2589                                                                                                                                                                                | 63/3816 [00:59<36:46,  1.70it/s]", "step": null, "ts": 1741679151.1313925}]}, "version": 198, "at": 1741679151.1313925}
{"obj": {"type": "LogStrings", "path": ["monitoring", "f7379159", "stderr"], "values": [{"value": "\r  2%|\u2588\u2588\u2588                                                                                                                                                                                | 64/3816 [00:59<36:42,  1.70it/s]", "step": null, "ts": 1741679151.7144399}]}, "version": 199, "at": 1741679151.7144399}
{"obj": {"type": "LogStrings", "path": ["monitoring", "f7379159", "stderr"], "values": [{"value": "\r  2%|\u2588\u2588\u2588                                                                                                                                                                                | 65/3816 [01:00<36:52,  1.70it/s]", "step": null, "ts": 1741679152.3105552}]}, "version": 200, "at": 1741679152.3105552}
{"obj": {"type": "LogStrings", "path": ["monitoring", "f7379159", "stderr"], "values": [{"value": "\r  2%|\u2588\u2588\u2588                                                                                                                                                                                | 66/3816 [01:00<36:42,  1.70it/s]", "step": null, "ts": 1741679152.89969}]}, "version": 201, "at": 1741679152.89969}
{"obj": {"type": "LogStrings", "path": ["monitoring", "f7379159", "stderr"], "values": [{"value": "\r  2%|\u2588\u2588\u2588\u258f                                                                                                                                                                               | 67/3816 [01:01<36:50,  1.70it/s]", "step": null, "ts": 1741679153.487351}]}, "version": 202, "at": 1741679153.487351}
{"obj": {"type": "LogStrings", "path": ["monitoring", "f7379159", "stderr"], "values": [{"value": "\r  2%|\u2588\u2588\u2588\u258f                                                                                                                                                                               | 68/3816 [01:02<36:53,  1.69it/s]", "step": null, "ts": 1741679154.0846546}]}, "version": 203, "at": 1741679154.0846546}
{"obj": {"type": "LogStrings", "path": ["monitoring", "f7379159", "stderr"], "values": [{"value": "\r  2%|\u2588\u2588\u2588\u258f                                                                                                                                                                               | 69/3816 [01:02<36:57,  1.69it/s]", "step": null, "ts": 1741679154.6750236}]}, "version": 204, "at": 1741679154.6750236}
{"obj": {"type": "LogStrings", "path": ["monitoring", "f7379159", "stderr"], "values": [{"value": "\r  2%|\u2588\u2588\u2588\u258e                                                                                                                                                                               | 70/3816 [01:03<36:49,  1.70it/s]", "step": null, "ts": 1741679155.260118}]}, "version": 205, "at": 1741679155.260118}
{"obj": {"type": "LogStrings", "path": ["monitoring", "f7379159", "stderr"], "values": [{"value": "\r  2%|\u2588\u2588\u2588\u258e                                                                                                                                                                               | 71/3816 [01:03<36:53,  1.69it/s]", "step": null, "ts": 1741679155.860704}]}, "version": 206, "at": 1741679155.860704}
{"obj": {"type": "LogStrings", "path": ["monitoring", "f7379159", "stderr"], "values": [{"value": "\r  2%|\u2588\u2588\u2588\u258d                                                                                                                                                                               | 72/3816 [01:04<36:56,  1.69it/s]", "step": null, "ts": 1741679156.4486299}]}, "version": 207, "at": 1741679156.4486299}
{"obj": {"type": "LogStrings", "path": ["monitoring", "f7379159", "stderr"], "values": [{"value": "\r  2%|\u2588\u2588\u2588\u258d                                                                                                                                                                               | 73/3816 [01:05<36:52,  1.69it/s]", "step": null, "ts": 1741679157.0372534}]}, "version": 208, "at": 1741679157.0372534}
{"obj": {"type": "LogStrings", "path": ["monitoring", "f7379159", "stderr"], "values": [{"value": "\r  2%|\u2588\u2588\u2588\u258d                                                                                                                                                                               | 74/3816 [01:05<36:49,  1.69it/s]", "step": null, "ts": 1741679157.6260283}]}, "version": 209, "at": 1741679157.6260283}
{"obj": {"type": "LogStrings", "path": ["monitoring", "f7379159", "stderr"], "values": [{"value": "\r  2%|\u2588\u2588\u2588\u258c                                                                                                                                                                               | 75/3816 [01:06<36:39,  1.70it/s]", "step": null, "ts": 1741679158.208709}]}, "version": 210, "at": 1741679158.208709}
{"obj": {"type": "LogStrings", "path": ["monitoring", "f7379159", "stderr"], "values": [{"value": "\r  2%|\u2588\u2588\u2588\u258c                                                                                                                                                                               | 76/3816 [01:06<36:42,  1.70it/s]", "step": null, "ts": 1741679158.8056438}]}, "version": 211, "at": 1741679158.8056438}
{"obj": {"type": "LogStrings", "path": ["monitoring", "f7379159", "stderr"], "values": [{"value": "\r  2%|\u2588\u2588\u2588\u258c                                                                                                                                                                               | 77/3816 [01:07<36:48,  1.69it/s]", "step": null, "ts": 1741679159.3939247}]}, "version": 212, "at": 1741679159.3939247}
{"obj": {"type": "LogStrings", "path": ["monitoring", "f7379159", "stderr"], "values": [{"value": "\r  2%|\u2588\u2588\u2588\u258b                                                                                                                                                                               | 78/3816 [01:08<36:39,  1.70it/s]", "step": null, "ts": 1741679159.976958}]}, "version": 213, "at": 1741679159.976958}
{"obj": {"type": "LogStrings", "path": ["monitoring", "f7379159", "stderr"], "values": [{"value": "\r  2%|\u2588\u2588\u2588\u258b                                                                                                                                                                               | 79/3816 [01:08<36:55,  1.69it/s]", "step": null, "ts": 1741679160.5806298}]}, "version": 214, "at": 1741679160.5806298}
{"obj": {"type": "LogFloats", "path": ["monitoring", "f7379159", "cpu"], "values": [{"value": 9.0, "step": null, "ts": 1741679161.0256667}]}, "version": 215, "at": 1741679161.0256667}
{"obj": {"type": "LogFloats", "path": ["monitoring", "f7379159", "memory"], "values": [{"value": 10.928001403808594, "step": null, "ts": 1741679161.0256667}]}, "version": 216, "at": 1741679161.0256667}
{"obj": {"type": "LogFloats", "path": ["monitoring", "f7379159", "gpu"], "values": [{"value": 97.0, "step": null, "ts": 1741679161.0256667}]}, "version": 217, "at": 1741679161.0256667}
{"obj": {"type": "LogFloats", "path": ["monitoring", "f7379159", "gpu_memory"], "values": [{"value": 2.877368927001953, "step": null, "ts": 1741679161.0256667}]}, "version": 218, "at": 1741679161.0256667}
{"obj": {"type": "LogStrings", "path": ["monitoring", "f7379159", "stderr"], "values": [{"value": "\r  2%|\u2588\u2588\u2588\u258a                                                                                                                                                                               | 80/3816 [01:09<36:50,  1.69it/s]", "step": null, "ts": 1741679161.1689827}]}, "version": 219, "at": 1741679161.1689827}
{"obj": {"type": "LogStrings", "path": ["monitoring", "f7379159", "stderr"], "values": [{"value": "\r  2%|\u2588\u2588\u2588\u258a                                                                                                                                                                               | 81/3816 [01:09<36:49,  1.69it/s]", "step": null, "ts": 1741679161.760854}]}, "version": 220, "at": 1741679161.760854}
{"obj": {"type": "LogStrings", "path": ["monitoring", "f7379159", "stderr"], "values": [{"value": "\r  2%|\u2588\u2588\u2588\u258a                                                                                                                                                                               | 82/3816 [01:10<36:49,  1.69it/s]", "step": null, "ts": 1741679162.3527489}]}, "version": 221, "at": 1741679162.3527489}
{"obj": {"type": "LogStrings", "path": ["monitoring", "f7379159", "stderr"], "values": [{"value": "\r  2%|\u2588\u2588\u2588\u2589                                                                                                                                                                               | 83/3816 [01:10<36:53,  1.69it/s]", "step": null, "ts": 1741679162.948749}]}, "version": 222, "at": 1741679162.948749}
{"obj": {"type": "LogStrings", "path": ["monitoring", "f7379159", "stderr"], "values": [{"value": "\r  2%|\u2588\u2588\u2588\u2589                                                                                                                                                                               | 84/3816 [01:11<36:55,  1.68it/s]", "step": null, "ts": 1741679163.5437915}]}, "version": 223, "at": 1741679163.5437915}
{"obj": {"type": "LogStrings", "path": ["monitoring", "f7379159", "stderr"], "values": [{"value": "\r  2%|\u2588\u2588\u2588\u2589                                                                                                                                                                               | 85/3816 [01:12<36:42,  1.69it/s]", "step": null, "ts": 1741679164.1268613}]}, "version": 224, "at": 1741679164.1268613}
{"obj": {"type": "LogStrings", "path": ["monitoring", "f7379159", "stderr"], "values": [{"value": "\r  2%|\u2588\u2588\u2588\u2588                                                                                                                                                                               | 86/3816 [01:12<36:44,  1.69it/s]", "step": null, "ts": 1741679164.7188952}]}, "version": 225, "at": 1741679164.7188952}
{"obj": {"type": "LogStrings", "path": ["monitoring", "f7379159", "stderr"], "values": [{"value": "\r  2%|\u2588\u2588\u2588\u2588                                                                                                                                                                               | 87/3816 [01:13<36:46,  1.69it/s]", "step": null, "ts": 1741679165.3174784}]}, "version": 226, "at": 1741679165.3174784}
{"obj": {"type": "LogStrings", "path": ["monitoring", "f7379159", "stderr"], "values": [{"value": "\r  2%|\u2588\u2588\u2588\u2588\u258f                                                                                                                                                                              | 88/3816 [01:13<36:44,  1.69it/s]", "step": null, "ts": 1741679165.9030764}]}, "version": 227, "at": 1741679165.9030764}
{"obj": {"type": "LogStrings", "path": ["monitoring", "f7379159", "stderr"], "values": [{"value": "\r  2%|\u2588\u2588\u2588\u2588\u258f                                                                                                                                                                              | 89/3816 [01:14<36:46,  1.69it/s]", "step": null, "ts": 1741679166.4968734}]}, "version": 228, "at": 1741679166.4968734}
{"obj": {"type": "LogStrings", "path": ["monitoring", "f7379159", "stderr"], "values": [{"value": "\r  2%|\u2588\u2588\u2588\u2588\u258f                                                                                                                                                                              | 90/3816 [01:15<36:49,  1.69it/s]", "step": null, "ts": 1741679167.0915856}]}, "version": 229, "at": 1741679167.0915856}
{"obj": {"type": "LogStrings", "path": ["monitoring", "f7379159", "stderr"], "values": [{"value": "\r  2%|\u2588\u2588\u2588\u2588\u258e                                                                                                                                                                              | 91/3816 [01:15<36:41,  1.69it/s]", "step": null, "ts": 1741679167.6781845}]}, "version": 230, "at": 1741679167.6781845}
{"obj": {"type": "LogStrings", "path": ["monitoring", "f7379159", "stderr"], "values": [{"value": "\r  2%|\u2588\u2588\u2588\u2588\u258e                                                                                                                                                                              | 92/3816 [01:16<36:38,  1.69it/s]", "step": null, "ts": 1741679168.2670646}]}, "version": 231, "at": 1741679168.2670646}
{"obj": {"type": "LogStrings", "path": ["monitoring", "f7379159", "stderr"], "values": [{"value": "\r  2%|\u2588\u2588\u2588\u2588\u258e                                                                                                                                                                              | 93/3816 [01:16<36:45,  1.69it/s]", "step": null, "ts": 1741679168.8646317}]}, "version": 232, "at": 1741679168.8646317}
{"obj": {"type": "LogStrings", "path": ["monitoring", "f7379159", "stderr"], "values": [{"value": "\r  2%|\u2588\u2588\u2588\u2588\u258d                                                                                                                                                                              | 94/3816 [01:17<36:44,  1.69it/s]", "step": null, "ts": 1741679169.456425}]}, "version": 233, "at": 1741679169.456425}
{"obj": {"type": "LogStrings", "path": ["monitoring", "f7379159", "stderr"], "values": [{"value": "\r  2%|\u2588\u2588\u2588\u2588\u258d                                                                                                                                                                              | 95/3816 [01:18<36:33,  1.70it/s]", "step": null, "ts": 1741679170.0392036}]}, "version": 234, "at": 1741679170.0493267}
{"obj": {"type": "LogStrings", "path": ["monitoring", "f7379159", "stderr"], "values": [{"value": "\r  3%|\u2588\u2588\u2588\u2588\u258c                                                                                                                                                                              | 96/3816 [01:18<36:36,  1.69it/s]", "step": null, "ts": 1741679170.6320748}]}, "version": 235, "at": 1741679170.6320748}
{"obj": {"type": "LogFloats", "path": ["monitoring", "f7379159", "cpu"], "values": [{"value": 9.2, "step": null, "ts": 1741679171.0367913}]}, "version": 236, "at": 1741679171.0376453}
{"obj": {"type": "LogFloats", "path": ["monitoring", "f7379159", "memory"], "values": [{"value": 10.927261352539062, "step": null, "ts": 1741679171.0367913}]}, "version": 237, "at": 1741679171.0376453}
{"obj": {"type": "LogFloats", "path": ["monitoring", "f7379159", "gpu"], "values": [{"value": 97.0, "step": null, "ts": 1741679171.0367913}]}, "version": 238, "at": 1741679171.0376453}
{"obj": {"type": "LogFloats", "path": ["monitoring", "f7379159", "gpu_memory"], "values": [{"value": 2.877368927001953, "step": null, "ts": 1741679171.0367913}]}, "version": 239, "at": 1741679171.0376453}
{"obj": {"type": "LogStrings", "path": ["monitoring", "f7379159", "stderr"], "values": [{"value": "\r  3%|\u2588\u2588\u2588\u2588\u258c                                                                                                                                                                              | 97/3816 [01:19<36:34,  1.69it/s]", "step": null, "ts": 1741679171.2210174}]}, "version": 240, "at": 1741679171.2210174}
{"obj": {"type": "LogStrings", "path": ["monitoring", "f7379159", "stderr"], "values": [{"value": "\r  3%|\u2588\u2588\u2588\u2588\u258c                                                                                                                                                                              | 98/3816 [01:19<36:44,  1.69it/s]", "step": null, "ts": 1741679171.8208725}]}, "version": 241, "at": 1741679171.8208725}
{"obj": {"type": "LogStrings", "path": ["monitoring", "f7379159", "stderr"], "values": [{"value": "\r  3%|\u2588\u2588\u2588\u2588\u258b                                                                                                                                                                              | 99/3816 [01:20<36:44,  1.69it/s]", "step": null, "ts": 1741679172.4138057}]}, "version": 242, "at": 1741679172.4138057}
{"obj": {"type": "LogStrings", "path": ["monitoring", "f7379159", "stderr"], "values": [{"value": "\r  3%|\u2588\u2588\u2588\u2588\u258b                                                                                                                                                                             | 100/3816 [01:21<36:44,  1.69it/s]", "step": null, "ts": 1741679173.0082269}]}, "version": 243, "at": 1741679173.0082269}
{"obj": {"type": "LogStrings", "path": ["monitoring", "f7379159", "stderr"], "values": [{"value": "\r  3%|\u2588\u2588\u2588\u2588\u258b                                                                                                                                                                             | 101/3816 [01:21<36:43,  1.69it/s]", "step": null, "ts": 1741679173.60015}]}, "version": 244, "at": 1741679173.60015}
{"obj": {"type": "LogStrings", "path": ["monitoring", "f7379159", "stderr"], "values": [{"value": "\r  3%|\u2588\u2588\u2588\u2588\u258a                                                                                                                                                                             | 102/3816 [01:22<36:44,  1.68it/s]", "step": null, "ts": 1741679174.1962578}]}, "version": 245, "at": 1741679174.1962578}
{"obj": {"type": "LogStrings", "path": ["monitoring", "f7379159", "stderr"], "values": [{"value": "\r  3%|\u2588\u2588\u2588\u2588\u258a                                                                                                                                                                             | 103/3816 [01:22<36:45,  1.68it/s]", "step": null, "ts": 1741679174.790007}]}, "version": 246, "at": 1741679174.790007}
{"obj": {"type": "LogStrings", "path": ["monitoring", "f7379159", "stderr"], "values": [{"value": "\r  3%|\u2588\u2588\u2588\u2588\u258a                                                                                                                                                                             | 104/3816 [01:23<36:39,  1.69it/s]", "step": null, "ts": 1741679175.3796306}]}, "version": 247, "at": 1741679175.3796306}
{"obj": {"type": "LogStrings", "path": ["monitoring", "f7379159", "stderr"], "values": [{"value": "\r  3%|\u2588\u2588\u2588\u2588\u2589                                                                                                                                                                             | 105/3816 [01:24<36:48,  1.68it/s]", "step": null, "ts": 1741679175.9804137}]}, "version": 248, "at": 1741679175.9804137}
{"obj": {"type": "LogStrings", "path": ["monitoring", "f7379159", "stderr"], "values": [{"value": "\r  3%|\u2588\u2588\u2588\u2588\u2589                                                                                                                                                                             | 106/3816 [01:24<36:52,  1.68it/s]", "step": null, "ts": 1741679176.5795078}]}, "version": 249, "at": 1741679176.5795078}
{"obj": {"type": "LogStrings", "path": ["monitoring", "f7379159", "stderr"], "values": [{"value": "\r  3%|\u2588\u2588\u2588\u2588\u2589                                                                                                                                                                             | 107/3816 [01:25<37:31,  1.65it/s]", "step": null, "ts": 1741679177.2111557}]}, "version": 250, "at": 1741679177.2111557}
{"obj": {"type": "LogStrings", "path": ["monitoring", "f7379159", "stderr"], "values": [{"value": "\r  3%|\u2588\u2588\u2588\u2588\u2588                                                                                                                                                                             | 108/3816 [01:25<37:15,  1.66it/s]", "step": null, "ts": 1741679177.8044062}]}, "version": 251, "at": 1741679177.8044062}
{"obj": {"type": "LogStrings", "path": ["monitoring", "f7379159", "stderr"], "values": [{"value": "\r  3%|\u2588\u2588\u2588\u2588\u2588                                                                                                                                                                             | 109/3816 [01:26<37:18,  1.66it/s]", "step": null, "ts": 1741679178.412861}]}, "version": 252, "at": 1741679178.412861}
{"obj": {"type": "LogStrings", "path": ["monitoring", "f7379159", "stderr"], "values": [{"value": "\r  3%|\u2588\u2588\u2588\u2588\u2588\u258f                                                                                                                                                                            | 110/3816 [01:27<37:15,  1.66it/s]", "step": null, "ts": 1741679179.0120494}]}, "version": 253, "at": 1741679179.0120494}
{"obj": {"type": "LogStrings", "path": ["monitoring", "f7379159", "stderr"], "values": [{"value": "\r  3%|\u2588\u2588\u2588\u2588\u2588\u258f                                                                                                                                                                            | 111/3816 [01:27<37:05,  1.66it/s]", "step": null, "ts": 1741679179.607097}]}, "version": 254, "at": 1741679179.607097}
{"obj": {"type": "LogStrings", "path": ["monitoring", "f7379159", "stderr"], "values": [{"value": "\r  3%|\u2588\u2588\u2588\u2588\u2588\u258f                                                                                                                                                                            | 112/3816 [01:28<37:01,  1.67it/s]", "step": null, "ts": 1741679180.204563}]}, "version": 255, "at": 1741679180.204563}
{"obj": {"type": "LogStrings", "path": ["monitoring", "f7379159", "stderr"], "values": [{"value": "\r  3%|\u2588\u2588\u2588\u2588\u2588\u258e                                                                                                                                                                            | 113/3816 [01:28<36:52,  1.67it/s]", "step": null, "ts": 1741679180.7964158}]}, "version": 256, "at": 1741679180.7964158}
{"obj": {"type": "LogFloats", "path": ["monitoring", "f7379159", "cpu"], "values": [{"value": 9.7, "step": null, "ts": 1741679181.040225}]}, "version": 257, "at": 1741679181.0425012}
{"obj": {"type": "LogFloats", "path": ["monitoring", "f7379159", "memory"], "values": [{"value": 10.905231475830078, "step": null, "ts": 1741679181.040225}]}, "version": 258, "at": 1741679181.0425012}
{"obj": {"type": "LogFloats", "path": ["monitoring", "f7379159", "gpu"], "values": [{"value": 98.0, "step": null, "ts": 1741679181.040225}]}, "version": 259, "at": 1741679181.0425012}
{"obj": {"type": "LogFloats", "path": ["monitoring", "f7379159", "gpu_memory"], "values": [{"value": 2.877368927001953, "step": null, "ts": 1741679181.040225}]}, "version": 260, "at": 1741679181.0425012}
{"obj": {"type": "LogStrings", "path": ["monitoring", "f7379159", "stderr"], "values": [{"value": "\r  3%|\u2588\u2588\u2588\u2588\u2588\u258e                                                                                                                                                                            | 114/3816 [01:29<36:49,  1.68it/s]", "step": null, "ts": 1741679181.3918352}]}, "version": 261, "at": 1741679181.3918352}
{"obj": {"type": "LogStrings", "path": ["monitoring", "f7379159", "stderr"], "values": [{"value": "\r  3%|\u2588\u2588\u2588\u2588\u2588\u258e                                                                                                                                                                            | 115/3816 [01:30<36:55,  1.67it/s]", "step": null, "ts": 1741679181.9943285}]}, "version": 262, "at": 1741679181.9943285}
{"obj": {"type": "LogStrings", "path": ["monitoring", "f7379159", "stderr"], "values": [{"value": "\r  3%|\u2588\u2588\u2588\u2588\u2588\u258d                                                                                                                                                                            | 116/3816 [01:30<36:50,  1.67it/s]", "step": null, "ts": 1741679182.5895708}]}, "version": 263, "at": 1741679182.5895708}
{"obj": {"type": "LogStrings", "path": ["monitoring", "f7379159", "stderr"], "values": [{"value": "\r  3%|\u2588\u2588\u2588\u2588\u2588\u258d                                                                                                                                                                            | 117/3816 [01:31<36:56,  1.67it/s]", "step": null, "ts": 1741679183.1925876}]}, "version": 264, "at": 1741679183.1925876}
{"obj": {"type": "LogStrings", "path": ["monitoring", "f7379159", "stderr"], "values": [{"value": "\r  3%|\u2588\u2588\u2588\u2588\u2588\u258c                                                                                                                                                                            | 118/3816 [01:31<36:59,  1.67it/s]", "step": null, "ts": 1741679183.7951674}]}, "version": 265, "at": 1741679183.7951674}
{"obj": {"type": "LogStrings", "path": ["monitoring", "f7379159", "stderr"], "values": [{"value": "\r  3%|\u2588\u2588\u2588\u2588\u2588\u258c                                                                                                                                                                            | 119/3816 [01:32<36:52,  1.67it/s]", "step": null, "ts": 1741679184.3925548}]}, "version": 266, "at": 1741679184.3925548}
{"obj": {"type": "LogStrings", "path": ["monitoring", "f7379159", "stderr"], "values": [{"value": "\r  3%|\u2588\u2588\u2588\u2588\u2588\u258c                                                                                                                                                                            | 120/3816 [01:33<36:54,  1.67it/s]", "step": null, "ts": 1741679184.9906173}]}, "version": 267, "at": 1741679184.9906173}
{"obj": {"type": "LogStrings", "path": ["monitoring", "f7379159", "stderr"], "values": [{"value": "\r  3%|\u2588\u2588\u2588\u2588\u2588\u258b                                                                                                                                                                            | 121/3816 [01:33<36:49,  1.67it/s]", "step": null, "ts": 1741679185.5858355}]}, "version": 268, "at": 1741679185.5858355}
{"obj": {"type": "LogStrings", "path": ["monitoring", "f7379159", "stderr"], "values": [{"value": "\r  3%|\u2588\u2588\u2588\u2588\u2588\u258b                                                                                                                                                                            | 122/3816 [01:34<36:40,  1.68it/s]", "step": null, "ts": 1741679186.182688}]}, "version": 269, "at": 1741679186.182688}
{"obj": {"type": "LogStrings", "path": ["monitoring", "f7379159", "stderr"], "values": [{"value": "\r  3%|\u2588\u2588\u2588\u2588\u2588\u258b                                                                                                                                                                            | 123/3816 [01:34<36:51,  1.67it/s]", "step": null, "ts": 1741679186.782506}]}, "version": 270, "at": 1741679186.782506}
{"obj": {"type": "LogStrings", "path": ["monitoring", "f7379159", "stderr"], "values": [{"value": "\r  3%|\u2588\u2588\u2588\u2588\u2588\u258a                                                                                                                                                                            | 124/3816 [01:35<36:47,  1.67it/s]", "step": null, "ts": 1741679187.3837686}]}, "version": 271, "at": 1741679187.3837686}
{"obj": {"type": "LogStrings", "path": ["monitoring", "f7379159", "stderr"], "values": [{"value": "\r  3%|\u2588\u2588\u2588\u2588\u2588\u258a                                                                                                                                                                            | 125/3816 [01:36<36:55,  1.67it/s]", "step": null, "ts": 1741679187.9838085}]}, "version": 272, "at": 1741679187.9838085}
{"obj": {"type": "LogStrings", "path": ["monitoring", "f7379159", "stderr"], "values": [{"value": "\r  3%|\u2588\u2588\u2588\u2588\u2588\u2589                                                                                                                                                                            | 126/3816 [01:36<36:42,  1.68it/s]", "step": null, "ts": 1741679188.5725877}]}, "version": 273, "at": 1741679188.5725877}
{"obj": {"type": "LogStrings", "path": ["monitoring", "f7379159", "stderr"], "values": [{"value": "\r  3%|\u2588\u2588\u2588\u2588\u2588\u2589                                                                                                                                                                            | 127/3816 [01:37<36:47,  1.67it/s]", "step": null, "ts": 1741679189.1744006}]}, "version": 274, "at": 1741679189.1744006}
{"obj": {"type": "LogStrings", "path": ["monitoring", "f7379159", "stderr"], "values": [{"value": "\r  3%|\u2588\u2588\u2588\u2588\u2588\u2589                                                                                                                                                                            | 128/3816 [01:37<36:58,  1.66it/s]", "step": null, "ts": 1741679189.7834287}]}, "version": 275, "at": 1741679189.7834287}
{"obj": {"type": "LogStrings", "path": ["monitoring", "f7379159", "stderr"], "values": [{"value": "\r  3%|\u2588\u2588\u2588\u2588\u2588\u2588                                                                                                                                                                            | 129/3816 [01:38<36:52,  1.67it/s]", "step": null, "ts": 1741679190.3804624}]}, "version": 276, "at": 1741679190.3804624}
{"obj": {"type": "LogStrings", "path": ["monitoring", "f7379159", "stderr"], "values": [{"value": "\r  3%|\u2588\u2588\u2588\u2588\u2588\u2588                                                                                                                                                                            | 130/3816 [01:39<36:50,  1.67it/s]", "step": null, "ts": 1741679190.979105}]}, "version": 277, "at": 1741679190.979105}
{"obj": {"type": "LogFloats", "path": ["monitoring", "f7379159", "cpu"], "values": [{"value": 8.9, "step": null, "ts": 1741679191.0562859}]}, "version": 278, "at": 1741679191.0585659}
{"obj": {"type": "LogFloats", "path": ["monitoring", "f7379159", "memory"], "values": [{"value": 10.869529724121094, "step": null, "ts": 1741679191.0562859}]}, "version": 279, "at": 1741679191.0595722}
{"obj": {"type": "LogFloats", "path": ["monitoring", "f7379159", "gpu"], "values": [{"value": 98.0, "step": null, "ts": 1741679191.0562859}]}, "version": 280, "at": 1741679191.0595722}
{"obj": {"type": "LogFloats", "path": ["monitoring", "f7379159", "gpu_memory"], "values": [{"value": 2.877368927001953, "step": null, "ts": 1741679191.0562859}]}, "version": 281, "at": 1741679191.0595722}
{"obj": {"type": "LogStrings", "path": ["monitoring", "f7379159", "stderr"], "values": [{"value": "\r  3%|\u2588\u2588\u2588\u2588\u2588\u2588                                                                                                                                                                            | 131/3816 [01:39<36:52,  1.67it/s]", "step": null, "ts": 1741679191.581581}]}, "version": 282, "at": 1741679191.581581}
{"obj": {"type": "LogStrings", "path": ["monitoring", "f7379159", "stderr"], "values": [{"value": "\r  3%|\u2588\u2588\u2588\u2588\u2588\u2588\u258f                                                                                                                                                                           | 132/3816 [01:40<37:02,  1.66it/s]", "step": null, "ts": 1741679192.1915746}]}, "version": 283, "at": 1741679192.1915746}
{"obj": {"type": "LogStrings", "path": ["monitoring", "f7379159", "stderr"], "values": [{"value": "\r  3%|\u2588\u2588\u2588\u2588\u2588\u2588\u258f                                                                                                                                                                           | 133/3816 [01:40<37:48,  1.62it/s]", "step": null, "ts": 1741679192.841732}]}, "version": 284, "at": 1741679192.841732}
{"obj": {"type": "LogStrings", "path": ["monitoring", "f7379159", "stderr"], "values": [{"value": "\r  4%|\u2588\u2588\u2588\u2588\u2588\u2588\u258e                                                                                                                                                                           | 134/3816 [01:41<37:43,  1.63it/s]", "step": null, "ts": 1741679193.4483654}]}, "version": 285, "at": 1741679193.4483654}
{"obj": {"type": "LogStrings", "path": ["monitoring", "f7379159", "stderr"], "values": [{"value": "\r  4%|\u2588\u2588\u2588\u2588\u2588\u2588\u258e                                                                                                                                                                           | 135/3816 [01:42<37:26,  1.64it/s]", "step": null, "ts": 1741679194.0549245}]}, "version": 286, "at": 1741679194.0549245}
{"obj": {"type": "LogStrings", "path": ["monitoring", "f7379159", "stderr"], "values": [{"value": "\r  4%|\u2588\u2588\u2588\u2588\u2588\u2588\u258e                                                                                                                                                                           | 136/3816 [01:42<37:27,  1.64it/s]", "step": null, "ts": 1741679194.6598177}]}, "version": 287, "at": 1741679194.6598177}
{"obj": {"type": "LogStrings", "path": ["monitoring", "f7379159", "stderr"], "values": [{"value": "\r  4%|\u2588\u2588\u2588\u2588\u2588\u2588\u258d                                                                                                                                                                           | 137/3816 [01:43<37:20,  1.64it/s]", "step": null, "ts": 1741679195.2647913}]}, "version": 288, "at": 1741679195.2647913}
{"obj": {"type": "LogStrings", "path": ["monitoring", "f7379159", "stderr"], "values": [{"value": "\r  4%|\u2588\u2588\u2588\u2588\u2588\u2588\u258d                                                                                                                                                                           | 138/3816 [01:43<37:13,  1.65it/s]", "step": null, "ts": 1741679195.8679237}]}, "version": 289, "at": 1741679195.8679237}
{"obj": {"type": "LogStrings", "path": ["monitoring", "f7379159", "stderr"], "values": [{"value": "\r  4%|\u2588\u2588\u2588\u2588\u2588\u2588\u258d                                                                                                                                                                           | 139/3816 [01:44<37:03,  1.65it/s]", "step": null, "ts": 1741679196.4722357}]}, "version": 290, "at": 1741679196.4722357}
{"obj": {"type": "LogStrings", "path": ["monitoring", "f7379159", "stderr"], "values": [{"value": "\r  4%|\u2588\u2588\u2588\u2588\u2588\u2588\u258c                                                                                                                                                                           | 140/3816 [01:45<37:03,  1.65it/s]", "step": null, "ts": 1741679197.0725513}]}, "version": 291, "at": 1741679197.0725513}
{"obj": {"type": "LogStrings", "path": ["monitoring", "f7379159", "stderr"], "values": [{"value": "\r  4%|\u2588\u2588\u2588\u2588\u2588\u2588\u258c                                                                                                                                                                           | 141/3816 [01:45<36:56,  1.66it/s]", "step": null, "ts": 1741679197.6713302}]}, "version": 292, "at": 1741679197.6713302}
{"obj": {"type": "LogStrings", "path": ["monitoring", "f7379159", "stderr"], "values": [{"value": "\r  4%|\u2588\u2588\u2588\u2588\u2588\u2588\u258c                                                                                                                                                                           | 142/3816 [01:46<36:56,  1.66it/s]", "step": null, "ts": 1741679198.2780092}]}, "version": 293, "at": 1741679198.2780092}
{"obj": {"type": "LogStrings", "path": ["monitoring", "f7379159", "stderr"], "values": [{"value": "\r  4%|\u2588\u2588\u2588\u2588\u2588\u2588\u258b                                                                                                                                                                           | 143/3816 [01:46<36:46,  1.66it/s]", "step": null, "ts": 1741679198.8698728}]}, "version": 294, "at": 1741679198.8698728}
{"obj": {"type": "LogStrings", "path": ["monitoring", "f7379159", "stderr"], "values": [{"value": "\r  4%|\u2588\u2588\u2588\u2588\u2588\u2588\u258b                                                                                                                                                                           | 144/3816 [01:47<36:54,  1.66it/s]", "step": null, "ts": 1741679199.4784205}]}, "version": 295, "at": 1741679199.4784205}
{"obj": {"type": "LogStrings", "path": ["monitoring", "f7379159", "stderr"], "values": [{"value": "\r  4%|\u2588\u2588\u2588\u2588\u2588\u2588\u258a                                                                                                                                                                           | 145/3816 [01:48<36:57,  1.66it/s]", "step": null, "ts": 1741679200.085195}]}, "version": 296, "at": 1741679200.085195}
{"obj": {"type": "LogStrings", "path": ["monitoring", "f7379159", "stderr"], "values": [{"value": "\r  4%|\u2588\u2588\u2588\u2588\u2588\u2588\u258a                                                                                                                                                                           | 146/3816 [01:48<37:02,  1.65it/s]", "step": null, "ts": 1741679200.6939085}]}, "version": 297, "at": 1741679200.6939085}
{"obj": {"type": "LogFloats", "path": ["monitoring", "f7379159", "cpu"], "values": [{"value": 9.2, "step": null, "ts": 1741679201.0654829}]}, "version": 298, "at": 1741679201.0675561}
{"obj": {"type": "LogFloats", "path": ["monitoring", "f7379159", "memory"], "values": [{"value": 10.980487823486328, "step": null, "ts": 1741679201.0654829}]}, "version": 299, "at": 1741679201.0675561}
{"obj": {"type": "LogFloats", "path": ["monitoring", "f7379159", "gpu"], "values": [{"value": 97.0, "step": null, "ts": 1741679201.0654829}]}, "version": 300, "at": 1741679201.0675561}
{"obj": {"type": "LogFloats", "path": ["monitoring", "f7379159", "gpu_memory"], "values": [{"value": 2.877368927001953, "step": null, "ts": 1741679201.0654829}]}, "version": 301, "at": 1741679201.0675561}
{"obj": {"type": "LogStrings", "path": ["monitoring", "f7379159", "stderr"], "values": [{"value": "\r  4%|\u2588\u2588\u2588\u2588\u2588\u2588\u258a                                                                                                                                                                           | 147/3816 [01:49<36:57,  1.65it/s]", "step": null, "ts": 1741679201.2957366}]}, "version": 302, "at": 1741679201.2957366}
{"obj": {"type": "LogStrings", "path": ["monitoring", "f7379159", "stderr"], "values": [{"value": "\r  4%|\u2588\u2588\u2588\u2588\u2588\u2588\u2589                                                                                                                                                                           | 148/3816 [01:49<36:57,  1.65it/s]", "step": null, "ts": 1741679201.9005823}]}, "version": 303, "at": 1741679201.9005823}
{"obj": {"type": "LogStrings", "path": ["monitoring", "f7379159", "stderr"], "values": [{"value": "\r  4%|\u2588\u2588\u2588\u2588\u2588\u2588\u2589                                                                                                                                                                           | 149/3816 [01:50<37:04,  1.65it/s]", "step": null, "ts": 1741679202.5116796}]}, "version": 304, "at": 1741679202.5116796}
{"obj": {"type": "LogStrings", "path": ["monitoring", "f7379159", "stderr"], "values": [{"value": "\r  4%|\u2588\u2588\u2588\u2588\u2588\u2588\u2589                                                                                                                                                                           | 150/3816 [01:51<37:03,  1.65it/s]", "step": null, "ts": 1741679203.118547}]}, "version": 305, "at": 1741679203.118547}
{"obj": {"type": "LogStrings", "path": ["monitoring", "f7379159", "stderr"], "values": [{"value": "\r  4%|\u2588\u2588\u2588\u2588\u2588\u2588\u2588                                                                                                                                                                           | 151/3816 [01:51<37:03,  1.65it/s]", "step": null, "ts": 1741679203.7254798}]}, "version": 306, "at": 1741679203.7254798}
{"obj": {"type": "LogStrings", "path": ["monitoring", "f7379159", "stderr"], "values": [{"value": "\r  4%|\u2588\u2588\u2588\u2588\u2588\u2588\u2588                                                                                                                                                                           | 152/3816 [01:52<36:51,  1.66it/s]", "step": null, "ts": 1741679204.3263397}]}, "version": 307, "at": 1741679204.3263397}
{"obj": {"type": "LogStrings", "path": ["monitoring", "f7379159", "stderr"], "values": [{"value": "\r  4%|\u2588\u2588\u2588\u2588\u2588\u2588\u2588\u258f                                                                                                                                                                          | 153/3816 [01:52<36:48,  1.66it/s]", "step": null, "ts": 1741679204.9235113}]}, "version": 308, "at": 1741679204.9235113}
{"obj": {"type": "LogStrings", "path": ["monitoring", "f7379159", "stderr"], "values": [{"value": "\r  4%|\u2588\u2588\u2588\u2588\u2588\u2588\u2588\u258f                                                                                                                                                                          | 154/3816 [01:53<36:52,  1.66it/s]", "step": null, "ts": 1741679205.5300508}]}, "version": 309, "at": 1741679205.5300508}
{"obj": {"type": "LogStrings", "path": ["monitoring", "f7379159", "stderr"], "values": [{"value": "\r  4%|\u2588\u2588\u2588\u2588\u2588\u2588\u2588\u258f                                                                                                                                                                          | 155/3816 [01:54<36:51,  1.66it/s]", "step": null, "ts": 1741679206.1341207}]}, "version": 310, "at": 1741679206.1341207}
{"obj": {"type": "LogStrings", "path": ["monitoring", "f7379159", "stderr"], "values": [{"value": "\r  4%|\u2588\u2588\u2588\u2588\u2588\u2588\u2588\u258e                                                                                                                                                                          | 156/3816 [01:54<37:00,  1.65it/s]", "step": null, "ts": 1741679206.746902}]}, "version": 311, "at": 1741679206.746902}
{"obj": {"type": "LogStrings", "path": ["monitoring", "f7379159", "stderr"], "values": [{"value": "\r  4%|\u2588\u2588\u2588\u2588\u2588\u2588\u2588\u258e                                                                                                                                                                          | 157/3816 [01:55<37:02,  1.65it/s]", "step": null, "ts": 1741679207.358382}]}, "version": 312, "at": 1741679207.358382}
{"obj": {"type": "LogStrings", "path": ["monitoring", "f7379159", "stderr"], "values": [{"value": "\r  4%|\u2588\u2588\u2588\u2588\u2588\u2588\u2588\u258e                                                                                                                                                                          | 158/3816 [01:56<37:01,  1.65it/s]", "step": null, "ts": 1741679207.9630346}]}, "version": 313, "at": 1741679207.9630346}
{"obj": {"type": "LogStrings", "path": ["monitoring", "f7379159", "stderr"], "values": [{"value": "\r  4%|\u2588\u2588\u2588\u2588\u2588\u2588\u2588\u258d                                                                                                                                                                          | 159/3816 [01:56<36:55,  1.65it/s]", "step": null, "ts": 1741679208.5656548}]}, "version": 314, "at": 1741679208.5656548}
{"obj": {"type": "LogStrings", "path": ["monitoring", "f7379159", "stderr"], "values": [{"value": "\r  4%|\u2588\u2588\u2588\u2588\u2588\u2588\u2588\u258d                                                                                                                                                                          | 160/3816 [01:57<37:04,  1.64it/s]", "step": null, "ts": 1741679209.1798317}]}, "version": 315, "at": 1741679209.1798317}
{"obj": {"type": "LogStrings", "path": ["monitoring", "f7379159", "stderr"], "values": [{"value": "\r  4%|\u2588\u2588\u2588\u2588\u2588\u2588\u2588\u258c                                                                                                                                                                          | 161/3816 [01:57<36:47,  1.66it/s]", "step": null, "ts": 1741679209.773785}]}, "version": 316, "at": 1741679209.773785}
{"obj": {"type": "LogStrings", "path": ["monitoring", "f7379159", "stderr"], "values": [{"value": "\r  4%|\u2588\u2588\u2588\u2588\u2588\u2588\u2588\u258c                                                                                                                                                                          | 162/3816 [01:58<36:58,  1.65it/s]", "step": null, "ts": 1741679210.3878706}]}, "version": 317, "at": 1741679210.3878706}
{"obj": {"type": "LogStrings", "path": ["monitoring", "f7379159", "stderr"], "values": [{"value": "\r  4%|\u2588\u2588\u2588\u2588\u2588\u2588\u2588\u258c                                                                                                                                                                          | 163/3816 [01:59<36:49,  1.65it/s]", "step": null, "ts": 1741679210.9979055}]}, "version": 318, "at": 1741679210.9979055}
{"obj": {"type": "LogFloats", "path": ["monitoring", "f7379159", "cpu"], "values": [{"value": 9.5, "step": null, "ts": 1741679211.071304}]}, "version": 319, "at": 1741679211.0733182}
{"obj": {"type": "LogFloats", "path": ["monitoring", "f7379159", "memory"], "values": [{"value": 10.96938705444336, "step": null, "ts": 1741679211.071304}]}, "version": 320, "at": 1741679211.0733182}
{"obj": {"type": "LogFloats", "path": ["monitoring", "f7379159", "gpu"], "values": [{"value": 98.0, "step": null, "ts": 1741679211.071304}]}, "version": 321, "at": 1741679211.0733182}
{"obj": {"type": "LogFloats", "path": ["monitoring", "f7379159", "gpu_memory"], "values": [{"value": 2.877368927001953, "step": null, "ts": 1741679211.071304}]}, "version": 322, "at": 1741679211.0733182}
{"obj": {"type": "LogStrings", "path": ["monitoring", "f7379159", "stderr"], "values": [{"value": "\r  4%|\u2588\u2588\u2588\u2588\u2588\u2588\u2588\u258b                                                                                                                                                                          | 164/3816 [01:59<36:54,  1.65it/s]", "step": null, "ts": 1741679211.603968}]}, "version": 323, "at": 1741679211.603968}
{"obj": {"type": "LogStrings", "path": ["monitoring", "f7379159", "stderr"], "values": [{"value": "\r  4%|\u2588\u2588\u2588\u2588\u2588\u2588\u2588\u258b                                                                                                                                                                          | 165/3816 [02:00<36:59,  1.65it/s]", "step": null, "ts": 1741679212.208795}]}, "version": 324, "at": 1741679212.208795}
{"obj": {"type": "LogStrings", "path": ["monitoring", "f7379159", "stderr"], "values": [{"value": "\r  4%|\u2588\u2588\u2588\u2588\u2588\u2588\u2588\u258b                                                                                                                                                                          | 166/3816 [02:00<36:51,  1.65it/s]", "step": null, "ts": 1741679212.8101919}]}, "version": 325, "at": 1741679212.8101919}
{"obj": {"type": "LogStrings", "path": ["monitoring", "f7379159", "stderr"], "values": [{"value": "\r  4%|\u2588\u2588\u2588\u2588\u2588\u2588\u2588\u258a                                                                                                                                                                          | 167/3816 [02:01<37:02,  1.64it/s]", "step": null, "ts": 1741679213.4265296}]}, "version": 326, "at": 1741679213.4265296}
{"obj": {"type": "LogStrings", "path": ["monitoring", "f7379159", "stderr"], "values": [{"value": "\r  4%|\u2588\u2588\u2588\u2588\u2588\u2588\u2588\u258a                                                                                                                                                                          | 168/3816 [02:02<36:57,  1.65it/s]", "step": null, "ts": 1741679214.031687}]}, "version": 327, "at": 1741679214.031687}
{"obj": {"type": "LogStrings", "path": ["monitoring", "f7379159", "stderr"], "values": [{"value": "\r  4%|\u2588\u2588\u2588\u2588\u2588\u2588\u2588\u2589                                                                                                                                                                          | 169/3816 [02:02<36:45,  1.65it/s]", "step": null, "ts": 1741679214.6287274}]}, "version": 328, "at": 1741679214.6287274}
{"obj": {"type": "LogStrings", "path": ["monitoring", "f7379159", "stderr"], "values": [{"value": "\r  4%|\u2588\u2588\u2588\u2588\u2588\u2588\u2588\u2589                                                                                                                                                                          | 170/3816 [02:03<36:56,  1.64it/s]", "step": null, "ts": 1741679215.2445922}]}, "version": 329, "at": 1741679215.2445922}
{"obj": {"type": "LogStrings", "path": ["monitoring", "f7379159", "stderr"], "values": [{"value": "\r  4%|\u2588\u2588\u2588\u2588\u2588\u2588\u2588\u2589                                                                                                                                                                          | 171/3816 [02:03<36:55,  1.64it/s]", "step": null, "ts": 1741679215.8524492}]}, "version": 330, "at": 1741679215.8524492}
{"obj": {"type": "LogStrings", "path": ["monitoring", "f7379159", "stderr"], "values": [{"value": "\r  5%|\u2588\u2588\u2588\u2588\u2588\u2588\u2588\u2588                                                                                                                                                                          | 172/3816 [02:04<36:50,  1.65it/s]", "step": null, "ts": 1741679216.45564}]}, "version": 331, "at": 1741679216.45564}
{"obj": {"type": "LogStrings", "path": ["monitoring", "f7379159", "stderr"], "values": [{"value": "\r  5%|\u2588\u2588\u2588\u2588\u2588\u2588\u2588\u2588                                                                                                                                                                          | 173/3816 [02:05<36:46,  1.65it/s]", "step": null, "ts": 1741679217.059812}]}, "version": 332, "at": 1741679217.059812}
{"obj": {"type": "LogStrings", "path": ["monitoring", "f7379159", "stderr"], "values": [{"value": "\r  5%|\u2588\u2588\u2588\u2588\u2588\u2588\u2588\u2588                                                                                                                                                                          | 174/3816 [02:05<36:59,  1.64it/s]", "step": null, "ts": 1741679217.6772842}]}, "version": 333, "at": 1741679217.6772842}
{"obj": {"type": "LogStrings", "path": ["monitoring", "f7379159", "stderr"], "values": [{"value": "\r  5%|\u2588\u2588\u2588\u2588\u2588\u2588\u2588\u2588\u258f                                                                                                                                                                         | 175/3816 [02:06<37:10,  1.63it/s]", "step": null, "ts": 1741679218.2973666}]}, "version": 334, "at": 1741679218.2973666}
{"obj": {"type": "LogStrings", "path": ["monitoring", "f7379159", "stderr"], "values": [{"value": "\r  5%|\u2588\u2588\u2588\u2588\u2588\u2588\u2588\u2588\u258f                                                                                                                                                                         | 176/3816 [02:06<37:13,  1.63it/s]", "step": null, "ts": 1741679218.9134643}]}, "version": 335, "at": 1741679218.9134643}
{"obj": {"type": "LogStrings", "path": ["monitoring", "f7379159", "stderr"], "values": [{"value": "\r  5%|\u2588\u2588\u2588\u2588\u2588\u2588\u2588\u2588\u258e                                                                                                                                                                         | 177/3816 [02:07<37:03,  1.64it/s]", "step": null, "ts": 1741679219.518107}]}, "version": 336, "at": 1741679219.518107}
{"obj": {"type": "LogStrings", "path": ["monitoring", "f7379159", "stderr"], "values": [{"value": "\r  5%|\u2588\u2588\u2588\u2588\u2588\u2588\u2588\u2588\u258e                                                                                                                                                                         | 178/3816 [02:08<37:18,  1.63it/s]", "step": null, "ts": 1741679220.1432986}]}, "version": 337, "at": 1741679220.1432986}
{"obj": {"type": "LogStrings", "path": ["monitoring", "f7379159", "stderr"], "values": [{"value": "\r  5%|\u2588\u2588\u2588\u2588\u2588\u2588\u2588\u2588\u258e                                                                                                                                                                         | 179/3816 [02:08<37:11,  1.63it/s]", "step": null, "ts": 1741679220.7530937}]}, "version": 338, "at": 1741679220.7530937}
{"obj": {"type": "LogFloats", "path": ["monitoring", "f7379159", "cpu"], "values": [{"value": 10.4, "step": null, "ts": 1741679221.0790732}]}, "version": 339, "at": 1741679221.0790732}
{"obj": {"type": "LogFloats", "path": ["monitoring", "f7379159", "memory"], "values": [{"value": 10.457588195800781, "step": null, "ts": 1741679221.0790732}]}, "version": 340, "at": 1741679221.0790732}
{"obj": {"type": "LogFloats", "path": ["monitoring", "f7379159", "gpu"], "values": [{"value": 97.0, "step": null, "ts": 1741679221.0790732}]}, "version": 341, "at": 1741679221.0790732}
{"obj": {"type": "LogFloats", "path": ["monitoring", "f7379159", "gpu_memory"], "values": [{"value": 2.877368927001953, "step": null, "ts": 1741679221.0790732}]}, "version": 342, "at": 1741679221.0790732}
{"obj": {"type": "LogStrings", "path": ["monitoring", "f7379159", "stderr"], "values": [{"value": "\r  5%|\u2588\u2588\u2588\u2588\u2588\u2588\u2588\u2588\u258d                                                                                                                                                                         | 180/3816 [02:09<37:09,  1.63it/s]", "step": null, "ts": 1741679221.3649833}]}, "version": 343, "at": 1741679221.3649833}
{"obj": {"type": "LogStrings", "path": ["monitoring", "f7379159", "stderr"], "values": [{"value": "\r  5%|\u2588\u2588\u2588\u2588\u2588\u2588\u2588\u2588\u258d                                                                                                                                                                         | 181/3816 [02:10<37:00,  1.64it/s]", "step": null, "ts": 1741679221.9711416}]}, "version": 344, "at": 1741679221.9711416}
{"obj": {"type": "LogStrings", "path": ["monitoring", "f7379159", "stderr"], "values": [{"value": "\r  5%|\u2588\u2588\u2588\u2588\u2588\u2588\u2588\u2588\u258d                                                                                                                                                                         | 182/3816 [02:10<36:56,  1.64it/s]", "step": null, "ts": 1741679222.5789485}]}, "version": 345, "at": 1741679222.5789485}
{"obj": {"type": "LogStrings", "path": ["monitoring", "f7379159", "stderr"], "values": [{"value": "\r  5%|\u2588\u2588\u2588\u2588\u2588\u2588\u2588\u2588\u258c                                                                                                                                                                         | 183/3816 [02:11<36:52,  1.64it/s]", "step": null, "ts": 1741679223.185741}]}, "version": 346, "at": 1741679223.185741}
{"obj": {"type": "LogStrings", "path": ["monitoring", "f7379159", "stderr"], "values": [{"value": "\r  5%|\u2588\u2588\u2588\u2588\u2588\u2588\u2588\u2588\u258c                                                                                                                                                                         | 184/3816 [02:11<36:50,  1.64it/s]", "step": null, "ts": 1741679223.793218}]}, "version": 347, "at": 1741679223.793218}
{"obj": {"type": "LogStrings", "path": ["monitoring", "f7379159", "stderr"], "values": [{"value": "\r  5%|\u2588\u2588\u2588\u2588\u2588\u2588\u2588\u2588\u258b                                                                                                                                                                         | 185/3816 [02:12<36:49,  1.64it/s]", "step": null, "ts": 1741679224.4013135}]}, "version": 348, "at": 1741679224.4013135}
{"obj": {"type": "LogStrings", "path": ["monitoring", "f7379159", "stderr"], "values": [{"value": "\r  5%|\u2588\u2588\u2588\u2588\u2588\u2588\u2588\u2588\u258b                                                                                                                                                                         | 186/3816 [02:13<36:55,  1.64it/s]", "step": null, "ts": 1741679225.0162506}]}, "version": 349, "at": 1741679225.0162506}
{"obj": {"type": "LogStrings", "path": ["monitoring", "f7379159", "stderr"], "values": [{"value": "\r  5%|\u2588\u2588\u2588\u2588\u2588\u2588\u2588\u2588\u258b                                                                                                                                                                         | 187/3816 [02:13<36:54,  1.64it/s]", "step": null, "ts": 1741679225.62666}]}, "version": 350, "at": 1741679225.62666}
{"obj": {"type": "LogStrings", "path": ["monitoring", "f7379159", "stderr"], "values": [{"value": "\r  5%|\u2588\u2588\u2588\u2588\u2588\u2588\u2588\u2588\u258a                                                                                                                                                                         | 188/3816 [02:14<36:44,  1.65it/s]", "step": null, "ts": 1741679226.237848}]}, "version": 351, "at": 1741679226.237848}
{"obj": {"type": "LogStrings", "path": ["monitoring", "f7379159", "stderr"], "values": [{"value": "\r  5%|\u2588\u2588\u2588\u2588\u2588\u2588\u2588\u2588\u258a                                                                                                                                                                         | 189/3816 [02:14<36:52,  1.64it/s]", "step": null, "ts": 1741679226.8429108}]}, "version": 352, "at": 1741679226.8429108}
{"obj": {"type": "LogStrings", "path": ["monitoring", "f7379159", "stderr"], "values": [{"value": "\r  5%|\u2588\u2588\u2588\u2588\u2588\u2588\u2588\u2588\u258a                                                                                                                                                                         | 190/3816 [02:15<36:46,  1.64it/s]", "step": null, "ts": 1741679227.449963}]}, "version": 353, "at": 1741679227.449963}
{"obj": {"type": "LogStrings", "path": ["monitoring", "f7379159", "stderr"], "values": [{"value": "\r  5%|\u2588\u2588\u2588\u2588\u2588\u2588\u2588\u2588\u2589                                                                                                                                                                         | 191/3816 [02:16<36:47,  1.64it/s]", "step": null, "ts": 1741679228.0579534}]}, "version": 354, "at": 1741679228.0579534}
{"obj": {"type": "LogStrings", "path": ["monitoring", "f7379159", "stderr"], "values": [{"value": "\r  5%|\u2588\u2588\u2588\u2588\u2588\u2588\u2588\u2588\u2589                                                                                                                                                                         | 192/3816 [02:16<36:48,  1.64it/s]", "step": null, "ts": 1741679228.6707213}]}, "version": 355, "at": 1741679228.6707213}
{"obj": {"type": "LogStrings", "path": ["monitoring", "f7379159", "stderr"], "values": [{"value": "\r  5%|\u2588\u2588\u2588\u2588\u2588\u2588\u2588\u2588\u2588                                                                                                                                                                         | 193/3816 [02:17<36:48,  1.64it/s]", "step": null, "ts": 1741679229.278618}]}, "version": 356, "at": 1741679229.278618}
{"obj": {"type": "LogStrings", "path": ["monitoring", "f7379159", "stderr"], "values": [{"value": "\r  5%|\u2588\u2588\u2588\u2588\u2588\u2588\u2588\u2588\u2588                                                                                                                                                                         | 194/3816 [02:17<36:48,  1.64it/s]", "step": null, "ts": 1741679229.889461}]}, "version": 357, "at": 1741679229.889461}
{"obj": {"type": "LogStrings", "path": ["monitoring", "f7379159", "stderr"], "values": [{"value": "\r  5%|\u2588\u2588\u2588\u2588\u2588\u2588\u2588\u2588\u2588                                                                                                                                                                         | 195/3816 [02:18<36:48,  1.64it/s]", "step": null, "ts": 1741679230.4990563}]}, "version": 358, "at": 1741679230.4990563}
{"obj": {"type": "LogFloats", "path": ["monitoring", "f7379159", "cpu"], "values": [{"value": 8.7, "step": null, "ts": 1741679231.0906038}]}, "version": 359, "at": 1741679231.0906038}
{"obj": {"type": "LogFloats", "path": ["monitoring", "f7379159", "memory"], "values": [{"value": 10.459613800048828, "step": null, "ts": 1741679231.0906038}]}, "version": 360, "at": 1741679231.0906038}
{"obj": {"type": "LogFloats", "path": ["monitoring", "f7379159", "gpu"], "values": [{"value": 97.0, "step": null, "ts": 1741679231.0906038}]}, "version": 361, "at": 1741679231.0906038}
{"obj": {"type": "LogFloats", "path": ["monitoring", "f7379159", "gpu_memory"], "values": [{"value": 2.877368927001953, "step": null, "ts": 1741679231.0906038}]}, "version": 362, "at": 1741679231.0906038}
{"obj": {"type": "LogStrings", "path": ["monitoring", "f7379159", "stderr"], "values": [{"value": "\r  5%|\u2588\u2588\u2588\u2588\u2588\u2588\u2588\u2588\u2588\u258f                                                                                                                                                                        | 196/3816 [02:19<36:39,  1.65it/s]", "step": null, "ts": 1741679231.1009288}]}, "version": 363, "at": 1741679231.1009288}
{"obj": {"type": "LogStrings", "path": ["monitoring", "f7379159", "stderr"], "values": [{"value": "\r  5%|\u2588\u2588\u2588\u2588\u2588\u2588\u2588\u2588\u2588\u258f                                                                                                                                                                        | 197/3816 [02:19<36:45,  1.64it/s]", "step": null, "ts": 1741679231.7150846}]}, "version": 364, "at": 1741679231.7150846}
{"obj": {"type": "LogStrings", "path": ["monitoring", "f7379159", "stderr"], "values": [{"value": "\r  5%|\u2588\u2588\u2588\u2588\u2588\u2588\u2588\u2588\u2588\u258f                                                                                                                                                                        | 198/3816 [02:20<36:54,  1.63it/s]", "step": null, "ts": 1741679232.3327186}]}, "version": 365, "at": 1741679232.3327186}
{"obj": {"type": "LogStrings", "path": ["monitoring", "f7379159", "stderr"], "values": [{"value": "\r  5%|\u2588\u2588\u2588\u2588\u2588\u2588\u2588\u2588\u2588\u258e                                                                                                                                                                        | 199/3816 [02:20<36:50,  1.64it/s]", "step": null, "ts": 1741679232.9421785}]}, "version": 366, "at": 1741679232.9421785}
{"obj": {"type": "LogStrings", "path": ["monitoring", "f7379159", "stderr"], "values": [{"value": "\r  5%|\u2588\u2588\u2588\u2588\u2588\u2588\u2588\u2588\u2588\u258e                                                                                                                                                                        | 200/3816 [02:21<36:45,  1.64it/s]", "step": null, "ts": 1741679233.5487387}]}, "version": 367, "at": 1741679233.5487387}
{"obj": {"type": "LogStrings", "path": ["monitoring", "f7379159", "stderr"], "values": [{"value": "\r  5%|\u2588\u2588\u2588\u2588\u2588\u2588\u2588\u2588\u2588\u258d                                                                                                                                                                        | 201/3816 [02:22<36:32,  1.65it/s]", "step": null, "ts": 1741679234.1473567}]}, "version": 368, "at": 1741679234.1473567}
{"obj": {"type": "LogStrings", "path": ["monitoring", "f7379159", "stderr"], "values": [{"value": "\r  5%|\u2588\u2588\u2588\u2588\u2588\u2588\u2588\u2588\u2588\u258d                                                                                                                                                                        | 202/3816 [02:22<36:40,  1.64it/s]", "step": null, "ts": 1741679234.7616613}]}, "version": 369, "at": 1741679234.7616613}
{"obj": {"type": "LogStrings", "path": ["monitoring", "f7379159", "stderr"], "values": [{"value": "\r  5%|\u2588\u2588\u2588\u2588\u2588\u2588\u2588\u2588\u2588\u258d                                                                                                                                                                        | 203/3816 [02:23<36:43,  1.64it/s]", "step": null, "ts": 1741679235.37516}]}, "version": 370, "at": 1741679235.37516}
{"obj": {"type": "LogStrings", "path": ["monitoring", "f7379159", "stderr"], "values": [{"value": "\r  5%|\u2588\u2588\u2588\u2588\u2588\u2588\u2588\u2588\u2588\u258c                                                                                                                                                                        | 204/3816 [02:24<36:43,  1.64it/s]", "step": null, "ts": 1741679235.9849536}]}, "version": 371, "at": 1741679235.9849536}
{"obj": {"type": "LogStrings", "path": ["monitoring", "f7379159", "stderr"], "values": [{"value": "\r  5%|\u2588\u2588\u2588\u2588\u2588\u2588\u2588\u2588\u2588\u258c                                                                                                                                                                        | 205/3816 [02:24<36:40,  1.64it/s]", "step": null, "ts": 1741679236.5921223}]}, "version": 372, "at": 1741679236.5921223}
{"obj": {"type": "LogStrings", "path": ["monitoring", "f7379159", "stderr"], "values": [{"value": "\r  5%|\u2588\u2588\u2588\u2588\u2588\u2588\u2588\u2588\u2588\u258c                                                                                                                                                                        | 206/3816 [02:25<36:35,  1.64it/s]", "step": null, "ts": 1741679237.197508}]}, "version": 373, "at": 1741679237.197508}
{"obj": {"type": "LogStrings", "path": ["monitoring", "f7379159", "stderr"], "values": [{"value": "\r  5%|\u2588\u2588\u2588\u2588\u2588\u2588\u2588\u2588\u2588\u258b                                                                                                                                                                        | 207/3816 [02:25<36:41,  1.64it/s]", "step": null, "ts": 1741679237.8121524}]}, "version": 374, "at": 1741679237.8121524}
{"obj": {"type": "LogStrings", "path": ["monitoring", "f7379159", "stderr"], "values": [{"value": "\r  5%|\u2588\u2588\u2588\u2588\u2588\u2588\u2588\u2588\u2588\u258b                                                                                                                                                                        | 208/3816 [02:26<36:39,  1.64it/s]", "step": null, "ts": 1741679238.4208112}]}, "version": 375, "at": 1741679238.4208112}
{"obj": {"type": "LogStrings", "path": ["monitoring", "f7379159", "stderr"], "values": [{"value": "\r  5%|\u2588\u2588\u2588\u2588\u2588\u2588\u2588\u2588\u2588\u258b                                                                                                                                                                        | 209/3816 [02:27<36:41,  1.64it/s]", "step": null, "ts": 1741679239.0329082}]}, "version": 376, "at": 1741679239.0329082}
{"obj": {"type": "LogStrings", "path": ["monitoring", "f7379159", "stderr"], "values": [{"value": "\r  6%|\u2588\u2588\u2588\u2588\u2588\u2588\u2588\u2588\u2588\u258a                                                                                                                                                                        | 210/3816 [02:27<36:40,  1.64it/s]", "step": null, "ts": 1741679239.6426997}]}, "version": 377, "at": 1741679239.6426997}
{"obj": {"type": "LogStrings", "path": ["monitoring", "f7379159", "stderr"], "values": [{"value": "\r  6%|\u2588\u2588\u2588\u2588\u2588\u2588\u2588\u2588\u2588\u258a                                                                                                                                                                        | 211/3816 [02:28<36:32,  1.64it/s]", "step": null, "ts": 1741679240.2459247}]}, "version": 378, "at": 1741679240.2459247}
{"obj": {"type": "LogStrings", "path": ["monitoring", "f7379159", "stderr"], "values": [{"value": "\r  6%|\u2588\u2588\u2588\u2588\u2588\u2588\u2588\u2588\u2588\u2589                                                                                                                                                                        | 212/3816 [02:28<36:44,  1.64it/s]", "step": null, "ts": 1741679240.8656886}]}, "version": 379, "at": 1741679240.8656886}
{"obj": {"type": "LogFloats", "path": ["monitoring", "f7379159", "cpu"], "values": [{"value": 8.8, "step": null, "ts": 1741679241.1020942}]}, "version": 380, "at": 1741679241.1041005}
{"obj": {"type": "LogFloats", "path": ["monitoring", "f7379159", "memory"], "values": [{"value": 10.436717987060547, "step": null, "ts": 1741679241.1020942}]}, "version": 381, "at": 1741679241.1041005}
{"obj": {"type": "LogFloats", "path": ["monitoring", "f7379159", "gpu"], "values": [{"value": 98.0, "step": null, "ts": 1741679241.1020942}]}, "version": 382, "at": 1741679241.1041005}
{"obj": {"type": "LogFloats", "path": ["monitoring", "f7379159", "gpu_memory"], "values": [{"value": 2.877368927001953, "step": null, "ts": 1741679241.1020942}]}, "version": 383, "at": 1741679241.1041005}
{"obj": {"type": "LogStrings", "path": ["monitoring", "f7379159", "stderr"], "values": [{"value": "\r  6%|\u2588\u2588\u2588\u2588\u2588\u2588\u2588\u2588\u2588\u2589                                                                                                                                                                        | 213/3816 [02:29<36:45,  1.63it/s]", "step": null, "ts": 1741679241.4788904}]}, "version": 384, "at": 1741679241.4788904}
{"obj": {"type": "LogStrings", "path": ["monitoring", "f7379159", "stderr"], "values": [{"value": "\r  6%|\u2588\u2588\u2588\u2588\u2588\u2588\u2588\u2588\u2588\u2589                                                                                                                                                                        | 214/3816 [02:30<36:47,  1.63it/s]", "step": null, "ts": 1741679242.09328}]}, "version": 385, "at": 1741679242.09328}
{"obj": {"type": "LogStrings", "path": ["monitoring", "f7379159", "stderr"], "values": [{"value": "\r  6%|\u2588\u2588\u2588\u2588\u2588\u2588\u2588\u2588\u2588\u2588                                                                                                                                                                        | 215/3816 [02:30<36:32,  1.64it/s]", "step": null, "ts": 1741679242.6927695}]}, "version": 386, "at": 1741679242.6927695}
{"obj": {"type": "LogStrings", "path": ["monitoring", "f7379159", "stderr"], "values": [{"value": "\r  6%|\u2588\u2588\u2588\u2588\u2588\u2588\u2588\u2588\u2588\u2588                                                                                                                                                                        | 216/3816 [02:31<36:40,  1.64it/s]", "step": null, "ts": 1741679243.3094127}]}, "version": 387, "at": 1741679243.3094127}
{"obj": {"type": "LogStrings", "path": ["monitoring", "f7379159", "stderr"], "values": [{"value": "\r  6%|\u2588\u2588\u2588\u2588\u2588\u2588\u2588\u2588\u2588\u2588                                                                                                                                                                        | 217/3816 [02:31<36:39,  1.64it/s]", "step": null, "ts": 1741679243.9205709}]}, "version": 388, "at": 1741679243.9205709}
{"obj": {"type": "LogStrings", "path": ["monitoring", "f7379159", "stderr"], "values": [{"value": "\r  6%|\u2588\u2588\u2588\u2588\u2588\u2588\u2588\u2588\u2588\u2588\u258f                                                                                                                                                                       | 218/3816 [02:32<36:34,  1.64it/s]", "step": null, "ts": 1741679244.527602}]}, "version": 389, "at": 1741679244.527602}
{"obj": {"type": "LogStrings", "path": ["monitoring", "f7379159", "stderr"], "values": [{"value": "\r  6%|\u2588\u2588\u2588\u2588\u2588\u2588\u2588\u2588\u2588\u2588\u258f                                                                                                                                                                       | 219/3816 [02:33<36:30,  1.64it/s]", "step": null, "ts": 1741679245.1445014}]}, "version": 390, "at": 1741679245.1445014}
{"obj": {"type": "LogStrings", "path": ["monitoring", "f7379159", "stderr"], "values": [{"value": "\r  6%|\u2588\u2588\u2588\u2588\u2588\u2588\u2588\u2588\u2588\u2588\u258e                                                                                                                                                                       | 220/3816 [02:33<36:43,  1.63it/s]", "step": null, "ts": 1741679245.7583048}]}, "version": 391, "at": 1741679245.7583048}
{"obj": {"type": "LogStrings", "path": ["monitoring", "f7379159", "stderr"], "values": [{"value": "\r  6%|\u2588\u2588\u2588\u2588\u2588\u2588\u2588\u2588\u2588\u2588\u258e                                                                                                                                                                       | 221/3816 [02:34<36:37,  1.64it/s]", "step": null, "ts": 1741679246.366869}]}, "version": 392, "at": 1741679246.366869}
{"obj": {"type": "LogStrings", "path": ["monitoring", "f7379159", "stderr"], "values": [{"value": "\r  6%|\u2588\u2588\u2588\u2588\u2588\u2588\u2588\u2588\u2588\u2588\u258e                                                                                                                                                                       | 222/3816 [02:35<36:36,  1.64it/s]", "step": null, "ts": 1741679246.9744506}]}, "version": 393, "at": 1741679246.9744506}
{"obj": {"type": "LogStrings", "path": ["monitoring", "f7379159", "stderr"], "values": [{"value": "\r  6%|\u2588\u2588\u2588\u2588\u2588\u2588\u2588\u2588\u2588\u2588\u258d                                                                                                                                                                       | 223/3816 [02:35<36:28,  1.64it/s]", "step": null, "ts": 1741679247.5791268}]}, "version": 394, "at": 1741679247.5791268}
{"obj": {"type": "LogStrings", "path": ["monitoring", "f7379159", "stderr"], "values": [{"value": "\r  6%|\u2588\u2588\u2588\u2588\u2588\u2588\u2588\u2588\u2588\u2588\u258d                                                                                                                                                                       | 224/3816 [02:36<36:25,  1.64it/s]", "step": null, "ts": 1741679248.185961}]}, "version": 395, "at": 1741679248.185961}
{"obj": {"type": "LogStrings", "path": ["monitoring", "f7379159", "stderr"], "values": [{"value": "\r  6%|\u2588\u2588\u2588\u2588\u2588\u2588\u2588\u2588\u2588\u2588\u258d                                                                                                                                                                       | 225/3816 [02:36<36:19,  1.65it/s]", "step": null, "ts": 1741679248.7965147}]}, "version": 396, "at": 1741679248.7965147}
{"obj": {"type": "LogStrings", "path": ["monitoring", "f7379159", "stderr"], "values": [{"value": "\r  6%|\u2588\u2588\u2588\u2588\u2588\u2588\u2588\u2588\u2588\u2588\u258c                                                                                                                                                                       | 226/3816 [02:37<36:31,  1.64it/s]", "step": null, "ts": 1741679249.4076772}]}, "version": 397, "at": 1741679249.4076772}
{"obj": {"type": "LogStrings", "path": ["monitoring", "f7379159", "stderr"], "values": [{"value": "\r  6%|\u2588\u2588\u2588\u2588\u2588\u2588\u2588\u2588\u2588\u2588\u258c                                                                                                                                                                       | 227/3816 [02:38<36:30,  1.64it/s]", "step": null, "ts": 1741679250.0178227}]}, "version": 398, "at": 1741679250.0178227}
{"obj": {"type": "LogStrings", "path": ["monitoring", "f7379159", "stderr"], "values": [{"value": "\r  6%|\u2588\u2588\u2588\u2588\u2588\u2588\u2588\u2588\u2588\u2588\u258b                                                                                                                                                                       | 228/3816 [02:38<36:23,  1.64it/s]", "step": null, "ts": 1741679250.6218786}]}, "version": 399, "at": 1741679250.6218786}
{"obj": {"type": "LogFloats", "path": ["monitoring", "f7379159", "cpu"], "values": [{"value": 9.5, "step": null, "ts": 1741679251.114328}]}, "version": 400, "at": 1741679251.114328}
{"obj": {"type": "LogFloats", "path": ["monitoring", "f7379159", "memory"], "values": [{"value": 10.437759399414062, "step": null, "ts": 1741679251.114328}]}, "version": 401, "at": 1741679251.114328}
{"obj": {"type": "LogFloats", "path": ["monitoring", "f7379159", "gpu"], "values": [{"value": 97.0, "step": null, "ts": 1741679251.114328}]}, "version": 402, "at": 1741679251.114328}
{"obj": {"type": "LogFloats", "path": ["monitoring", "f7379159", "gpu_memory"], "values": [{"value": 2.877368927001953, "step": null, "ts": 1741679251.114328}]}, "version": 403, "at": 1741679251.114328}
{"obj": {"type": "LogStrings", "path": ["monitoring", "f7379159", "stderr"], "values": [{"value": "\r  6%|\u2588\u2588\u2588\u2588\u2588\u2588\u2588\u2588\u2588\u2588\u258b                                                                                                                                                                       | 229/3816 [02:39<36:28,  1.64it/s]", "step": null, "ts": 1741679251.2357817}]}, "version": 404, "at": 1741679251.2357817}
{"obj": {"type": "LogStrings", "path": ["monitoring", "f7379159", "stderr"], "values": [{"value": "\r  6%|\u2588\u2588\u2588\u2588\u2588\u2588\u2588\u2588\u2588\u2588\u258b                                                                                                                                                                       | 230/3816 [02:39<36:22,  1.64it/s]", "step": null, "ts": 1741679251.8480246}]}, "version": 405, "at": 1741679251.8480246}
{"obj": {"type": "LogStrings", "path": ["monitoring", "f7379159", "stderr"], "values": [{"value": "\r  6%|\u2588\u2588\u2588\u2588\u2588\u2588\u2588\u2588\u2588\u2588\u258a                                                                                                                                                                       | 231/3816 [02:40<36:32,  1.64it/s]", "step": null, "ts": 1741679252.459563}]}, "version": 406, "at": 1741679252.459563}
{"obj": {"type": "LogStrings", "path": ["monitoring", "f7379159", "stderr"], "values": [{"value": "\r  6%|\u2588\u2588\u2588\u2588\u2588\u2588\u2588\u2588\u2588\u2588\u258a                                                                                                                                                                       | 232/3816 [02:41<36:36,  1.63it/s]", "step": null, "ts": 1741679253.075788}]}, "version": 407, "at": 1741679253.075788}
{"obj": {"type": "LogStrings", "path": ["monitoring", "f7379159", "stderr"], "values": [{"value": "\r  6%|\u2588\u2588\u2588\u2588\u2588\u2588\u2588\u2588\u2588\u2588\u258a                                                                                                                                                                       | 233/3816 [02:41<36:29,  1.64it/s]", "step": null, "ts": 1741679253.6826856}]}, "version": 408, "at": 1741679253.6826856}
{"obj": {"type": "LogStrings", "path": ["monitoring", "f7379159", "stderr"], "values": [{"value": "\r  6%|\u2588\u2588\u2588\u2588\u2588\u2588\u2588\u2588\u2588\u2588\u2589                                                                                                                                                                       | 234/3816 [02:42<36:33,  1.63it/s]", "step": null, "ts": 1741679254.2977474}]}, "version": 409, "at": 1741679254.2977474}
{"obj": {"type": "LogStrings", "path": ["monitoring", "f7379159", "stderr"], "values": [{"value": "\r  6%|\u2588\u2588\u2588\u2588\u2588\u2588\u2588\u2588\u2588\u2588\u2589                                                                                                                                                                       | 235/3816 [02:42<36:39,  1.63it/s]", "step": null, "ts": 1741679254.916415}]}, "version": 410, "at": 1741679254.916415}
{"obj": {"type": "LogStrings", "path": ["monitoring", "f7379159", "stderr"], "values": [{"value": "\r  6%|\u2588\u2588\u2588\u2588\u2588\u2588\u2588\u2588\u2588\u2588\u2588                                                                                                                                                                       | 236/3816 [02:43<36:39,  1.63it/s]", "step": null, "ts": 1741679255.5309176}]}, "version": 411, "at": 1741679255.5309176}
{"obj": {"type": "LogStrings", "path": ["monitoring", "f7379159", "stderr"], "values": [{"value": "\r  6%|\u2588\u2588\u2588\u2588\u2588\u2588\u2588\u2588\u2588\u2588\u2588                                                                                                                                                                       | 237/3816 [02:44<36:38,  1.63it/s]", "step": null, "ts": 1741679256.1449687}]}, "version": 412, "at": 1741679256.1449687}
{"obj": {"type": "LogStrings", "path": ["monitoring", "f7379159", "stderr"], "values": [{"value": "\r  6%|\u2588\u2588\u2588\u2588\u2588\u2588\u2588\u2588\u2588\u2588\u2588                                                                                                                                                                       | 238/3816 [02:44<36:29,  1.63it/s]", "step": null, "ts": 1741679256.7573023}]}, "version": 413, "at": 1741679256.7573023}
{"obj": {"type": "LogStrings", "path": ["monitoring", "f7379159", "stderr"], "values": [{"value": "\r  6%|\u2588\u2588\u2588\u2588\u2588\u2588\u2588\u2588\u2588\u2588\u2588\u258f                                                                                                                                                                      | 239/3816 [02:45<36:25,  1.64it/s]", "step": null, "ts": 1741679257.360268}]}, "version": 414, "at": 1741679257.360268}
{"obj": {"type": "LogStrings", "path": ["monitoring", "f7379159", "stderr"], "values": [{"value": "\r  6%|\u2588\u2588\u2588\u2588\u2588\u2588\u2588\u2588\u2588\u2588\u2588\u258f                                                                                                                                                                      | 240/3816 [02:46<36:31,  1.63it/s]", "step": null, "ts": 1741679257.9776533}]}, "version": 415, "at": 1741679257.9776533}
{"obj": {"type": "LogStrings", "path": ["monitoring", "f7379159", "stderr"], "values": [{"value": "\r  6%|\u2588\u2588\u2588\u2588\u2588\u2588\u2588\u2588\u2588\u2588\u2588\u258f                                                                                                                                                                      | 241/3816 [02:46<36:33,  1.63it/s]", "step": null, "ts": 1741679258.5932367}]}, "version": 416, "at": 1741679258.5932367}
{"obj": {"type": "LogStrings", "path": ["monitoring", "f7379159", "stderr"], "values": [{"value": "\r  6%|\u2588\u2588\u2588\u2588\u2588\u2588\u2588\u2588\u2588\u2588\u2588\u258e                                                                                                                                                                      | 242/3816 [02:47<36:34,  1.63it/s]", "step": null, "ts": 1741679259.209296}]}, "version": 417, "at": 1741679259.209296}
{"obj": {"type": "LogStrings", "path": ["monitoring", "f7379159", "stderr"], "values": [{"value": "\r  6%|\u2588\u2588\u2588\u2588\u2588\u2588\u2588\u2588\u2588\u2588\u2588\u258e                                                                                                                                                                      | 243/3816 [02:47<36:34,  1.63it/s]", "step": null, "ts": 1741679259.8228626}]}, "version": 418, "at": 1741679259.8228626}
{"obj": {"type": "LogStrings", "path": ["monitoring", "f7379159", "stderr"], "values": [{"value": "\r  6%|\u2588\u2588\u2588\u2588\u2588\u2588\u2588\u2588\u2588\u2588\u2588\u258d                                                                                                                                                                      | 244/3816 [02:48<36:30,  1.63it/s]", "step": null, "ts": 1741679260.434017}]}, "version": 419, "at": 1741679260.434017}
{"obj": {"type": "LogStrings", "path": ["monitoring", "f7379159", "stderr"], "values": [{"value": "\r  6%|\u2588\u2588\u2588\u2588\u2588\u2588\u2588\u2588\u2588\u2588\u2588\u258d                                                                                                                                                                      | 245/3816 [02:49<36:25,  1.63it/s]", "step": null, "ts": 1741679261.042579}]}, "version": 420, "at": 1741679261.042579}
{"obj": {"type": "LogFloats", "path": ["monitoring", "f7379159", "cpu"], "values": [{"value": 9.4, "step": null, "ts": 1741679261.1357956}]}, "version": 421, "at": 1741679261.1362133}
{"obj": {"type": "LogFloats", "path": ["monitoring", "f7379159", "memory"], "values": [{"value": 10.392120361328125, "step": null, "ts": 1741679261.1357956}]}, "version": 422, "at": 1741679261.1362133}
{"obj": {"type": "LogFloats", "path": ["monitoring", "f7379159", "gpu"], "values": [{"value": 97.0, "step": null, "ts": 1741679261.1357956}]}, "version": 423, "at": 1741679261.1362133}
{"obj": {"type": "LogFloats", "path": ["monitoring", "f7379159", "gpu_memory"], "values": [{"value": 2.877368927001953, "step": null, "ts": 1741679261.1357956}]}, "version": 424, "at": 1741679261.1362133}
{"obj": {"type": "LogStrings", "path": ["monitoring", "f7379159", "stderr"], "values": [{"value": "\r  6%|\u2588\u2588\u2588\u2588\u2588\u2588\u2588\u2588\u2588\u2588\u2588\u258d                                                                                                                                                                      | 246/3816 [02:49<36:24,  1.63it/s]", "step": null, "ts": 1741679261.6546757}]}, "version": 425, "at": 1741679261.6546757}
{"obj": {"type": "LogStrings", "path": ["monitoring", "f7379159", "stderr"], "values": [{"value": "\r  6%|\u2588\u2588\u2588\u2588\u2588\u2588\u2588\u2588\u2588\u2588\u2588\u258c                                                                                                                                                                      | 247/3816 [02:50<36:18,  1.64it/s]", "step": null, "ts": 1741679262.2615275}]}, "version": 426, "at": 1741679262.2615275}
{"obj": {"type": "LogStrings", "path": ["monitoring", "f7379159", "stderr"], "values": [{"value": "\r  6%|\u2588\u2588\u2588\u2588\u2588\u2588\u2588\u2588\u2588\u2588\u2588\u258c                                                                                                                                                                      | 248/3816 [02:50<36:30,  1.63it/s]", "step": null, "ts": 1741679262.8833945}]}, "version": 427, "at": 1741679262.8833945}
{"obj": {"type": "LogStrings", "path": ["monitoring", "f7379159", "stderr"], "values": [{"value": "\r  7%|\u2588\u2588\u2588\u2588\u2588\u2588\u2588\u2588\u2588\u2588\u2588\u258c                                                                                                                                                                      | 249/3816 [02:51<36:23,  1.63it/s]", "step": null, "ts": 1741679263.4976673}]}, "version": 428, "at": 1741679263.4976673}
{"obj": {"type": "LogStrings", "path": ["monitoring", "f7379159", "stderr"], "values": [{"value": "\r  7%|\u2588\u2588\u2588\u2588\u2588\u2588\u2588\u2588\u2588\u2588\u2588\u258b                                                                                                                                                                      | 250/3816 [02:52<36:24,  1.63it/s]", "step": null, "ts": 1741679264.105352}]}, "version": 429, "at": 1741679264.105352}
{"obj": {"type": "LogStrings", "path": ["monitoring", "f7379159", "stderr"], "values": [{"value": "\r  7%|\u2588\u2588\u2588\u2588\u2588\u2588\u2588\u2588\u2588\u2588\u2588\u258b                                                                                                                                                                      | 251/3816 [02:52<36:20,  1.63it/s]", "step": null, "ts": 1741679264.7150638}]}, "version": 430, "at": 1741679264.7253687}
{"obj": {"type": "LogStrings", "path": ["monitoring", "f7379159", "stderr"], "values": [{"value": "\r  7%|\u2588\u2588\u2588\u2588\u2588\u2588\u2588\u2588\u2588\u2588\u2588\u258a                                                                                                                                                                      | 252/3816 [02:53<36:29,  1.63it/s]", "step": null, "ts": 1741679265.3357766}]}, "version": 431, "at": 1741679265.3357766}
{"obj": {"type": "LogStrings", "path": ["monitoring", "f7379159", "stderr"], "values": [{"value": "\r  7%|\u2588\u2588\u2588\u2588\u2588\u2588\u2588\u2588\u2588\u2588\u2588\u258a                                                                                                                                                                      | 253/3816 [02:53<36:26,  1.63it/s]", "step": null, "ts": 1741679265.947566}]}, "version": 432, "at": 1741679265.947566}
{"obj": {"type": "LogStrings", "path": ["monitoring", "f7379159", "stderr"], "values": [{"value": "\r  7%|\u2588\u2588\u2588\u2588\u2588\u2588\u2588\u2588\u2588\u2588\u2588\u258a                                                                                                                                                                      | 254/3816 [02:54<36:26,  1.63it/s]", "step": null, "ts": 1741679266.5619938}]}, "version": 433, "at": 1741679266.5619938}
{"obj": {"type": "LogStrings", "path": ["monitoring", "f7379159", "stderr"], "values": [{"value": "\r  7%|\u2588\u2588\u2588\u2588\u2588\u2588\u2588\u2588\u2588\u2588\u2588\u2589                                                                                                                                                                      | 255/3816 [02:55<36:29,  1.63it/s]", "step": null, "ts": 1741679267.178736}]}, "version": 434, "at": 1741679267.178736}
{"obj": {"type": "LogStrings", "path": ["monitoring", "f7379159", "stderr"], "values": [{"value": "\r  7%|\u2588\u2588\u2588\u2588\u2588\u2588\u2588\u2588\u2588\u2588\u2588\u2589                                                                                                                                                                      | 256/3816 [02:55<36:31,  1.62it/s]", "step": null, "ts": 1741679267.7964847}]}, "version": 435, "at": 1741679267.7964847}
{"obj": {"type": "LogStrings", "path": ["monitoring", "f7379159", "stderr"], "values": [{"value": "\r  7%|\u2588\u2588\u2588\u2588\u2588\u2588\u2588\u2588\u2588\u2588\u2588\u2589                                                                                                                                                                      | 257/3816 [02:56<36:20,  1.63it/s]", "step": null, "ts": 1741679268.4022198}]}, "version": 436, "at": 1741679268.4022198}
{"obj": {"type": "LogStrings", "path": ["monitoring", "f7379159", "stderr"], "values": [{"value": "\r  7%|\u2588\u2588\u2588\u2588\u2588\u2588\u2588\u2588\u2588\u2588\u2588\u2588                                                                                                                                                                      | 258/3816 [02:57<36:22,  1.63it/s]", "step": null, "ts": 1741679269.020382}]}, "version": 437, "at": 1741679269.020382}
{"obj": {"type": "LogStrings", "path": ["monitoring", "f7379159", "stderr"], "values": [{"value": "\r  7%|\u2588\u2588\u2588\u2588\u2588\u2588\u2588\u2588\u2588\u2588\u2588\u2588                                                                                                                                                                      | 259/3816 [02:57<36:26,  1.63it/s]", "step": null, "ts": 1741679269.6350496}]}, "version": 438, "at": 1741679269.6350496}
{"obj": {"type": "LogStrings", "path": ["monitoring", "f7379159", "stderr"], "values": [{"value": "\r  7%|\u2588\u2588\u2588\u2588\u2588\u2588\u2588\u2588\u2588\u2588\u2588\u2588\u258f                                                                                                                                                                     | 260/3816 [02:58<36:24,  1.63it/s]", "step": null, "ts": 1741679270.2488842}]}, "version": 439, "at": 1741679270.2488842}
{"obj": {"type": "LogStrings", "path": ["monitoring", "f7379159", "stderr"], "values": [{"value": "\r  7%|\u2588\u2588\u2588\u2588\u2588\u2588\u2588\u2588\u2588\u2588\u2588\u2588\u258f                                                                                                                                                                     | 261/3816 [02:58<36:21,  1.63it/s]", "step": null, "ts": 1741679270.8602355}]}, "version": 440, "at": 1741679270.8602355}
{"obj": {"type": "LogFloats", "path": ["monitoring", "f7379159", "cpu"], "values": [{"value": 9.1, "step": null, "ts": 1741679271.1443875}]}, "version": 441, "at": 1741679271.1443875}
{"obj": {"type": "LogFloats", "path": ["monitoring", "f7379159", "memory"], "values": [{"value": 10.417797088623047, "step": null, "ts": 1741679271.1443875}]}, "version": 442, "at": 1741679271.1443875}
{"obj": {"type": "LogFloats", "path": ["monitoring", "f7379159", "gpu"], "values": [{"value": 98.0, "step": null, "ts": 1741679271.1443875}]}, "version": 443, "at": 1741679271.1443875}
{"obj": {"type": "LogFloats", "path": ["monitoring", "f7379159", "gpu_memory"], "values": [{"value": 2.877368927001953, "step": null, "ts": 1741679271.1443875}]}, "version": 444, "at": 1741679271.1443875}
{"obj": {"type": "LogStrings", "path": ["monitoring", "f7379159", "stderr"], "values": [{"value": "\r  7%|\u2588\u2588\u2588\u2588\u2588\u2588\u2588\u2588\u2588\u2588\u2588\u2588\u258f                                                                                                                                                                     | 262/3816 [02:59<36:18,  1.63it/s]", "step": null, "ts": 1741679271.471631}]}, "version": 445, "at": 1741679271.471631}
{"obj": {"type": "LogStrings", "path": ["monitoring", "f7379159", "stderr"], "values": [{"value": "\r  7%|\u2588\u2588\u2588\u2588\u2588\u2588\u2588\u2588\u2588\u2588\u2588\u2588\u258e                                                                                                                                                                     | 263/3816 [03:00<36:21,  1.63it/s]", "step": null, "ts": 1741679272.0880833}]}, "version": 446, "at": 1741679272.0880833}
{"obj": {"type": "LogStrings", "path": ["monitoring", "f7379159", "stderr"], "values": [{"value": "\r  7%|\u2588\u2588\u2588\u2588\u2588\u2588\u2588\u2588\u2588\u2588\u2588\u2588\u258e                                                                                                                                                                     | 264/3816 [03:00<36:21,  1.63it/s]", "step": null, "ts": 1741679272.7042887}]}, "version": 447, "at": 1741679272.7042887}
{"obj": {"type": "LogStrings", "path": ["monitoring", "f7379159", "stderr"], "values": [{"value": "\r  7%|\u2588\u2588\u2588\u2588\u2588\u2588\u2588\u2588\u2588\u2588\u2588\u2588\u258e                                                                                                                                                                     | 265/3816 [03:01<36:19,  1.63it/s]", "step": null, "ts": 1741679273.3155844}]}, "version": 448, "at": 1741679273.3155844}
{"obj": {"type": "LogStrings", "path": ["monitoring", "f7379159", "stderr"], "values": [{"value": "\r  7%|\u2588\u2588\u2588\u2588\u2588\u2588\u2588\u2588\u2588\u2588\u2588\u2588\u258d                                                                                                                                                                     | 266/3816 [03:01<36:18,  1.63it/s]", "step": null, "ts": 1741679273.9291542}]}, "version": 449, "at": 1741679273.9291542}
{"obj": {"type": "LogStrings", "path": ["monitoring", "f7379159", "stderr"], "values": [{"value": "\r  7%|\u2588\u2588\u2588\u2588\u2588\u2588\u2588\u2588\u2588\u2588\u2588\u2588\u258d                                                                                                                                                                     | 267/3816 [03:02<36:13,  1.63it/s]", "step": null, "ts": 1741679274.5398502}]}, "version": 450, "at": 1741679274.5398502}
{"obj": {"type": "LogStrings", "path": ["monitoring", "f7379159", "stderr"], "values": [{"value": "\r  7%|\u2588\u2588\u2588\u2588\u2588\u2588\u2588\u2588\u2588\u2588\u2588\u2588\u258c                                                                                                                                                                     | 268/3816 [03:03<36:12,  1.63it/s]", "step": null, "ts": 1741679275.1507719}]}, "version": 451, "at": 1741679275.1507719}
{"obj": {"type": "LogStrings", "path": ["monitoring", "f7379159", "stderr"], "values": [{"value": "\r  7%|\u2588\u2588\u2588\u2588\u2588\u2588\u2588\u2588\u2588\u2588\u2588\u2588\u258c                                                                                                                                                                     | 269/3816 [03:03<36:14,  1.63it/s]", "step": null, "ts": 1741679275.7650769}]}, "version": 452, "at": 1741679275.7650769}
{"obj": {"type": "LogStrings", "path": ["monitoring", "f7379159", "stderr"], "values": [{"value": "\r  7%|\u2588\u2588\u2588\u2588\u2588\u2588\u2588\u2588\u2588\u2588\u2588\u2588\u258c                                                                                                                                                                     | 270/3816 [03:04<36:07,  1.64it/s]", "step": null, "ts": 1741679276.3720322}]}, "version": 453, "at": 1741679276.3720322}
{"obj": {"type": "LogStrings", "path": ["monitoring", "f7379159", "stderr"], "values": [{"value": "\r  7%|\u2588\u2588\u2588\u2588\u2588\u2588\u2588\u2588\u2588\u2588\u2588\u2588\u258b                                                                                                                                                                     | 271/3816 [03:05<36:11,  1.63it/s]", "step": null, "ts": 1741679276.9875693}]}, "version": 454, "at": 1741679276.9875693}
{"obj": {"type": "LogStrings", "path": ["monitoring", "f7379159", "stderr"], "values": [{"value": "\r  7%|\u2588\u2588\u2588\u2588\u2588\u2588\u2588\u2588\u2588\u2588\u2588\u2588\u258b                                                                                                                                                                     | 272/3816 [03:05<36:04,  1.64it/s]", "step": null, "ts": 1741679277.594625}]}, "version": 455, "at": 1741679277.594625}
{"obj": {"type": "LogStrings", "path": ["monitoring", "f7379159", "stderr"], "values": [{"value": "\r  7%|\u2588\u2588\u2588\u2588\u2588\u2588\u2588\u2588\u2588\u2588\u2588\u2588\u258b                                                                                                                                                                     | 273/3816 [03:06<36:11,  1.63it/s]", "step": null, "ts": 1741679278.2123666}]}, "version": 456, "at": 1741679278.2123666}
{"obj": {"type": "LogStrings", "path": ["monitoring", "f7379159", "stderr"], "values": [{"value": "\r  7%|\u2588\u2588\u2588\u2588\u2588\u2588\u2588\u2588\u2588\u2588\u2588\u2588\u258a                                                                                                                                                                     | 274/3816 [03:06<36:09,  1.63it/s]", "step": null, "ts": 1741679278.8246229}]}, "version": 457, "at": 1741679278.8246229}
{"obj": {"type": "LogStrings", "path": ["monitoring", "f7379159", "stderr"], "values": [{"value": "\r  7%|\u2588\u2588\u2588\u2588\u2588\u2588\u2588\u2588\u2588\u2588\u2588\u2588\u258a                                                                                                                                                                     | 275/3816 [03:07<36:02,  1.64it/s]", "step": null, "ts": 1741679279.4304414}]}, "version": 458, "at": 1741679279.4304414}
{"obj": {"type": "LogStrings", "path": ["monitoring", "f7379159", "stderr"], "values": [{"value": "\r  7%|\u2588\u2588\u2588\u2588\u2588\u2588\u2588\u2588\u2588\u2588\u2588\u2588\u258a                                                                                                                                                                     | 276/3816 [03:08<36:15,  1.63it/s]", "step": null, "ts": 1741679280.0540614}]}, "version": 459, "at": 1741679280.0540614}
{"obj": {"type": "LogStrings", "path": ["monitoring", "f7379159", "stderr"], "values": [{"value": "\r  7%|\u2588\u2588\u2588\u2588\u2588\u2588\u2588\u2588\u2588\u2588\u2588\u2588\u2589                                                                                                                                                                     | 277/3816 [03:08<36:15,  1.63it/s]", "step": null, "ts": 1741679280.669476}]}, "version": 460, "at": 1741679280.669476}
{"obj": {"type": "LogFloats", "path": ["monitoring", "f7379159", "cpu"], "values": [{"value": 9.0, "step": null, "ts": 1741679281.1542444}]}, "version": 461, "at": 1741679281.1542444}
{"obj": {"type": "LogFloats", "path": ["monitoring", "f7379159", "memory"], "values": [{"value": 10.405525207519531, "step": null, "ts": 1741679281.1542444}]}, "version": 462, "at": 1741679281.1542444}
{"obj": {"type": "LogFloats", "path": ["monitoring", "f7379159", "gpu"], "values": [{"value": 97.0, "step": null, "ts": 1741679281.1542444}]}, "version": 463, "at": 1741679281.1542444}
{"obj": {"type": "LogFloats", "path": ["monitoring", "f7379159", "gpu_memory"], "values": [{"value": 2.877368927001953, "step": null, "ts": 1741679281.1542444}]}, "version": 464, "at": 1741679281.1542444}
{"obj": {"type": "LogStrings", "path": ["monitoring", "f7379159", "stderr"], "values": [{"value": "\r  7%|\u2588\u2588\u2588\u2588\u2588\u2588\u2588\u2588\u2588\u2588\u2588\u2588\u2589                                                                                                                                                                     | 278/3816 [03:09<36:14,  1.63it/s]", "step": null, "ts": 1741679281.28458}]}, "version": 465, "at": 1741679281.28458}
{"obj": {"type": "LogStrings", "path": ["monitoring", "f7379159", "stderr"], "values": [{"value": "\r  7%|\u2588\u2588\u2588\u2588\u2588\u2588\u2588\u2588\u2588\u2588\u2588\u2588\u2588                                                                                                                                                                     | 279/3816 [03:09<36:16,  1.63it/s]", "step": null, "ts": 1741679281.9002616}]}, "version": 466, "at": 1741679281.9002616}
{"obj": {"type": "LogStrings", "path": ["monitoring", "f7379159", "stderr"], "values": [{"value": "\r  7%|\u2588\u2588\u2588\u2588\u2588\u2588\u2588\u2588\u2588\u2588\u2588\u2588\u2588                                                                                                                                                                     | 280/3816 [03:10<36:17,  1.62it/s]", "step": null, "ts": 1741679282.518673}]}, "version": 467, "at": 1741679282.518673}
{"obj": {"type": "LogStrings", "path": ["monitoring", "f7379159", "stderr"], "values": [{"value": "\r  7%|\u2588\u2588\u2588\u2588\u2588\u2588\u2588\u2588\u2588\u2588\u2588\u2588\u2588                                                                                                                                                                     | 281/3816 [03:11<36:14,  1.63it/s]", "step": null, "ts": 1741679283.1303058}]}, "version": 468, "at": 1741679283.1303058}
{"obj": {"type": "LogStrings", "path": ["monitoring", "f7379159", "stderr"], "values": [{"value": "\r  7%|\u2588\u2588\u2588\u2588\u2588\u2588\u2588\u2588\u2588\u2588\u2588\u2588\u2588\u258f                                                                                                                                                                    | 282/3816 [03:11<36:14,  1.63it/s]", "step": null, "ts": 1741679283.7464008}]}, "version": 469, "at": 1741679283.7464008}
{"obj": {"type": "LogStrings", "path": ["monitoring", "f7379159", "stderr"], "values": [{"value": "\r  7%|\u2588\u2588\u2588\u2588\u2588\u2588\u2588\u2588\u2588\u2588\u2588\u2588\u2588\u258f                                                                                                                                                                    | 283/3816 [03:12<36:06,  1.63it/s]", "step": null, "ts": 1741679284.3549578}]}, "version": 470, "at": 1741679284.3549578}
{"obj": {"type": "LogStrings", "path": ["monitoring", "f7379159", "stderr"], "values": [{"value": "\r  7%|\u2588\u2588\u2588\u2588\u2588\u2588\u2588\u2588\u2588\u2588\u2588\u2588\u2588\u258f                                                                                                                                                                    | 284/3816 [03:13<36:13,  1.62it/s]", "step": null, "ts": 1741679284.975512}]}, "version": 471, "at": 1741679284.975512}
{"obj": {"type": "LogStrings", "path": ["monitoring", "f7379159", "stderr"], "values": [{"value": "\r  7%|\u2588\u2588\u2588\u2588\u2588\u2588\u2588\u2588\u2588\u2588\u2588\u2588\u2588\u258e                                                                                                                                                                    | 285/3816 [03:13<36:11,  1.63it/s]", "step": null, "ts": 1741679285.589202}]}, "version": 472, "at": 1741679285.589202}
{"obj": {"type": "LogStrings", "path": ["monitoring", "f7379159", "stderr"], "values": [{"value": "\r  7%|\u2588\u2588\u2588\u2588\u2588\u2588\u2588\u2588\u2588\u2588\u2588\u2588\u2588\u258e                                                                                                                                                                    | 286/3816 [03:14<36:09,  1.63it/s]", "step": null, "ts": 1741679286.2029727}]}, "version": 473, "at": 1741679286.2029727}
{"obj": {"type": "LogStrings", "path": ["monitoring", "f7379159", "stderr"], "values": [{"value": "\r  8%|\u2588\u2588\u2588\u2588\u2588\u2588\u2588\u2588\u2588\u2588\u2588\u2588\u2588\u258d                                                                                                                                                                    | 287/3816 [03:14<36:04,  1.63it/s]", "step": null, "ts": 1741679286.8136292}]}, "version": 474, "at": 1741679286.8136292}
{"obj": {"type": "LogStrings", "path": ["monitoring", "f7379159", "stderr"], "values": [{"value": "\r  8%|\u2588\u2588\u2588\u2588\u2588\u2588\u2588\u2588\u2588\u2588\u2588\u2588\u2588\u258d                                                                                                                                                                    | 288/3816 [03:15<36:06,  1.63it/s]", "step": null, "ts": 1741679287.4289627}]}, "version": 475, "at": 1741679287.4289627}
{"obj": {"type": "LogStrings", "path": ["monitoring", "f7379159", "stderr"], "values": [{"value": "\r  8%|\u2588\u2588\u2588\u2588\u2588\u2588\u2588\u2588\u2588\u2588\u2588\u2588\u2588\u258d                                                                                                                                                                    | 289/3816 [03:16<36:17,  1.62it/s]", "step": null, "ts": 1741679288.0579338}]}, "version": 476, "at": 1741679288.0579338}
{"obj": {"type": "LogStrings", "path": ["monitoring", "f7379159", "stderr"], "values": [{"value": "\r  8%|\u2588\u2588\u2588\u2588\u2588\u2588\u2588\u2588\u2588\u2588\u2588\u2588\u2588\u258c                                                                                                                                                                    | 290/3816 [03:16<36:15,  1.62it/s]", "step": null, "ts": 1741679288.6701279}]}, "version": 477, "at": 1741679288.6701279}
{"obj": {"type": "LogStrings", "path": ["monitoring", "f7379159", "stderr"], "values": [{"value": "\r  8%|\u2588\u2588\u2588\u2588\u2588\u2588\u2588\u2588\u2588\u2588\u2588\u2588\u2588\u258c                                                                                                                                                                    | 291/3816 [03:17<36:12,  1.62it/s]", "step": null, "ts": 1741679289.292836}]}, "version": 478, "at": 1741679289.292836}
{"obj": {"type": "LogStrings", "path": ["monitoring", "f7379159", "stderr"], "values": [{"value": "\r  8%|\u2588\u2588\u2588\u2588\u2588\u2588\u2588\u2588\u2588\u2588\u2588\u2588\u2588\u258c                                                                                                                                                                    | 292/3816 [03:17<36:22,  1.61it/s]", "step": null, "ts": 1741679289.9117014}]}, "version": 479, "at": 1741679289.9117014}
{"obj": {"type": "LogStrings", "path": ["monitoring", "f7379159", "stderr"], "values": [{"value": "\r  8%|\u2588\u2588\u2588\u2588\u2588\u2588\u2588\u2588\u2588\u2588\u2588\u2588\u2588\u258b                                                                                                                                                                    | 293/3816 [03:18<36:16,  1.62it/s]", "step": null, "ts": 1741679290.5258987}]}, "version": 480, "at": 1741679290.5258987}
{"obj": {"type": "LogStrings", "path": ["monitoring", "f7379159", "stderr"], "values": [{"value": "\r  8%|\u2588\u2588\u2588\u2588\u2588\u2588\u2588\u2588\u2588\u2588\u2588\u2588\u2588\u258b                                                                                                                                                                    | 294/3816 [03:19<36:26,  1.61it/s]", "step": null, "ts": 1741679291.1532402}]}, "version": 481, "at": 1741679291.1532402}
{"obj": {"type": "LogFloats", "path": ["monitoring", "f7379159", "cpu"], "values": [{"value": 8.8, "step": null, "ts": 1741679291.1607032}]}, "version": 482, "at": 1741679291.1620302}
{"obj": {"type": "LogFloats", "path": ["monitoring", "f7379159", "memory"], "values": [{"value": 10.390316009521484, "step": null, "ts": 1741679291.1607032}]}, "version": 483, "at": 1741679291.1620302}
{"obj": {"type": "LogFloats", "path": ["monitoring", "f7379159", "gpu"], "values": [{"value": 98.0, "step": null, "ts": 1741679291.1607032}]}, "version": 484, "at": 1741679291.1620302}
{"obj": {"type": "LogFloats", "path": ["monitoring", "f7379159", "gpu_memory"], "values": [{"value": 2.877368927001953, "step": null, "ts": 1741679291.1607032}]}, "version": 485, "at": 1741679291.1620302}
{"obj": {"type": "LogStrings", "path": ["monitoring", "f7379159", "stderr"], "values": [{"value": "\r  8%|\u2588\u2588\u2588\u2588\u2588\u2588\u2588\u2588\u2588\u2588\u2588\u2588\u2588\u258a                                                                                                                                                                    | 295/3816 [03:19<36:19,  1.62it/s]", "step": null, "ts": 1741679291.768386}]}, "version": 486, "at": 1741679291.768386}
{"obj": {"type": "LogStrings", "path": ["monitoring", "f7379159", "stderr"], "values": [{"value": "\r  8%|\u2588\u2588\u2588\u2588\u2588\u2588\u2588\u2588\u2588\u2588\u2588\u2588\u2588\u258a                                                                                                                                                                    | 296/3816 [03:20<36:14,  1.62it/s]", "step": null, "ts": 1741679292.383307}]}, "version": 487, "at": 1741679292.383307}
{"obj": {"type": "LogStrings", "path": ["monitoring", "f7379159", "stderr"], "values": [{"value": "\r  8%|\u2588\u2588\u2588\u2588\u2588\u2588\u2588\u2588\u2588\u2588\u2588\u2588\u2588\u258a                                                                                                                                                                    | 297/3816 [03:21<36:17,  1.62it/s]", "step": null, "ts": 1741679293.0043125}]}, "version": 488, "at": 1741679293.0043125}
{"obj": {"type": "LogStrings", "path": ["monitoring", "f7379159", "stderr"], "values": [{"value": "\r  8%|\u2588\u2588\u2588\u2588\u2588\u2588\u2588\u2588\u2588\u2588\u2588\u2588\u2588\u2589                                                                                                                                                                    | 298/3816 [03:21<36:03,  1.63it/s]", "step": null, "ts": 1741679293.6108575}]}, "version": 489, "at": 1741679293.6108575}
{"obj": {"type": "LogStrings", "path": ["monitoring", "f7379159", "stderr"], "values": [{"value": "\r  8%|\u2588\u2588\u2588\u2588\u2588\u2588\u2588\u2588\u2588\u2588\u2588\u2588\u2588\u2589                                                                                                                                                                    | 299/3816 [03:22<36:14,  1.62it/s]", "step": null, "ts": 1741679294.2363555}]}, "version": 490, "at": 1741679294.2363555}
{"obj": {"type": "LogStrings", "path": ["monitoring", "f7379159", "stderr"], "values": [{"value": "\r  8%|\u2588\u2588\u2588\u2588\u2588\u2588\u2588\u2588\u2588\u2588\u2588\u2588\u2588\u2589                                                                                                                                                                    | 300/3816 [03:22<36:11,  1.62it/s]", "step": null, "ts": 1741679294.8521461}]}, "version": 491, "at": 1741679294.8521461}
{"obj": {"type": "LogStrings", "path": ["monitoring", "f7379159", "stderr"], "values": [{"value": "\r  8%|\u2588\u2588\u2588\u2588\u2588\u2588\u2588\u2588\u2588\u2588\u2588\u2588\u2588\u2588                                                                                                                                                                    | 301/3816 [03:23<36:16,  1.61it/s]", "step": null, "ts": 1741679295.4753299}]}, "version": 492, "at": 1741679295.4753299}
{"obj": {"type": "LogStrings", "path": ["monitoring", "f7379159", "stderr"], "values": [{"value": "\r  8%|\u2588\u2588\u2588\u2588\u2588\u2588\u2588\u2588\u2588\u2588\u2588\u2588\u2588\u2588                                                                                                                                                                    | 302/3816 [03:24<36:16,  1.61it/s]", "step": null, "ts": 1741679296.0953636}]}, "version": 493, "at": 1741679296.0953636}
{"obj": {"type": "LogStrings", "path": ["monitoring", "f7379159", "stderr"], "values": [{"value": "\r  8%|\u2588\u2588\u2588\u2588\u2588\u2588\u2588\u2588\u2588\u2588\u2588\u2588\u2588\u2588\u258f                                                                                                                                                                   | 303/3816 [03:24<36:05,  1.62it/s]", "step": null, "ts": 1741679296.715504}]}, "version": 494, "at": 1741679296.715504}
{"obj": {"type": "LogStrings", "path": ["monitoring", "f7379159", "stderr"], "values": [{"value": "\r  8%|\u2588\u2588\u2588\u2588\u2588\u2588\u2588\u2588\u2588\u2588\u2588\u2588\u2588\u2588\u258f                                                                                                                                                                   | 304/3816 [03:25<36:08,  1.62it/s]", "step": null, "ts": 1741679297.3242772}]}, "version": 495, "at": 1741679297.3242772}
{"obj": {"type": "LogStrings", "path": ["monitoring", "f7379159", "stderr"], "values": [{"value": "\r  8%|\u2588\u2588\u2588\u2588\u2588\u2588\u2588\u2588\u2588\u2588\u2588\u2588\u2588\u2588\u258f                                                                                                                                                                   | 305/3816 [03:25<36:16,  1.61it/s]", "step": null, "ts": 1741679297.9504247}]}, "version": 496, "at": 1741679297.9504247}
{"obj": {"type": "LogStrings", "path": ["monitoring", "f7379159", "stderr"], "values": [{"value": "\r  8%|\u2588\u2588\u2588\u2588\u2588\u2588\u2588\u2588\u2588\u2588\u2588\u2588\u2588\u2588\u258e                                                                                                                                                                   | 306/3816 [03:26<36:15,  1.61it/s]", "step": null, "ts": 1741679298.5697982}]}, "version": 497, "at": 1741679298.5697982}
{"obj": {"type": "LogStrings", "path": ["monitoring", "f7379159", "stderr"], "values": [{"value": "\r  8%|\u2588\u2588\u2588\u2588\u2588\u2588\u2588\u2588\u2588\u2588\u2588\u2588\u2588\u2588\u258e                                                                                                                                                                   | 307/3816 [03:27<36:07,  1.62it/s]", "step": null, "ts": 1741679299.1830447}]}, "version": 498, "at": 1741679299.1830447}
{"obj": {"type": "LogStrings", "path": ["monitoring", "f7379159", "stderr"], "values": [{"value": "\r  8%|\u2588\u2588\u2588\u2588\u2588\u2588\u2588\u2588\u2588\u2588\u2588\u2588\u2588\u2588\u258e                                                                                                                                                                   | 308/3816 [03:27<36:08,  1.62it/s]", "step": null, "ts": 1741679299.8122804}]}, "version": 499, "at": 1741679299.8122804}
{"obj": {"type": "LogStrings", "path": ["monitoring", "f7379159", "stderr"], "values": [{"value": "\r  8%|\u2588\u2588\u2588\u2588\u2588\u2588\u2588\u2588\u2588\u2588\u2588\u2588\u2588\u2588\u258d                                                                                                                                                                   | 309/3816 [03:28<36:06,  1.62it/s]", "step": null, "ts": 1741679300.4191153}]}, "version": 500, "at": 1741679300.4292896}
{"obj": {"type": "LogStrings", "path": ["monitoring", "f7379159", "stderr"], "values": [{"value": "\r  8%|\u2588\u2588\u2588\u2588\u2588\u2588\u2588\u2588\u2588\u2588\u2588\u2588\u2588\u2588\u258d                                                                                                                                                                   | 310/3816 [03:29<36:13,  1.61it/s]", "step": null, "ts": 1741679301.044142}]}, "version": 501, "at": 1741679301.044142}
{"obj": {"type": "LogFloats", "path": ["monitoring", "f7379159", "cpu"], "values": [{"value": 9.2, "step": null, "ts": 1741679301.1741128}]}, "version": 502, "at": 1741679301.176124}
{"obj": {"type": "LogFloats", "path": ["monitoring", "f7379159", "memory"], "values": [{"value": 10.342166900634766, "step": null, "ts": 1741679301.1741128}]}, "version": 503, "at": 1741679301.176124}
{"obj": {"type": "LogFloats", "path": ["monitoring", "f7379159", "gpu"], "values": [{"value": 98.0, "step": null, "ts": 1741679301.1741128}]}, "version": 504, "at": 1741679301.176124}
{"obj": {"type": "LogFloats", "path": ["monitoring", "f7379159", "gpu_memory"], "values": [{"value": 2.877368927001953, "step": null, "ts": 1741679301.1741128}]}, "version": 505, "at": 1741679301.176124}
{"obj": {"type": "LogStrings", "path": ["monitoring", "f7379159", "stderr"], "values": [{"value": "\r  8%|\u2588\u2588\u2588\u2588\u2588\u2588\u2588\u2588\u2588\u2588\u2588\u2588\u2588\u2588\u258c                                                                                                                                                                   | 311/3816 [03:29<36:05,  1.62it/s]", "step": null, "ts": 1741679301.6572127}]}, "version": 506, "at": 1741679301.6572127}
{"obj": {"type": "LogStrings", "path": ["monitoring", "f7379159", "stderr"], "values": [{"value": "\r  8%|\u2588\u2588\u2588\u2588\u2588\u2588\u2588\u2588\u2588\u2588\u2588\u2588\u2588\u2588\u258c                                                                                                                                                                   | 312/3816 [03:30<36:19,  1.61it/s]", "step": null, "ts": 1741679302.2886562}]}, "version": 507, "at": 1741679302.2886562}
{"obj": {"type": "LogStrings", "path": ["monitoring", "f7379159", "stderr"], "values": [{"value": "\r  8%|\u2588\u2588\u2588\u2588\u2588\u2588\u2588\u2588\u2588\u2588\u2588\u2588\u2588\u2588\u258c                                                                                                                                                                   | 313/3816 [03:30<36:14,  1.61it/s]", "step": null, "ts": 1741679302.9063733}]}, "version": 508, "at": 1741679302.9063733}
{"obj": {"type": "LogStrings", "path": ["monitoring", "f7379159", "stderr"], "values": [{"value": "\r  8%|\u2588\u2588\u2588\u2588\u2588\u2588\u2588\u2588\u2588\u2588\u2588\u2588\u2588\u2588\u258b                                                                                                                                                                   | 314/3816 [03:31<36:02,  1.62it/s]", "step": null, "ts": 1741679303.5160367}]}, "version": 509, "at": 1741679303.5234456}
{"obj": {"type": "LogStrings", "path": ["monitoring", "f7379159", "stderr"], "values": [{"value": "\r  8%|\u2588\u2588\u2588\u2588\u2588\u2588\u2588\u2588\u2588\u2588\u2588\u2588\u2588\u2588\u258b                                                                                                                                                                   | 315/3816 [03:32<36:07,  1.62it/s]", "step": null, "ts": 1741679304.139346}]}, "version": 510, "at": 1741679304.139346}
{"obj": {"type": "LogStrings", "path": ["monitoring", "f7379159", "stderr"], "values": [{"value": "\r  8%|\u2588\u2588\u2588\u2588\u2588\u2588\u2588\u2588\u2588\u2588\u2588\u2588\u2588\u2588\u258b                                                                                                                                                                   | 316/3816 [03:32<36:10,  1.61it/s]", "step": null, "ts": 1741679304.7621272}]}, "version": 511, "at": 1741679304.7621272}
{"obj": {"type": "LogStrings", "path": ["monitoring", "f7379159", "stderr"], "values": [{"value": "\r  8%|\u2588\u2588\u2588\u2588\u2588\u2588\u2588\u2588\u2588\u2588\u2588\u2588\u2588\u2588\u258a                                                                                                                                                                   | 317/3816 [03:33<36:23,  1.60it/s]", "step": null, "ts": 1741679305.3959029}]}, "version": 512, "at": 1741679305.3959029}
{"obj": {"type": "LogStrings", "path": ["monitoring", "f7379159", "stderr"], "values": [{"value": "\r  8%|\u2588\u2588\u2588\u2588\u2588\u2588\u2588\u2588\u2588\u2588\u2588\u2588\u2588\u2588\u258a                                                                                                                                                                   | 318/3816 [03:34<36:12,  1.61it/s]", "step": null, "ts": 1741679306.009193}]}, "version": 513, "at": 1741679306.009193}
{"obj": {"type": "LogStrings", "path": ["monitoring", "f7379159", "stderr"], "values": [{"value": "\r  8%|\u2588\u2588\u2588\u2588\u2588\u2588\u2588\u2588\u2588\u2588\u2588\u2588\u2588\u2588\u2589                                                                                                                                                                   | 319/3816 [03:34<36:10,  1.61it/s]", "step": null, "ts": 1741679306.6293423}]}, "version": 514, "at": 1741679306.6293423}
{"obj": {"type": "LogStrings", "path": ["monitoring", "f7379159", "stderr"], "values": [{"value": "\r  8%|\u2588\u2588\u2588\u2588\u2588\u2588\u2588\u2588\u2588\u2588\u2588\u2588\u2588\u2588\u2589                                                                                                                                                                   | 320/3816 [03:35<36:20,  1.60it/s]", "step": null, "ts": 1741679307.2599907}]}, "version": 515, "at": 1741679307.2599907}
{"obj": {"type": "LogStrings", "path": ["monitoring", "f7379159", "stderr"], "values": [{"value": "\r  8%|\u2588\u2588\u2588\u2588\u2588\u2588\u2588\u2588\u2588\u2588\u2588\u2588\u2588\u2588\u2589                                                                                                                                                                   | 321/3816 [03:35<36:16,  1.61it/s]", "step": null, "ts": 1741679307.8798985}]}, "version": 516, "at": 1741679307.8798985}
{"obj": {"type": "LogStrings", "path": ["monitoring", "f7379159", "stderr"], "values": [{"value": "\r  8%|\u2588\u2588\u2588\u2588\u2588\u2588\u2588\u2588\u2588\u2588\u2588\u2588\u2588\u2588\u2588                                                                                                                                                                   | 322/3816 [03:36<36:11,  1.61it/s]", "step": null, "ts": 1741679308.4985094}]}, "version": 517, "at": 1741679308.4985094}
{"obj": {"type": "LogStrings", "path": ["monitoring", "f7379159", "stderr"], "values": [{"value": "\r  8%|\u2588\u2588\u2588\u2588\u2588\u2588\u2588\u2588\u2588\u2588\u2588\u2588\u2588\u2588\u2588                                                                                                                                                                   | 323/3816 [03:37<36:05,  1.61it/s]", "step": null, "ts": 1741679309.1146162}]}, "version": 518, "at": 1741679309.1146162}
{"obj": {"type": "LogStrings", "path": ["monitoring", "f7379159", "stderr"], "values": [{"value": "\r  8%|\u2588\u2588\u2588\u2588\u2588\u2588\u2588\u2588\u2588\u2588\u2588\u2588\u2588\u2588\u2588                                                                                                                                                                   | 324/3816 [03:37<36:11,  1.61it/s]", "step": null, "ts": 1741679309.7407174}]}, "version": 519, "at": 1741679309.7407174}
{"obj": {"type": "LogStrings", "path": ["monitoring", "f7379159", "stderr"], "values": [{"value": "\r  9%|\u2588\u2588\u2588\u2588\u2588\u2588\u2588\u2588\u2588\u2588\u2588\u2588\u2588\u2588\u2588\u258f                                                                                                                                                                  | 325/3816 [03:38<36:21,  1.60it/s]", "step": null, "ts": 1741679310.373479}]}, "version": 520, "at": 1741679310.373479}
{"obj": {"type": "LogStrings", "path": ["monitoring", "f7379159", "stderr"], "values": [{"value": "\r  9%|\u2588\u2588\u2588\u2588\u2588\u2588\u2588\u2588\u2588\u2588\u2588\u2588\u2588\u2588\u2588\u258f                                                                                                                                                                  | 326/3816 [03:39<36:10,  1.61it/s]", "step": null, "ts": 1741679310.988208}]}, "version": 521, "at": 1741679310.988208}
{"obj": {"type": "LogFloats", "path": ["monitoring", "f7379159", "cpu"], "values": [{"value": 8.9, "step": null, "ts": 1741679311.1847572}]}, "version": 522, "at": 1741679311.1869643}
{"obj": {"type": "LogFloats", "path": ["monitoring", "f7379159", "memory"], "values": [{"value": 10.36441421508789, "step": null, "ts": 1741679311.1847572}]}, "version": 523, "at": 1741679311.1869643}
{"obj": {"type": "LogFloats", "path": ["monitoring", "f7379159", "gpu"], "values": [{"value": 97.0, "step": null, "ts": 1741679311.1847572}]}, "version": 524, "at": 1741679311.1869643}
{"obj": {"type": "LogFloats", "path": ["monitoring", "f7379159", "gpu_memory"], "values": [{"value": 2.877368927001953, "step": null, "ts": 1741679311.1847572}]}, "version": 525, "at": 1741679311.1869643}
{"obj": {"type": "LogStrings", "path": ["monitoring", "f7379159", "stderr"], "values": [{"value": "\r  9%|\u2588\u2588\u2588\u2588\u2588\u2588\u2588\u2588\u2588\u2588\u2588\u2588\u2588\u2588\u2588\u258e                                                                                                                                                                  | 327/3816 [03:39<36:13,  1.61it/s]", "step": null, "ts": 1741679311.613209}]}, "version": 526, "at": 1741679311.613209}
{"obj": {"type": "LogStrings", "path": ["monitoring", "f7379159", "stderr"], "values": [{"value": "\r  9%|\u2588\u2588\u2588\u2588\u2588\u2588\u2588\u2588\u2588\u2588\u2588\u2588\u2588\u2588\u2588\u258e                                                                                                                                                                  | 328/3816 [03:40<36:17,  1.60it/s]", "step": null, "ts": 1741679312.2426674}]}, "version": 527, "at": 1741679312.2426674}
{"obj": {"type": "LogStrings", "path": ["monitoring", "f7379159", "stderr"], "values": [{"value": "\r  9%|\u2588\u2588\u2588\u2588\u2588\u2588\u2588\u2588\u2588\u2588\u2588\u2588\u2588\u2588\u2588\u258e                                                                                                                                                                  | 329/3816 [03:40<36:17,  1.60it/s]", "step": null, "ts": 1741679312.8655243}]}, "version": 528, "at": 1741679312.8655243}
{"obj": {"type": "LogStrings", "path": ["monitoring", "f7379159", "stderr"], "values": [{"value": "\r  9%|\u2588\u2588\u2588\u2588\u2588\u2588\u2588\u2588\u2588\u2588\u2588\u2588\u2588\u2588\u2588\u258d                                                                                                                                                                  | 330/3816 [03:41<36:07,  1.61it/s]", "step": null, "ts": 1741679313.4809327}]}, "version": 529, "at": 1741679313.4809327}
{"obj": {"type": "LogStrings", "path": ["monitoring", "f7379159", "stderr"], "values": [{"value": "\r  9%|\u2588\u2588\u2588\u2588\u2588\u2588\u2588\u2588\u2588\u2588\u2588\u2588\u2588\u2588\u2588\u258d                                                                                                                                                                  | 331/3816 [03:42<36:03,  1.61it/s]", "step": null, "ts": 1741679314.0992687}]}, "version": 530, "at": 1741679314.0992687}
{"obj": {"type": "LogStrings", "path": ["monitoring", "f7379159", "stderr"], "values": [{"value": "\r  9%|\u2588\u2588\u2588\u2588\u2588\u2588\u2588\u2588\u2588\u2588\u2588\u2588\u2588\u2588\u2588\u258d                                                                                                                                                                  | 332/3816 [03:42<36:17,  1.60it/s]", "step": null, "ts": 1741679314.7346811}]}, "version": 531, "at": 1741679314.7346811}
{"obj": {"type": "LogStrings", "path": ["monitoring", "f7379159", "stderr"], "values": [{"value": "\r  9%|\u2588\u2588\u2588\u2588\u2588\u2588\u2588\u2588\u2588\u2588\u2588\u2588\u2588\u2588\u2588\u258c                                                                                                                                                                  | 333/3816 [03:43<36:09,  1.61it/s]", "step": null, "ts": 1741679315.3528342}]}, "version": 532, "at": 1741679315.3528342}
{"obj": {"type": "LogStrings", "path": ["monitoring", "f7379159", "stderr"], "values": [{"value": "\r  9%|\u2588\u2588\u2588\u2588\u2588\u2588\u2588\u2588\u2588\u2588\u2588\u2588\u2588\u2588\u2588\u258c                                                                                                                                                                  | 334/3816 [03:44<36:01,  1.61it/s]", "step": null, "ts": 1741679315.9684842}]}, "version": 533, "at": 1741679315.9684842}
{"obj": {"type": "LogStrings", "path": ["monitoring", "f7379159", "stderr"], "values": [{"value": "\r  9%|\u2588\u2588\u2588\u2588\u2588\u2588\u2588\u2588\u2588\u2588\u2588\u2588\u2588\u2588\u2588\u258b                                                                                                                                                                  | 335/3816 [03:44<36:09,  1.60it/s]", "step": null, "ts": 1741679316.5971544}]}, "version": 534, "at": 1741679316.5971544}
{"obj": {"type": "LogStrings", "path": ["monitoring", "f7379159", "stderr"], "values": [{"value": "\r  9%|\u2588\u2588\u2588\u2588\u2588\u2588\u2588\u2588\u2588\u2588\u2588\u2588\u2588\u2588\u2588\u258b                                                                                                                                                                  | 336/3816 [03:45<36:06,  1.61it/s]", "step": null, "ts": 1741679317.2183228}]}, "version": 535, "at": 1741679317.2183228}
{"obj": {"type": "LogStrings", "path": ["monitoring", "f7379159", "stderr"], "values": [{"value": "\r  9%|\u2588\u2588\u2588\u2588\u2588\u2588\u2588\u2588\u2588\u2588\u2588\u2588\u2588\u2588\u2588\u258b                                                                                                                                                                  | 337/3816 [03:45<36:08,  1.60it/s]", "step": null, "ts": 1741679317.8430388}]}, "version": 536, "at": 1741679317.8430388}
{"obj": {"type": "LogStrings", "path": ["monitoring", "f7379159", "stderr"], "values": [{"value": "\r  9%|\u2588\u2588\u2588\u2588\u2588\u2588\u2588\u2588\u2588\u2588\u2588\u2588\u2588\u2588\u2588\u258a                                                                                                                                                                  | 338/3816 [03:46<36:09,  1.60it/s]", "step": null, "ts": 1741679318.4677696}]}, "version": 537, "at": 1741679318.4677696}
{"obj": {"type": "LogStrings", "path": ["monitoring", "f7379159", "stderr"], "values": [{"value": "\r  9%|\u2588\u2588\u2588\u2588\u2588\u2588\u2588\u2588\u2588\u2588\u2588\u2588\u2588\u2588\u2588\u258a                                                                                                                                                                  | 339/3816 [03:47<36:08,  1.60it/s]", "step": null, "ts": 1741679319.091736}]}, "version": 538, "at": 1741679319.091736}
{"obj": {"type": "LogStrings", "path": ["monitoring", "f7379159", "stderr"], "values": [{"value": "\r  9%|\u2588\u2588\u2588\u2588\u2588\u2588\u2588\u2588\u2588\u2588\u2588\u2588\u2588\u2588\u2588\u258a                                                                                                                                                                  | 340/3816 [03:47<35:58,  1.61it/s]", "step": null, "ts": 1741679319.7059586}]}, "version": 539, "at": 1741679319.7059586}
{"obj": {"type": "LogStrings", "path": ["monitoring", "f7379159", "stderr"], "values": [{"value": "\r  9%|\u2588\u2588\u2588\u2588\u2588\u2588\u2588\u2588\u2588\u2588\u2588\u2588\u2588\u2588\u2588\u2589                                                                                                                                                                  | 341/3816 [03:48<36:08,  1.60it/s]", "step": null, "ts": 1741679320.3371186}]}, "version": 540, "at": 1741679320.3371186}
{"obj": {"type": "LogStrings", "path": ["monitoring", "f7379159", "stderr"], "values": [{"value": "\r  9%|\u2588\u2588\u2588\u2588\u2588\u2588\u2588\u2588\u2588\u2588\u2588\u2588\u2588\u2588\u2588\u2589                                                                                                                                                                  | 342/3816 [03:49<36:06,  1.60it/s]", "step": null, "ts": 1741679320.9600592}]}, "version": 541, "at": 1741679320.9600592}
{"obj": {"type": "LogFloats", "path": ["monitoring", "f7379159", "cpu"], "values": [{"value": 9.1, "step": null, "ts": 1741679321.1939533}]}, "version": 542, "at": 1741679321.1960135}
{"obj": {"type": "LogFloats", "path": ["monitoring", "f7379159", "memory"], "values": [{"value": 10.389713287353516, "step": null, "ts": 1741679321.1939533}]}, "version": 543, "at": 1741679321.1960135}
{"obj": {"type": "LogFloats", "path": ["monitoring", "f7379159", "gpu"], "values": [{"value": 97.0, "step": null, "ts": 1741679321.1939533}]}, "version": 544, "at": 1741679321.1960135}
{"obj": {"type": "LogFloats", "path": ["monitoring", "f7379159", "gpu_memory"], "values": [{"value": 2.877368927001953, "step": null, "ts": 1741679321.1939533}]}, "version": 545, "at": 1741679321.1980188}
{"obj": {"type": "LogStrings", "path": ["monitoring", "f7379159", "stderr"], "values": [{"value": "\r  9%|\u2588\u2588\u2588\u2588\u2588\u2588\u2588\u2588\u2588\u2588\u2588\u2588\u2588\u2588\u2588\u2589                                                                                                                                                                  | 343/3816 [03:49<36:00,  1.61it/s]", "step": null, "ts": 1741679321.5786214}]}, "version": 546, "at": 1741679321.5786214}
{"obj": {"type": "LogStrings", "path": ["monitoring", "f7379159", "stderr"], "values": [{"value": "\r  9%|\u2588\u2588\u2588\u2588\u2588\u2588\u2588\u2588\u2588\u2588\u2588\u2588\u2588\u2588\u2588\u2588                                                                                                                                                                  | 344/3816 [03:50<36:05,  1.60it/s]", "step": null, "ts": 1741679322.206233}]}, "version": 547, "at": 1741679322.206233}
{"obj": {"type": "LogStrings", "path": ["monitoring", "f7379159", "stderr"], "values": [{"value": "\r  9%|\u2588\u2588\u2588\u2588\u2588\u2588\u2588\u2588\u2588\u2588\u2588\u2588\u2588\u2588\u2588\u2588                                                                                                                                                                  | 345/3816 [03:50<36:01,  1.61it/s]", "step": null, "ts": 1741679322.8266435}]}, "version": 548, "at": 1741679322.8266435}
{"obj": {"type": "LogStrings", "path": ["monitoring", "f7379159", "stderr"], "values": [{"value": "\r  9%|\u2588\u2588\u2588\u2588\u2588\u2588\u2588\u2588\u2588\u2588\u2588\u2588\u2588\u2588\u2588\u2588\u258f                                                                                                                                                                 | 346/3816 [03:51<36:02,  1.60it/s]", "step": null, "ts": 1741679323.4505696}]}, "version": 549, "at": 1741679323.4505696}
{"obj": {"type": "LogStrings", "path": ["monitoring", "f7379159", "stderr"], "values": [{"value": "\r  9%|\u2588\u2588\u2588\u2588\u2588\u2588\u2588\u2588\u2588\u2588\u2588\u2588\u2588\u2588\u2588\u2588\u258f                                                                                                                                                                 | 347/3816 [03:52<35:59,  1.61it/s]", "step": null, "ts": 1741679324.0715756}]}, "version": 550, "at": 1741679324.0715756}
{"obj": {"type": "LogStrings", "path": ["monitoring", "f7379159", "stderr"], "values": [{"value": "\r  9%|\u2588\u2588\u2588\u2588\u2588\u2588\u2588\u2588\u2588\u2588\u2588\u2588\u2588\u2588\u2588\u2588\u258f                                                                                                                                                                 | 348/3816 [03:52<35:56,  1.61it/s]", "step": null, "ts": 1741679324.6921768}]}, "version": 551, "at": 1741679324.6921768}
{"obj": {"type": "LogStrings", "path": ["monitoring", "f7379159", "stderr"], "values": [{"value": "\r  9%|\u2588\u2588\u2588\u2588\u2588\u2588\u2588\u2588\u2588\u2588\u2588\u2588\u2588\u2588\u2588\u2588\u258e                                                                                                                                                                 | 349/3816 [03:53<35:58,  1.61it/s]", "step": null, "ts": 1741679325.3159153}]}, "version": 552, "at": 1741679325.3159153}
{"obj": {"type": "LogStrings", "path": ["monitoring", "f7379159", "stderr"], "values": [{"value": "\r  9%|\u2588\u2588\u2588\u2588\u2588\u2588\u2588\u2588\u2588\u2588\u2588\u2588\u2588\u2588\u2588\u2588\u258e                                                                                                                                                                 | 350/3816 [03:53<36:02,  1.60it/s]", "step": null, "ts": 1741679325.9428253}]}, "version": 553, "at": 1741679325.9428253}
{"obj": {"type": "LogStrings", "path": ["monitoring", "f7379159", "stderr"], "values": [{"value": "\r  9%|\u2588\u2588\u2588\u2588\u2588\u2588\u2588\u2588\u2588\u2588\u2588\u2588\u2588\u2588\u2588\u2588\u258e                                                                                                                                                                 | 351/3816 [03:54<35:49,  1.61it/s]", "step": null, "ts": 1741679326.5552099}]}, "version": 554, "at": 1741679326.5552099}
{"obj": {"type": "LogStrings", "path": ["monitoring", "f7379159", "stderr"], "values": [{"value": "\r  9%|\u2588\u2588\u2588\u2588\u2588\u2588\u2588\u2588\u2588\u2588\u2588\u2588\u2588\u2588\u2588\u2588\u258d                                                                                                                                                                 | 352/3816 [03:55<35:58,  1.61it/s]", "step": null, "ts": 1741679327.1843903}]}, "version": 555, "at": 1741679327.1843903}
{"obj": {"type": "LogStrings", "path": ["monitoring", "f7379159", "stderr"], "values": [{"value": "\r  9%|\u2588\u2588\u2588\u2588\u2588\u2588\u2588\u2588\u2588\u2588\u2588\u2588\u2588\u2588\u2588\u2588\u258d                                                                                                                                                                 | 353/3816 [03:55<35:59,  1.60it/s]", "step": null, "ts": 1741679327.8094952}]}, "version": 556, "at": 1741679327.8094952}
